id,latitude,longitude,cluster
1,39.864021,-104.672194,airport
2,39.737924,-105.008268,downtown
3,39.781446,-104.878473,central_park
4,39.741523,-104.976337,downtown
5,39.743778,-104.973805,downtown
6,39.750463,-104.939267,city_park
7,39.72309,-104.969113,wash_park
8,39.852977,-104.667816,airport
9,39.770216,-104.88047,central_park
10,39.747023,-105.003659,downtown
11,39.703426,-104.984755,wash_park
12,39.763342,-104.874488,central_park
13,39.690374,-104.986178,wash_park
14,39.855238,-104.677227,airport
15,39.738201,-104.985555,downtown
16,39.745699,-104.984558,downtown
17,39.849749,-104.665036,airport
18,39.736699,-104.962271,downtown
19,39.851358,-104.678356,airport
20,39.710057,-104.95997,wash_park
21,39.764367,-104.896798,central_park
22,39.865629,-104.691024,airport
23,39.74773,-104.988207,downtown
24,39.745008,-104.962443,downtown
25,39.76673,-104.868909,central_park
26,39.757523,-104.961802,city_park
27,39.739472,-104.974898,downtown
28,39.720787,-105.00329,downtown
29,39.75464,-104.914178,city_park
30,39.750614,-104.952984,city_park
31,39.726862,-105.005568,downtown
32,39.757034,-104.950427,city_park
33,39.746324,-104.890811,central_park
34,39.788431,-104.883619,central_park
35,39.848433,-104.675876,airport
36,39.864264,-104.665433,airport
37,39.767573,-104.962014,city_park
38,39.732926,-104.990328,downtown
39,39.778284,-104.892343,central_park
40,39.851638,-104.678071,airport
41,39.688163,-104.975104,wash_park
42,39.756852,-104.954962,city_park
43,39.757736,-105.000921,downtown
44,39.703779,-104.966122,wash_park
45,39.776499,-104.886662,central_park
46,39.763335,-104.946451,city_park
47,39.712858,-104.96016,wash_park
48,39.746083,-104.930757,city_park
49,39.75096,-104.940488,city_park
50,39.707611,-104.960112,wash_park
51,39.766182,-104.895418,central_park
52,39.75317,-104.9491,city_park
53,39.733053,-104.994872,downtown
54,39.751941,-104.982989,downtown
55,39.755619,-105.003614,downtown
56,39.74032,-104.972507,downtown
57,39.754979,-104.96954,downtown
58,39.838834,-104.670107,airport
59,39.706652,-104.964957,wash_park
60,39.73805,-104.948781,city_park
61,39.691665,-105.000624,wash_park
62,39.731747,-104.984025,downtown
63,39.772555,-104.877205,central_park
64,39.740873,-104.950429,city_park
65,39.748787,-104.996321,downtown
66,39.769438,-104.886202,central_park
67,39.786063,-104.91212,central_park
68,39.776005,-104.89089,central_park
69,39.750286,-104.943164,city_park
70,39.71815,-104.96627,downtown
71,39.741541,-105.00322,downtown
72,39.779649,-104.965437,city_park
73,39.854956,-104.680523,airport
74,39.752104,-104.993384,downtown
75,39.747956,-104.959117,city_park
76,39.836531,-104.674121,airport
77,39.743163,-104.991496,downtown
78,39.726798,-105.000419,downtown
79,39.754536,-104.973043,downtown
80,39.727681,-104.999633,downtown
81,39.737479,-104.962325,city_park
82,39.776999,-104.866736,central_park
83,39.727362,-104.979393,downtown
84,39.732456,-104.971972,downtown
85,39.70445,-104.979113,downtown
86,39.778703,-104.881309,central_park
87,39.75804,-105.000379,downtown
88,39.768502,-104.87986,central_park
89,39.701042,-104.985807,wash_park
90,39.771789,-104.886238,central_park
91,39.700495,-104.953137,wash_park
92,39.775792,-104.880559,central_park
93,39.731668,-104.993441,downtown
94,39.854736,-104.68163,airport
95,39.855084,-104.659858,airport
96,39.774999,-104.889347,central_park
97,39.747859,-104.954003,city_park
98,39.699924,-104.977097,wash_park
99,39.694987,-104.974045,wash_park
100,39.757647,-104.978978,downtown
101,39.754303,-104.891432,central_park
102,39.85922,-104.668675,airport
103,39.753561,-105.00299,downtown
104,39.778029,-104.889889,central_park
105,39.753099,-104.977729,downtown
106,39.760917,-104.875729,central_park
107,39.757288,-105.000534,downtown
108,39.780195,-104.907995,central_park
109,39.738442,-105.001045,downtown
110,39.77894,-104.907694,central_park
111,39.703145,-104.949002,wash_park
112,39.752935,-105.007379,downtown
113,39.743712,-105.002478,downtown
114,39.74122,-104.998576,downtown
115,39.74232,-104.980271,downtown
116,39.780416,-104.887005,central_park
117,39.833334,-104.653767,airport
118,39.752594,-104.957213,city_park
119,39.783621,-104.857291,central_park
120,39.747496,-104.982231,downtown
121,39.699682,-104.954911,wash_park
122,39.738155,-104.94461,city_park
123,39.739051,-104.990975,downtown
124,39.75702,-104.889577,central_park
125,39.700448,-104.98003,wash_park
126,39.734606,-104.999521,downtown
127,39.748414,-105.005924,downtown
128,39.735471,-104.978848,downtown
129,39.746524,-104.948994,city_park
130,39.761997,-104.961606,city_park
131,39.766171,-104.89174,central_park
132,39.756224,-104.954975,city_park
133,39.73522,-104.963429,city_park
134,39.741519,-104.952042,city_park
135,39.762503,-104.967448,city_park
136,39.749569,-104.982963,downtown
137,39.846678,-104.654634,airport
138,39.701674,-104.977573,wash_park
139,39.746606,-104.988925,downtown
140,39.750281,-104.95878,city_park
141,39.743491,-104.960744,city_park
142,39.848625,-104.673383,airport
143,39.872764,-104.673003,airport
144,39.71325,-104.962162,wash_park
145,39.750862,-104.994084,downtown
146,39.739298,-104.966994,downtown
147,39.752712,-104.971888,city_park
148,39.752292,-104.901581,central_park
149,39.760389,-104.897436,central_park
150,39.75411,-104.968224,city_park
151,39.772048,-104.898605,central_park
152,39.739447,-104.973204,downtown
153,39.691086,-104.972248,wash_park
154,39.74645,-104.985694,downtown
155,39.733913,-104.976754,downtown
156,39.741008,-104.971962,downtown
157,39.714411,-104.965178,wash_park
158,39.742124,-104.950876,city_park
159,39.758948,-104.963948,city_park
160,39.866686,-104.689714,airport
161,39.757305,-104.954586,city_park
162,39.719988,-104.993659,wash_park
163,39.747804,-104.970081,city_park
164,39.857396,-104.665398,airport
165,39.756902,-104.95303,city_park
166,39.851147,-104.669623,airport
167,39.757703,-104.942966,city_park
168,39.729062,-104.980743,downtown
169,39.73583,-104.995364,downtown
170,39.75728,-104.95136,city_park
171,39.731342,-104.972312,downtown
172,39.748238,-104.977661,city_park
173,39.740922,-104.989131,downtown
174,39.757281,-104.955006,city_park
175,39.858932,-104.690795,airport
176,39.711337,-104.972491,wash_park
177,39.74219,-104.985203,downtown
178,39.849647,-104.676992,airport
179,39.856742,-104.680932,airport
180,39.856036,-104.679618,airport
181,39.709666,-104.971262,wash_park
182,39.733491,-104.973601,downtown
183,39.75988,-104.873503,central_park
184,39.734079,-105.005998,downtown
185,39.741944,-105.013454,downtown
186,39.876908,-104.649938,airport
187,39.698935,-104.959603,wash_park
188,39.73887,-104.955411,city_park
189,39.707073,-104.975092,wash_park
190,39.760129,-104.901964,central_park
191,39.690049,-104.962301,wash_park
192,39.770213,-104.863366,central_park
193,39.737362,-104.953672,city_park
194,39.702747,-104.946711,wash_park
195,39.722671,-104.957158,wash_park
196,39.725807,-104.986677,downtown
197,39.767195,-104.950801,city_park
198,39.743416,-104.969448,downtown
199,39.750552,-105.003041,downtown
200,39.763472,-104.98844,downtown
201,39.737035,-105.003952,downtown
202,39.699747,-104.986102,wash_park
203,39.749178,-104.960112,city_park
204,39.736142,-104.999882,downtown
205,39.843969,-104.671231,airport
206,39.747771,-104.965752,city_park
207,39.704003,-104.960947,wash_park
208,39.740981,-104.984634,downtown
209,39.74849,-104.962657,city_park
210,39.72322,-104.98839,downtown
211,39.764441,-104.886509,central_park
212,39.741671,-104.982204,downtown
213,39.751511,-104.988983,downtown
214,39.751731,-104.99275,downtown
215,39.870227,-104.656472,airport
216,39.757105,-104.966244,city_park
217,39.742057,-104.952201,city_park
218,39.749825,-104.99525,downtown
219,39.701816,-104.96725,wash_park
220,39.861465,-104.671445,airport
221,39.845499,-104.637538,airport
222,39.740437,-105.006618,downtown
223,39.70685,-104.955578,wash_park
224,39.729435,-104.946617,city_park
225,39.76775,-104.869285,central_park
226,39.854589,-104.702785,airport
227,39.742763,-104.973189,downtown
228,39.74102,-104.986092,downtown
229,39.726421,-104.985371,downtown
230,39.741019,-104.971626,downtown
231,39.690382,-104.964788,wash_park
232,39.775798,-104.901336,central_park
233,39.865722,-104.678812,airport
234,39.734886,-104.975996,city_park
235,39.710428,-104.966864,wash_park
236,39.739115,-105.005873,downtown
237,39.750046,-104.97739,downtown
238,39.867126,-104.678683,airport
239,39.750496,-104.953343,city_park
240,39.744668,-104.946814,city_park
241,39.757672,-104.995708,downtown
242,39.893621,-104.688084,airport
243,39.85575,-104.670287,airport
244,39.690729,-104.966789,wash_park
245,39.778037,-104.87053,central_park
246,39.851732,-104.673427,airport
247,39.731755,-104.974821,downtown
248,39.765106,-104.868813,central_park
249,39.756453,-104.997725,downtown
250,39.847757,-104.67078,airport
251,39.749198,-104.992574,downtown
252,39.762601,-104.95631,city_park
253,39.742488,-104.95099,city_park
254,39.748567,-104.971803,city_park
255,39.708632,-104.955492,wash_park
256,39.758175,-104.877958,central_park
257,39.752707,-104.993061,downtown
258,39.746088,-104.977565,downtown
259,39.882084,-104.653019,airport
260,39.767647,-104.883561,central_park
261,39.689121,-104.969805,wash_park
262,39.745217,-104.932477,city_park
263,39.772999,-104.86982,central_park
264,39.758507,-104.96174,city_park
265,39.777781,-104.892277,central_park
266,39.684922,-104.955739,wash_park
267,39.751497,-104.963839,city_park
268,39.707655,-105.013314,downtown
269,39.755399,-104.943003,city_park
270,39.727338,-104.995115,downtown
271,39.745182,-104.948016,city_park
272,39.849536,-104.677516,airport
273,39.720907,-104.96463,wash_park
274,39.708718,-104.980982,wash_park
275,39.868192,-104.704165,airport
276,39.759495,-104.951732,city_park
277,39.870011,-104.691543,airport
278,39.737097,-104.957153,city_park
279,39.692687,-104.96062,wash_park
280,39.7133,-104.984268,downtown
281,39.734097,-105.00657,downtown
282,39.784376,-104.904021,central_park
283,39.741522,-104.937539,city_park
284,39.70688,-104.972332,wash_park
285,39.723899,-105.010141,downtown
286,39.772283,-104.8978,central_park
287,39.725657,-105.008445,downtown
288,39.740548,-104.979356,city_park
289,39.741582,-104.999883,downtown
290,39.755509,-104.943297,city_park
291,39.857711,-104.680765,airport
292,39.748772,-105.002404,downtown
293,39.743945,-104.993773,downtown
294,39.747808,-104.945788,city_park
295,39.746442,-105.014613,downtown
296,39.862001,-104.662849,airport
297,39.727033,-104.999256,downtown
298,39.747988,-104.931816,city_park
299,39.730596,-104.981162,downtown
300,39.727434,-104.997153,downtown
301,39.764756,-104.853186,central_park
302,39.854121,-104.65838,airport
303,39.855994,-104.677504,airport
304,39.834448,-104.673166,airport
305,39.743331,-105.005935,downtown
306,39.738896,-104.967649,city_park
307,39.853435,-104.691014,airport
308,39.690027,-104.988716,wash_park
309,39.852198,-104.661638,airport
310,39.855619,-104.678884,airport
311,39.739102,-104.997757,downtown
312,39.71334,-104.998145,downtown
313,39.764125,-104.966693,city_park
314,39.744386,-105.002573,downtown
315,39.704803,-104.980911,wash_park
316,39.744559,-104.991827,downtown
317,39.782742,-104.89983,central_park
318,39.790189,-104.889428,central_park
319,39.748423,-104.956944,city_park
320,39.733651,-104.949972,city_park
321,39.840071,-104.685004,airport
322,39.778172,-104.879488,central_park
323,39.74879,-105.000544,downtown
324,39.773147,-104.880733,central_park
325,39.712145,-104.975488,wash_park
326,39.76344,-104.932668,city_park
327,39.734683,-104.990049,downtown
328,39.779737,-104.875066,central_park
329,39.855059,-104.702664,airport
330,39.747719,-104.961945,city_park
331,39.757421,-104.946892,city_park
332,39.750461,-104.955928,city_park
333,39.725012,-104.944751,city_park
334,39.784845,-104.874329,central_park
335,39.757334,-104.95657,city_park
336,39.749885,-104.949307,city_park
337,39.690848,-104.965034,wash_park
338,39.854397,-104.675129,airport
339,39.70521,-104.963779,wash_park
340,39.871565,-104.665164,airport
341,39.743486,-104.966626,downtown
342,39.752094,-104.969678,downtown
343,39.74272,-104.995512,downtown
344,39.739175,-104.982869,downtown
345,39.857808,-104.673365,airport
346,39.70567,-104.959416,wash_park
347,39.75477,-104.983916,downtown
348,39.74769,-104.968643,city_park
349,39.700211,-104.970479,wash_park
350,39.750804,-104.956202,city_park
351,39.713142,-104.980808,wash_park
352,39.751453,-104.955953,city_park
353,39.735594,-104.944413,city_park
354,39.751295,-104.95752,city_park
355,39.736335,-104.993083,downtown
356,39.730748,-105.001528,downtown
357,39.751491,-104.990798,downtown
358,39.744396,-104.958373,city_park
359,39.713732,-104.983903,wash_park
360,39.703732,-104.97821,wash_park
361,39.749226,-104.944182,city_park
362,39.744138,-104.952298,city_park
363,39.743076,-104.965006,city_park
364,39.7425,-104.992381,downtown
365,39.708755,-104.96701,wash_park
366,39.709825,-104.984162,wash_park
367,39.847818,-104.67775,airport
368,39.730235,-104.976175,downtown
369,39.715798,-104.984135,wash_park
370,39.764983,-104.89159,central_park
371,39.859492,-104.65663,airport
372,39.754225,-104.975721,downtown
373,39.749034,-104.97063,city_park
374,39.720252,-104.996875,wash_park
375,39.694154,-104.981269,wash_park
376,39.756172,-105.000027,downtown
377,39.745795,-104.973367,downtown
378,39.738608,-104.989178,downtown
379,39.763245,-104.889916,central_park
380,39.737528,-104.992523,downtown
381,39.707268,-104.957777,wash_park
382,39.728249,-104.976315,downtown
383,39.70116,-104.972084,wash_park
384,39.746822,-104.976394,downtown
385,39.854061,-104.656197,airport
386,39.740536,-104.951586,city_park
387,39.713004,-104.961658,wash_park
388,39.734184,-105.002782,downtown
389,39.865724,-104.670312,airport
390,39.86456,-104.673209,airport
391,39.744199,-104.9833,downtown
392,39.75576,-104.989334,downtown
393,39.727817,-104.977506,downtown
394,39.75706,-104.973825,city_park
395,39.741099,-104.992993,downtown
396,39.756714,-105.001655,downtown
397,39.842019,-104.682097,airport
398,39.749539,-104.953369,city_park
399,39.743597,-105.006092,downtown
400,39.708761,-104.97249,wash_park
401,39.70556,-104.954014,wash_park
402,39.741164,-104.9487,city_park
403,39.736175,-104.983988,downtown
404,39.757007,-104.945588,city_park
405,39.763075,-104.869303,central_park
406,39.707918,-104.978085,wash_park
407,39.743618,-104.974888,downtown
408,39.701507,-104.976211,wash_park
409,39.688253,-104.969257,wash_park
410,39.683449,-104.9614,wash_park
411,39.846863,-104.68632,airport
412,39.768511,-104.889922,central_park
413,39.73126,-104.98668,downtown
414,39.750366,-104.985364,downtown
415,39.735932,-104.989078,downtown
416,39.722707,-104.958881,wash_park
417,39.763578,-104.89444,central_park
418,39.731305,-104.962115,city_park
419,39.755182,-104.878209,central_park
420,39.851164,-104.661419,airport
421,39.743526,-104.988174,downtown
422,39.763731,-104.869185,central_park
423,39.751528,-104.946996,city_park
424,39.736707,-104.949578,city_park
425,39.733512,-104.983287,downtown
426,39.740885,-104.941235,city_park
427,39.702779,-104.97354,wash_park
428,39.735643,-104.999135,downtown
429,39.692945,-104.991743,wash_park
430,39.765887,-104.871261,central_park
431,39.723823,-104.964842,downtown
432,39.845635,-104.663569,airport
433,39.768944,-104.87414,central_park
434,39.710758,-104.986482,wash_park
435,39.703928,-104.988205,wash_park
436,39.741622,-104.965,city_park
437,39.743902,-104.94925,city_park
438,39.750123,-104.994772,downtown
439,39.741801,-104.986642,downtown
440,39.718816,-104.957772,wash_park
441,39.707066,-104.972222,wash_park
442,39.739742,-104.996627,downtown
443,39.757884,-104.935714,city_park
444,39.707181,-104.976728,wash_park
445,39.735274,-104.945424,city_park
446,39.731508,-104.986924,downtown
447,39.693273,-104.965323,wash_park
448,39.743251,-105.002897,downtown
449,39.688642,-104.94852,wash_park
450,39.764599,-104.882672,central_park
451,39.722351,-104.960364,city_park
452,39.706728,-104.976213,wash_park
453,39.726339,-105.009239,downtown
454,39.871559,-104.659755,airport
455,39.768791,-104.865126,central_park
456,39.743876,-104.994098,downtown
457,39.754688,-104.957809,city_park
458,39.746638,-104.952738,city_park
459,39.731867,-104.990411,downtown
460,39.77081,-104.88297,central_park
461,39.7802,-104.899729,central_park
462,39.710337,-104.962492,wash_park
463,39.703183,-104.976187,wash_park
464,39.704027,-104.969609,wash_park
465,39.738494,-104.967537,downtown
466,39.746254,-104.96955,city_park
467,39.737193,-104.980431,downtown
468,39.723635,-104.980005,downtown
469,39.764649,-104.93829,city_park
470,39.868072,-104.672211,airport
471,39.745766,-104.980328,downtown
472,39.856715,-104.661265,airport
473,39.879383,-104.657031,airport
474,39.72746,-104.992627,downtown
475,39.76312,-104.888985,central_park
476,39.729466,-104.980443,city_park
477,39.756736,-104.988145,downtown
478,39.737695,-105.007085,downtown
479,39.704164,-104.980743,wash_park
480,39.721634,-104.99657,downtown
481,39.741235,-105.00349,downtown
482,39.843741,-104.689843,airport
483,39.741012,-105.003396,downtown
484,39.745619,-104.988124,downtown
485,39.750197,-104.996172,downtown
486,39.765134,-104.88745,central_park
487,39.708399,-104.959486,wash_park
488,39.710973,-104.978049,wash_park
489,39.725024,-104.971727,downtown
490,39.712799,-104.977293,wash_park
491,39.760771,-104.884664,central_park
492,39.754658,-104.887606,central_park
493,39.716946,-104.962244,wash_park
494,39.696554,-104.972977,wash_park
495,39.734657,-104.999,downtown
496,39.842419,-104.66548,airport
497,39.76749,-104.948625,city_park
498,39.756012,-104.955112,city_park
499,39.77624,-104.886524,central_park
500,39.844359,-104.657373,airport
501,39.861408,-104.675647,airport
502,39.85662,-104.676832,airport
503,39.740902,-105.001579,downtown
504,39.735567,-104.961708,city_park
505,39.865252,-104.677358,airport
506,39.694022,-104.9766,wash_park
507,39.743529,-104.962343,city_park
508,39.738143,-105.004352,downtown
509,39.740787,-104.958533,city_park
510,39.707574,-104.976979,downtown
511,39.749261,-104.997289,downtown
512,39.745804,-105.00081,downtown
513,39.768466,-104.883261,central_park
514,39.861056,-104.68239,airport
515,39.750674,-104.984348,downtown
516,39.781881,-104.900218,central_park
517,39.760978,-104.90123,central_park
518,39.752844,-104.949447,city_park
519,39.739779,-104.992981,downtown
520,39.843838,-104.657815,airport
521,39.852861,-104.676996,airport
522,39.755131,-104.990349,downtown
523,39.750237,-104.977182,city_park
524,39.753325,-104.993271,downtown
525,39.744092,-104.964983,city_park
526,39.775201,-104.901839,central_park
527,39.749608,-104.992988,downtown
528,39.77734,-104.882892,central_park
529,39.74371,-104.981194,downtown
530,39.691505,-104.946497,wash_park
531,39.776806,-104.892509,central_park
532,39.85119,-104.675649,airport
533,39.727643,-104.993261,downtown
534,39.744602,-104.992791,downtown
535,39.853599,-104.689781,airport
536,39.687795,-104.978723,wash_park
537,39.752942,-104.985457,downtown
538,39.846166,-104.690355,airport
539,39.740459,-104.965799,city_park
540,39.849919,-104.644565,airport
541,39.753121,-104.972173,city_park
542,39.742352,-104.988433,downtown
543,39.741278,-104.954199,city_park
544,39.85,-104.656055,airport
545,39.722451,-104.995064,wash_park
546,39.730376,-104.979101,downtown
547,39.731485,-104.98832,downtown
548,39.745995,-104.984622,downtown
549,39.742345,-104.961011,city_park
550,39.777287,-104.875986,central_park
551,39.849584,-104.654895,airport
552,39.736297,-104.956303,city_park
553,39.763047,-104.986103,downtown
554,39.754809,-104.956736,city_park
555,39.759103,-104.950621,city_park
556,39.766117,-104.896158,central_park
557,39.754088,-104.96544,city_park
558,39.770107,-104.905185,central_park
559,39.737457,-104.945879,city_park
560,39.735508,-104.991839,downtown
561,39.748732,-104.964681,city_park
562,39.77037,-104.890467,central_park
563,39.758511,-104.871792,central_park
564,39.754752,-104.997832,downtown
565,39.727444,-104.991109,downtown
566,39.745065,-104.982108,downtown
567,39.734842,-104.950626,city_park
568,39.741516,-104.940408,city_park
569,39.755569,-104.99146,downtown
570,39.729505,-104.97101,downtown
571,39.745836,-104.964792,city_park
572,39.694867,-104.95678,wash_park
573,39.757061,-104.895754,central_park
574,39.704118,-104.97258,wash_park
575,39.765105,-104.959309,city_park
576,39.690877,-104.978991,wash_park
577,39.862845,-104.658865,airport
578,39.859165,-104.679403,airport
579,39.879956,-104.667946,airport
580,39.747815,-104.989064,downtown
581,39.735446,-105.001783,downtown
582,39.722828,-104.98167,wash_park
583,39.710039,-104.967505,wash_park
584,39.732507,-104.974549,downtown
585,39.745595,-104.948185,city_park
586,39.767373,-104.875612,central_park
587,39.702391,-104.986944,wash_park
588,39.851067,-104.678701,airport
589,39.732533,-104.993357,downtown
590,39.770066,-104.875529,central_park
591,39.736763,-105.000363,downtown
592,39.755491,-104.99895,downtown
593,39.750032,-104.977803,downtown
594,39.766327,-104.957756,city_park
595,39.775287,-104.894361,central_park
596,39.73714,-105.001086,downtown
597,39.747538,-104.941306,city_park
598,39.716627,-104.996997,downtown
599,39.865097,-104.661096,airport
600,39.856805,-104.655855,airport
601,39.745874,-104.958004,city_park
602,39.747062,-104.960409,city_park
603,39.717637,-104.969506,wash_park
604,39.753004,-104.869507,central_park
605,39.765897,-104.88387,central_park
606,39.766269,-104.869409,central_park
607,39.783556,-104.876643,central_park
608,39.744051,-104.982789,city_park
609,39.781883,-104.86288,central_park
610,39.769183,-105.010187,downtown
611,39.724522,-104.954183,city_park
612,39.790792,-104.896004,central_park
613,39.734863,-104.992668,downtown
614,39.766023,-104.849772,central_park
615,39.724397,-104.953916,city_park
616,39.766086,-104.883432,central_park
617,39.744991,-104.97896,downtown
618,39.745574,-104.972252,downtown
619,39.689675,-104.978342,wash_park
620,39.75239,-105.010405,downtown
621,39.70076,-104.97049,wash_park
622,39.858293,-104.667641,airport
623,39.739295,-104.980972,downtown
624,39.739786,-105.020074,downtown
625,39.738943,-104.992094,downtown
626,39.85484,-104.677723,airport
627,39.735637,-104.978835,downtown
628,39.760329,-104.966458,city_park
629,39.755675,-104.972329,downtown
630,39.733913,-104.995867,downtown
631,39.748685,-104.973956,downtown
632,39.8452,-104.666058,airport
633,39.733637,-104.95914,city_park
634,39.739467,-104.970184,downtown
635,39.781973,-104.878576,central_park
636,39.716367,-104.962711,wash_park
637,39.72786,-104.9945,downtown
638,39.861349,-104.665048,airport
639,39.753052,-104.949571,city_park
640,39.866152,-104.665944,airport
641,39.69351,-104.965847,wash_park
642,39.758416,-104.950256,city_park
643,39.703322,-104.98188,wash_park
644,39.704654,-104.985764,wash_park
645,39.737169,-104.98669,downtown
646,39.775967,-104.886813,central_park
647,39.782551,-104.882563,central_park
648,39.707749,-105.003056,wash_park
649,39.828517,-104.655601,airport
650,39.762874,-104.974098,city_park
651,39.74196,-104.971115,city_park
652,39.742733,-104.964118,city_park
653,39.727266,-104.993715,downtown
654,39.705142,-104.969014,wash_park
655,39.734723,-104.973168,downtown
656,39.729753,-104.959453,city_park
657,39.734638,-104.982369,downtown
658,39.771735,-104.8908,central_park
659,39.690103,-104.960061,wash_park
660,39.779261,-104.8842,central_park
661,39.752397,-104.986909,downtown
662,39.720664,-104.964065,wash_park
663,39.748688,-104.946641,city_park
664,39.783604,-104.880066,central_park
665,39.745714,-105.008122,downtown
666,39.726998,-105.000649,downtown
667,39.737423,-104.983977,downtown
668,39.85763,-104.663722,airport
669,39.758714,-104.99815,downtown
670,39.765082,-104.894013,central_park
671,39.771473,-104.959954,city_park
672,39.858054,-104.683949,airport
673,39.753752,-104.945598,city_park
674,39.685812,-104.966133,wash_park
675,39.734431,-105.011257,downtown
676,39.748276,-104.897016,central_park
677,39.861065,-104.667019,airport
678,39.72554,-105.011907,downtown
679,39.718424,-104.959423,wash_park
680,39.737468,-104.972462,downtown
681,39.860626,-104.679226,airport
682,39.702944,-104.985153,wash_park
683,39.754139,-104.962896,city_park
684,39.795916,-104.882284,central_park
685,39.801662,-104.853231,central_park
686,39.748634,-104.938675,city_park
687,39.750114,-104.998031,downtown
688,39.695961,-104.959899,wash_park
689,39.74713,-104.940647,city_park
690,39.77097,-104.93534,city_park
691,39.759847,-104.977485,city_park
692,39.736976,-104.947056,city_park
693,39.743929,-104.982896,downtown
694,39.763362,-104.890952,central_park
695,39.734498,-104.980016,downtown
696,39.690419,-104.969923,wash_park
697,39.855246,-104.651443,airport
698,39.765192,-104.895833,central_park
699,39.740898,-104.997318,downtown
700,39.682754,-104.968037,wash_park
701,39.745813,-104.958247,city_park
702,39.752958,-105.014044,downtown
703,39.857028,-104.686024,airport
704,39.706824,-104.951321,wash_park
705,39.729541,-104.990718,downtown
706,39.849184,-104.688093,airport
707,39.746851,-104.954895,city_park
708,39.868344,-104.672604,airport
709,39.741041,-104.990615,downtown
710,39.696678,-104.989308,wash_park
711,39.776021,-104.881636,central_park
712,39.743563,-104.976593,downtown
713,39.703907,-104.958004,wash_park
714,39.737282,-104.94638,city_park
715,39.774794,-104.866993,central_park
716,39.69376,-104.989511,wash_park
717,39.713128,-104.963505,wash_park
718,39.857393,-104.673129,airport
719,39.728532,-104.990289,downtown
720,39.686911,-104.979533,wash_park
721,39.736297,-104.990923,downtown
722,39.75333,-105.00879,downtown
723,39.751764,-104.95364,city_park
724,39.782884,-104.894136,central_park
725,39.747034,-104.994813,downtown
726,39.758231,-104.895424,central_park
727,39.701788,-104.967136,wash_park
728,39.740335,-104.967574,downtown
729,39.755147,-104.961522,city_park
730,39.724052,-104.942381,wash_park
731,39.677937,-104.970162,wash_park
732,39.721572,-104.981473,downtown
733,39.742165,-105.019957,downtown
734,39.748362,-104.957911,city_park
735,39.750802,-104.990949,downtown
736,39.757915,-104.959612,city_park
737,39.853847,-104.678,airport
738,39.860799,-104.691806,airport
739,39.748129,-104.974699,downtown
740,39.855533,-104.68415,airport
741,39.747781,-104.989964,downtown
742,39.747339,-104.948651,city_park
743,39.727131,-104.985478,downtown
744,39.75722,-104.953158,city_park
745,39.731971,-104.996441,downtown
746,39.745425,-104.943521,city_park
747,39.756852,-105.00546,downtown
748,39.767016,-104.888196,central_park
749,39.753443,-104.94722,city_park
750,39.757848,-104.950038,city_park
751,39.744019,-104.954525,city_park
752,39.7395,-104.973496,downtown
753,39.857696,-104.668323,airport
754,39.747726,-104.993708,downtown
755,39.85908,-104.683817,airport
756,39.747123,-105.012091,downtown
757,39.778269,-104.877035,central_park
758,39.77514,-104.875071,central_park
759,39.780641,-104.886945,central_park
760,39.843023,-104.672812,airport
761,39.726093,-104.974779,downtown
762,39.757722,-104.944858,city_park
763,39.841586,-104.678835,airport
764,39.866747,-104.677586,airport
765,39.697314,-104.966244,wash_park
766,39.863583,-104.693109,airport
767,39.733835,-104.954926,city_park
768,39.730595,-105.006273,downtown
769,39.732343,-104.95355,wash_park
770,39.738348,-104.946674,city_park
771,39.768014,-104.899034,central_park
772,39.691501,-104.950301,wash_park
773,39.745277,-104.95886,city_park
774,39.699863,-104.979397,wash_park
775,39.88367,-104.664246,airport
776,39.8426,-104.661871,airport
777,39.771181,-104.88426,central_park
778,39.727132,-104.991273,downtown
779,39.846427,-104.679636,airport
780,39.749865,-104.970836,city_park
781,39.746747,-104.952786,city_park
782,39.717132,-104.974857,downtown
783,39.744348,-104.992716,downtown
784,39.732658,-104.988037,downtown
785,39.737382,-104.953077,city_park
786,39.852554,-104.664495,airport
787,39.719583,-104.954555,wash_park
788,39.853451,-104.680151,airport
789,39.772737,-104.877575,central_park
790,39.715739,-105.001416,downtown
791,39.733917,-104.985995,downtown
792,39.853884,-104.672492,airport
793,39.860453,-104.6585,airport
794,39.746095,-104.962819,city_park
795,39.706297,-104.974023,wash_park
796,39.743662,-104.995862,downtown
797,39.731675,-104.987833,downtown
798,39.758439,-104.887968,central_park
799,39.845923,-104.683973,airport
800,39.747028,-105.004027,downtown
801,39.702706,-104.9797,wash_park
802,39.86072,-104.670433,airport
803,39.737032,-104.983127,downtown
804,39.845715,-104.674549,airport
805,39.734426,-104.985166,downtown
806,39.85109,-104.689897,airport
807,39.761585,-104.889707,central_park
808,39.734877,-104.978226,downtown
809,39.738322,-104.98901,downtown
810,39.749465,-105.01866,downtown
811,39.732814,-104.954424,city_park
812,39.7542,-104.966741,city_park
813,39.755803,-104.986387,downtown
814,39.737268,-104.975577,downtown
815,39.723316,-104.985062,downtown
816,39.700335,-104.971808,wash_park
817,39.742126,-105.012364,downtown
818,39.749284,-104.958141,city_park
819,39.676,-104.980432,wash_park
820,39.747244,-105.00784,downtown
821,39.75013,-104.990357,downtown
822,39.743578,-105.002086,downtown
823,39.773679,-104.893711,central_park
824,39.69709,-104.975852,wash_park
825,39.700953,-104.975356,wash_park
826,39.741033,-104.98243,downtown
827,39.734391,-104.982442,downtown
828,39.741033,-104.938244,city_park
829,39.737051,-104.96673,downtown
830,39.770577,-104.889847,central_park
831,39.777483,-104.911216,central_park
832,39.775995,-104.889636,central_park
833,39.772532,-104.866082,central_park
834,39.706082,-104.987975,wash_park
835,39.741006,-104.959438,city_park
836,39.734469,-104.949948,city_park
837,39.782539,-104.877022,central_park
838,39.74804,-104.994785,downtown
839,39.772172,-104.884253,central_park
840,39.703245,-104.98933,wash_park
841,39.743162,-104.964697,city_park
842,39.732354,-104.992105,downtown
843,39.749877,-104.945781,city_park
844,39.698119,-104.956574,wash_park
845,39.846961,-104.672687,airport
846,39.86047,-104.672054,airport
847,39.700014,-104.968447,wash_park
848,39.772157,-104.884841,central_park
849,39.777008,-104.867486,central_park
850,39.735741,-104.996013,downtown
851,39.770308,-104.867702,central_park
852,39.724205,-104.971578,downtown
853,39.732409,-104.984088,downtown
854,39.857552,-104.656268,airport
855,39.716382,-104.969907,wash_park
856,39.74145,-104.972388,downtown
857,39.733021,-105.01114,downtown
858,39.767797,-104.882003,central_park
859,39.727179,-104.977268,downtown
860,39.731202,-104.967476,downtown
861,39.741657,-105.010155,downtown
862,39.744747,-104.990595,downtown
863,39.76247,-104.954075,city_park
864,39.745576,-104.971625,city_park
865,39.726252,-104.980672,downtown
866,39.776436,-104.882139,central_park
867,39.696674,-104.976303,wash_park
868,39.770336,-104.878947,central_park
869,39.750159,-104.982606,downtown
870,39.842546,-104.686746,airport
871,39.864557,-104.688065,airport
872,39.727338,-104.991894,downtown
873,39.704054,-104.966143,wash_park
874,39.783717,-104.888941,central_park
875,39.725774,-104.990258,downtown
876,39.777152,-104.959935,city_park
877,39.785913,-104.867426,central_park
878,39.846047,-104.660088,airport
879,39.721456,-104.975811,wash_park
880,39.746307,-104.986447,downtown
881,39.75559,-104.982446,downtown
882,39.739851,-104.965228,city_park
883,39.746763,-104.959751,city_park
884,39.741988,-104.961446,city_park
885,39.732477,-104.990874,downtown
886,39.695304,-104.972708,wash_park
887,39.863757,-104.689342,airport
888,39.734072,-105.008717,downtown
889,39.708968,-104.968187,wash_park
890,39.734883,-104.950252,city_park
891,39.738343,-105.009988,downtown
892,39.735135,-105.008311,downtown
893,39.750841,-104.994548,downtown
894,39.703896,-104.977131,wash_park
895,39.740737,-104.999614,downtown
896,39.772828,-104.887903,central_park
897,39.7045,-104.965682,wash_park
898,39.701451,-104.972226,wash_park
899,39.740492,-104.944127,city_park
900,39.850928,-104.666895,airport
901,39.724878,-104.998909,downtown
902,39.736203,-104.9905,downtown
903,39.772887,-104.87145,central_park
904,39.761588,-104.932532,city_park
905,39.751562,-104.893667,central_park
906,39.697294,-104.964869,wash_park
907,39.746523,-104.964381,city_park
908,39.730966,-104.980143,downtown
909,39.780258,-104.865425,central_park
910,39.776123,-104.88629,central_park
911,39.744108,-104.93231,city_park
912,39.738005,-104.990797,downtown
913,39.731363,-104.994286,downtown
914,39.843058,-104.670091,airport
915,39.748934,-104.962834,city_park
916,39.772994,-104.89398,central_park
917,39.733049,-104.985618,downtown
918,39.750128,-105.011086,downtown
919,39.787134,-104.884839,central_park
920,39.704332,-104.975565,wash_park
921,39.748865,-104.941072,city_park
922,39.754968,-104.990662,downtown
923,39.757977,-105.002454,downtown
924,39.745066,-104.966037,city_park
925,39.77636,-104.882265,central_park
926,39.740878,-104.994583,downtown
927,39.832416,-104.661397,airport
928,39.7386,-104.979886,downtown
929,39.700032,-104.988636,wash_park
930,39.738658,-104.985617,downtown
931,39.741679,-105.005928,downtown
932,39.74494,-104.978756,downtown
933,39.722802,-104.961943,city_park
934,39.736389,-104.981508,downtown
935,39.747548,-104.975026,downtown
936,39.70406,-104.973253,wash_park
937,39.702946,-104.965366,wash_park
938,39.731799,-104.97896,downtown
939,39.854148,-104.637081,airport
940,39.730149,-104.982858,downtown
941,39.70501,-104.956638,wash_park
942,39.70599,-104.968567,wash_park
943,39.710261,-104.970694,wash_park
944,39.695199,-104.957824,wash_park
945,39.849373,-104.678293,airport
946,39.708617,-104.969402,wash_park
947,39.767577,-104.882807,central_park
948,39.776792,-104.894459,central_park
949,39.733316,-104.988534,downtown
950,39.860464,-104.68453,airport
951,39.73669,-104.99705,downtown
952,39.742317,-104.981325,downtown
953,39.786067,-104.881398,central_park
954,39.736318,-104.978427,downtown
955,39.863614,-104.670066,airport
956,39.74569,-104.966607,downtown
957,39.735739,-104.970817,city_park
958,39.722413,-104.971393,wash_park
959,39.736933,-104.958815,city_park
960,39.762585,-104.885179,central_park
961,39.736251,-104.98264,downtown
962,39.77312,-104.889103,central_park
963,39.755726,-104.888765,central_park
964,39.777032,-104.885897,central_park
965,39.854192,-104.651729,airport
966,39.803992,-104.871151,central_park
967,39.749383,-105.00792,downtown
968,39.758271,-104.974632,city_park
969,39.72406,-105.002238,downtown
970,39.858151,-104.675177,airport
971,39.717185,-104.975,wash_park
972,39.867356,-104.640662,airport
973,39.763912,-104.884496,central_park
974,39.754138,-104.950309,city_park
975,39.738835,-104.990373,downtown
976,39.774088,-104.878947,central_park
977,39.721829,-104.981304,wash_park
978,39.752366,-104.988111,downtown
979,39.775452,-104.90796,central_park
980,39.781877,-104.887847,central_park
981,39.768843,-104.881622,central_park
982,39.743032,-104.984988,downtown
983,39.779111,-104.914477,central_park
984,39.868169,-104.645623,airport
985,39.871958,-104.682824,airport
986,39.733935,-104.994251,downtown
987,39.737233,-104.996102,downtown
988,39.728121,-104.979249,wash_park
989,39.773897,-104.956117,city_park
990,39.721171,-105.00652,downtown
991,39.774848,-104.869763,central_park
992,39.782991,-104.869656,central_park
993,39.745226,-104.991104,downtown
994,39.785833,-104.875025,central_park
995,39.864335,-104.682231,airport
996,39.739211,-104.985804,downtown
997,39.739594,-104.989918,downtown
998,39.74512,-104.986456,city_park
999,39.762753,-104.884491,central_park
1000,39.757184,-104.94684,city_park
1001,39.763614,-104.899865,central_park
1002,39.756498,-104.979934,downtown
1003,39.728899,-104.963472,downtown
1004,39.743869,-104.980093,downtown
1005,39.684554,-104.977471,wash_park
1006,39.727746,-104.999519,downtown
1007,39.771444,-104.949451,city_park
1008,39.743699,-104.99478,downtown
1009,39.74099,-104.982812,downtown
1010,39.853272,-104.692819,airport
1011,39.737751,-104.981635,downtown
1012,39.721973,-105.00031,downtown
1013,39.732424,-104.980575,downtown
1014,39.73209,-105.004129,downtown
1015,39.745241,-104.989117,downtown
1016,39.755971,-104.978915,downtown
1017,39.729934,-104.981947,downtown
1018,39.866635,-104.66555,airport
1019,39.746423,-104.997894,downtown
1020,39.747067,-104.941624,city_park
1021,39.738785,-104.986049,downtown
1022,39.702902,-104.974412,wash_park
1023,39.713524,-104.998511,downtown
1024,39.838006,-104.681302,airport
1025,39.694199,-104.962729,wash_park
1026,39.752098,-104.881095,central_park
1027,39.766988,-104.942668,city_park
1028,39.683521,-104.97034,wash_park
1029,39.69888,-104.984998,wash_park
1030,39.739478,-104.997686,downtown
1031,39.790403,-104.888796,central_park
1032,39.712769,-104.973729,downtown
1033,39.762046,-104.955289,city_park
1034,39.703911,-104.943649,wash_park
1035,39.781546,-104.880139,central_park
1036,39.744299,-104.946434,city_park
1037,39.760307,-104.970056,city_park
1038,39.845774,-104.675469,airport
1039,39.755948,-104.94218,city_park
1040,39.72614,-104.980109,wash_park
1041,39.862712,-104.66786,airport
1042,39.742278,-104.944741,city_park
1043,39.734353,-104.953513,city_park
1044,39.738314,-104.983697,downtown
1045,39.855125,-104.676866,airport
1046,39.768891,-104.877295,central_park
1047,39.723739,-104.982209,wash_park
1048,39.742691,-104.999597,downtown
1049,39.723786,-104.989325,downtown
1050,39.742851,-104.99503,downtown
1051,39.754986,-104.87715,central_park
1052,39.726722,-104.981668,downtown
1053,39.743677,-104.968588,downtown
1054,39.706198,-104.99407,wash_park
1055,39.699143,-104.970676,wash_park
1056,39.733805,-104.990577,downtown
1057,39.77426,-104.887,central_park
1058,39.748681,-105.010123,downtown
1059,39.717665,-104.983047,downtown
1060,39.702205,-104.947903,wash_park
1061,39.744609,-104.95964,city_park
1062,39.729858,-104.978726,downtown
1063,39.748331,-105.001898,downtown
1064,39.750166,-104.968516,downtown
1065,39.701929,-104.979114,wash_park
1066,39.754781,-104.941645,city_park
1067,39.7815,-104.898548,central_park
1068,39.854872,-104.661471,airport
1069,39.742433,-105.010429,downtown
1070,39.751464,-104.999444,downtown
1071,39.863716,-104.673213,airport
1072,39.69608,-104.940537,wash_park
1073,39.847473,-104.668327,airport
1074,39.739059,-104.976845,downtown
1075,39.860629,-104.684481,airport
1076,39.724502,-104.991578,downtown
1077,39.69484,-104.95769,wash_park
1078,39.854665,-104.668224,airport
1079,39.753468,-104.991554,downtown
1080,39.771397,-104.866136,central_park
1081,39.77078,-104.878479,central_park
1082,39.719617,-104.982797,wash_park
1083,39.69311,-104.980371,wash_park
1084,39.85348,-104.690932,airport
1085,39.771884,-104.872525,central_park
1086,39.763307,-104.950855,city_park
1087,39.862036,-104.655736,airport
1088,39.722083,-104.994842,downtown
1089,39.766891,-104.897592,central_park
1090,39.716028,-104.990669,wash_park
1091,39.743479,-104.986686,downtown
1092,39.745281,-105.009307,downtown
1093,39.735335,-105.000111,downtown
1094,39.729056,-104.974664,downtown
1095,39.741327,-105.000759,downtown
1096,39.733866,-104.967767,downtown
1097,39.75684,-104.966822,city_park
1098,39.79142,-104.874104,central_park
1099,39.754599,-104.963703,city_park
1100,39.757704,-104.982453,downtown
1101,39.742352,-104.978584,downtown
1102,39.865311,-104.681048,airport
1103,39.735481,-105.010666,downtown
1104,39.743759,-104.96049,city_park
1105,39.864091,-104.673416,airport
1106,39.713323,-104.952204,wash_park
1107,39.748366,-104.960133,city_park
1108,39.849307,-104.682772,airport
1109,39.770439,-104.882773,central_park
1110,39.738024,-104.988854,downtown
1111,39.742448,-104.99706,downtown
1112,39.850808,-104.680186,airport
1113,39.853164,-104.668471,airport
1114,39.742869,-104.958836,city_park
1115,39.702527,-104.960504,wash_park
1116,39.697534,-104.976202,wash_park
1117,39.781658,-104.885313,central_park
1118,39.768405,-104.879002,central_park
1119,39.781351,-104.890996,central_park
1120,39.738442,-104.996599,downtown
1121,39.699856,-104.9739,wash_park
1122,39.746385,-104.957686,city_park
1123,39.77205,-104.870165,central_park
1124,39.75392,-104.990891,downtown
1125,39.871282,-104.671429,airport
1126,39.738809,-104.944676,city_park
1127,39.756814,-104.939824,city_park
1128,39.851452,-104.656937,airport
1129,39.854392,-104.657459,airport
1130,39.741485,-104.99524,downtown
1131,39.708634,-104.96602,wash_park
1132,39.741317,-104.982702,downtown
1133,39.732559,-104.991467,downtown
1134,39.704203,-104.966734,wash_park
1135,39.75411,-104.928069,city_park
1136,39.754122,-104.989992,downtown
1137,39.780089,-104.900347,central_park
1138,39.749306,-104.982595,downtown
1139,39.711183,-104.964517,wash_park
1140,39.747557,-104.991015,downtown
1141,39.753018,-104.950636,city_park
1142,39.734665,-104.969414,downtown
1143,39.738879,-104.995648,downtown
1144,39.723741,-104.96333,wash_park
1145,39.860605,-104.663791,airport
1146,39.733194,-104.972068,city_park
1147,39.741723,-104.9973,downtown
1148,39.755743,-104.957242,city_park
1149,39.758605,-104.972361,city_park
1150,39.857523,-104.679325,airport
1151,39.878393,-104.663371,airport
1152,39.72765,-104.982224,downtown
1153,39.70225,-104.976834,wash_park
1154,39.746475,-104.952748,city_park
1155,39.870325,-104.701152,airport
1156,39.743496,-104.993117,downtown
1157,39.755466,-104.952338,city_park
1158,39.734961,-105.007633,downtown
1159,39.693565,-104.977172,wash_park
1160,39.768114,-104.894551,central_park
1161,39.746633,-104.960112,city_park
1162,39.856182,-104.662647,airport
1163,39.841773,-104.658519,airport
1164,39.85944,-104.674008,airport
1165,39.866831,-104.654249,airport
1166,39.77519,-104.888463,central_park
1167,39.749516,-104.923251,city_park
1168,39.74165,-104.973322,downtown
1169,39.749043,-104.941756,city_park
1170,39.686331,-104.962424,wash_park
1171,39.756615,-104.945448,city_park
1172,39.86434,-104.666262,airport
1173,39.860466,-104.673694,airport
1174,39.849852,-104.680658,airport
1175,39.751996,-104.937749,city_park
1176,39.770317,-104.881965,central_park
1177,39.726905,-104.985959,downtown
1178,39.841676,-104.67075,airport
1179,39.717728,-104.9567,wash_park
1180,39.72898,-104.971334,downtown
1181,39.769332,-104.870924,central_park
1182,39.710743,-104.967961,wash_park
1183,39.735894,-105.009075,downtown
1184,39.734256,-104.995262,downtown
1185,39.763858,-104.876734,central_park
1186,39.704011,-104.975606,wash_park
1187,39.765072,-104.965176,city_park
1188,39.857618,-104.686705,airport
1189,39.861275,-104.675454,airport
1190,39.744902,-104.955718,city_park
1191,39.778582,-104.896692,central_park
1192,39.753495,-104.958563,city_park
1193,39.855459,-104.679943,airport
1194,39.731293,-104.969671,city_park
1195,39.727124,-104.932819,city_park
1196,39.773121,-104.894566,central_park
1197,39.783294,-104.887429,central_park
1198,39.725956,-104.980595,downtown
1199,39.700296,-104.952215,wash_park
1200,39.766944,-104.912295,central_park
1201,39.860349,-104.657705,airport
1202,39.73078,-104.975492,downtown
1203,39.757693,-104.909485,central_park
1204,39.744976,-104.964945,city_park
1205,39.732345,-104.979306,downtown
1206,39.85093,-104.684523,airport
1207,39.709458,-104.978269,wash_park
1208,39.709357,-104.983627,wash_park
1209,39.748306,-104.976153,downtown
1210,39.739207,-104.997409,downtown
1211,39.739133,-104.967351,downtown
1212,39.851416,-104.654417,airport
1213,39.741021,-104.995435,downtown
1214,39.77118,-104.908956,central_park
1215,39.698173,-104.973319,wash_park
1216,39.707487,-104.979422,wash_park
1217,39.864965,-104.678996,airport
1218,39.78106,-104.886572,central_park
1219,39.863684,-104.672957,airport
1220,39.860001,-104.697489,airport
1221,39.718264,-104.979894,wash_park
1222,39.856504,-104.688786,airport
1223,39.860322,-104.704262,airport
1224,39.745872,-104.973976,downtown
1225,39.744733,-104.977508,downtown
1226,39.736512,-104.948354,city_park
1227,39.732571,-104.994937,downtown
1228,39.737747,-104.997038,downtown
1229,39.737776,-104.98682,downtown
1230,39.761491,-104.896737,central_park
1231,39.739549,-104.959982,city_park
1232,39.702085,-104.962299,wash_park
1233,39.74999,-104.984387,downtown
1234,39.743726,-104.956215,city_park
1235,39.74125,-104.979807,downtown
1236,39.751292,-104.935335,city_park
1237,39.766626,-104.955473,city_park
1238,39.787346,-104.884014,central_park
1239,39.759383,-104.964346,city_park
1240,39.870746,-104.678343,airport
1241,39.760002,-105.004866,downtown
1242,39.740105,-104.957448,city_park
1243,39.776744,-104.89546,central_park
1244,39.702179,-104.968795,wash_park
1245,39.776745,-104.871517,central_park
1246,39.78491,-104.858931,central_park
1247,39.751676,-104.954797,city_park
1248,39.859054,-104.69745,airport
1249,39.757867,-104.945943,city_park
1250,39.722085,-104.973086,wash_park
1251,39.871503,-104.681052,airport
1252,39.730515,-104.98757,downtown
1253,39.755958,-104.983164,downtown
1254,39.849695,-104.677614,airport
1255,39.728443,-104.97935,downtown
1256,39.762874,-104.953099,city_park
1257,39.739249,-104.967928,city_park
1258,39.691657,-104.979552,wash_park
1259,39.743461,-104.992783,downtown
1260,39.703651,-104.965159,wash_park
1261,39.695732,-104.965408,wash_park
1262,39.843916,-104.671289,airport
1263,39.725359,-104.976733,downtown
1264,39.753404,-104.956659,city_park
1265,39.871377,-104.684671,airport
1266,39.687927,-104.949025,wash_park
1267,39.851275,-104.675787,airport
1268,39.729007,-104.9988,downtown
1269,39.766904,-104.866233,central_park
1270,39.766763,-104.874711,central_park
1271,39.850194,-104.67426,airport
1272,39.742537,-104.997096,downtown
1273,39.745203,-105.012634,downtown
1274,39.801795,-104.900907,central_park
1275,39.740113,-104.958053,city_park
1276,39.752316,-104.979134,downtown
1277,39.745452,-104.949508,city_park
1278,39.867345,-104.663891,airport
1279,39.767978,-104.873039,central_park
1280,39.85156,-104.658766,airport
1281,39.850354,-104.665828,airport
1282,39.755514,-104.954726,city_park
1283,39.738516,-105.003119,downtown
1284,39.7158,-104.955429,wash_park
1285,39.763329,-104.882383,central_park
1286,39.733307,-104.99268,downtown
1287,39.866888,-104.6936,airport
1288,39.731613,-104.992554,downtown
1289,39.776011,-104.882804,central_park
1290,39.736685,-104.990436,downtown
1291,39.845049,-104.664704,airport
1292,39.760629,-104.889787,central_park
1293,39.755487,-104.881385,central_park
1294,39.750871,-104.934651,city_park
1295,39.702152,-104.957027,wash_park
1296,39.738587,-104.946439,city_park
1297,39.866567,-104.691457,airport
1298,39.862161,-104.661251,airport
1299,39.758496,-104.928603,city_park
1300,39.872085,-104.677643,airport
1301,39.743561,-104.948462,city_park
1302,39.756864,-104.950566,city_park
1303,39.745057,-104.965063,downtown
1304,39.737187,-104.952497,city_park
1305,39.747985,-104.991592,downtown
1306,39.686355,-104.973023,wash_park
1307,39.703952,-104.955007,wash_park
1308,39.733775,-104.99971,downtown
1309,39.862269,-104.686133,airport
1310,39.758064,-104.962961,city_park
1311,39.755786,-104.96524,city_park
1312,39.738636,-104.963627,city_park
1313,39.741226,-104.986153,downtown
1314,39.85764,-104.666205,airport
1315,39.746976,-104.960896,city_park
1316,39.745185,-105.008057,downtown
1317,39.741182,-104.953904,city_park
1318,39.740266,-104.992514,downtown
1319,39.733893,-104.993469,downtown
1320,39.86874,-104.669888,airport
1321,39.738873,-104.982749,downtown
1322,39.762051,-104.894033,central_park
1323,39.7364,-105.007646,downtown
1324,39.748574,-104.983576,downtown
1325,39.77661,-104.890434,central_park
1326,39.690661,-104.982641,wash_park
1327,39.711094,-104.953971,wash_park
1328,39.737721,-105.001148,downtown
1329,39.741913,-104.959674,city_park
1330,39.753219,-104.949913,city_park
1331,39.76207,-104.885343,central_park
1332,39.748549,-104.982541,downtown
1333,39.87308,-104.6686,airport
1334,39.756486,-104.945733,city_park
1335,39.724277,-105.003918,downtown
1336,39.774753,-104.902158,central_park
1337,39.745955,-104.952399,city_park
1338,39.750314,-104.933573,city_park
1339,39.695208,-104.959136,wash_park
1340,39.706119,-104.988488,wash_park
1341,39.746791,-104.980113,downtown
1342,39.744365,-104.997883,downtown
1343,39.767064,-104.880782,central_park
1344,39.708221,-104.985282,wash_park
1345,39.753765,-104.989509,downtown
1346,39.852284,-104.66328,airport
1347,39.734766,-104.997779,downtown
1348,39.764038,-104.87971,central_park
1349,39.732117,-105.008543,downtown
1350,39.750418,-104.968464,city_park
1351,39.740799,-104.958105,city_park
1352,39.730464,-104.974739,downtown
1353,39.713994,-104.983914,wash_park
1354,39.690362,-104.963874,wash_park
1355,39.741441,-104.978461,downtown
1356,39.724519,-104.996095,downtown
1357,39.718748,-104.943736,wash_park
1358,39.743911,-104.986658,downtown
1359,39.769157,-104.883275,central_park
1360,39.741631,-104.988695,downtown
1361,39.761731,-104.956615,city_park
1362,39.744777,-104.97072,city_park
1363,39.778607,-104.900516,central_park
1364,39.75237,-104.93825,city_park
1365,39.704413,-104.966942,wash_park
1366,39.848876,-104.674564,airport
1367,39.746406,-104.988306,downtown
1368,39.757828,-104.956295,downtown
1369,39.698948,-104.960406,wash_park
1370,39.839859,-104.675882,airport
1371,39.746104,-104.98503,downtown
1372,39.712963,-104.97565,wash_park
1373,39.770236,-104.86884,central_park
1374,39.751025,-104.997009,downtown
1375,39.73524,-104.987163,downtown
1376,39.732547,-104.96233,downtown
1377,39.724686,-104.976589,wash_park
1378,39.69128,-104.978375,wash_park
1379,39.756689,-104.892953,central_park
1380,39.715755,-104.973207,wash_park
1381,39.745987,-104.956466,city_park
1382,39.752114,-104.983296,downtown
1383,39.769296,-104.892776,central_park
1384,39.750786,-104.994297,downtown
1385,39.74293,-104.998184,downtown
1386,39.730643,-105.010052,downtown
1387,39.749537,-104.996005,downtown
1388,39.754235,-104.960856,city_park
1389,39.763547,-104.909038,central_park
1390,39.753072,-104.936402,city_park
1391,39.774306,-104.877218,central_park
1392,39.734919,-104.995039,downtown
1393,39.752362,-104.998958,downtown
1394,39.843266,-104.687077,airport
1395,39.759073,-104.951386,city_park
1396,39.827068,-104.672022,airport
1397,39.780388,-104.895237,central_park
1398,39.779507,-104.889901,central_park
1399,39.736243,-104.992155,downtown
1400,39.69264,-104.967967,wash_park
1401,39.736043,-104.943684,city_park
1402,39.754512,-104.993032,downtown
1403,39.747425,-104.956717,city_park
1404,39.731451,-104.995489,downtown
1405,39.855332,-104.658594,airport
1406,39.725642,-104.987339,downtown
1407,39.741124,-104.954936,city_park
1408,39.691357,-104.953066,wash_park
1409,39.741461,-104.984545,downtown
1410,39.856716,-104.668245,airport
1411,39.740148,-104.977583,downtown
1412,39.763394,-104.930923,city_park
1413,39.741336,-104.997328,downtown
1414,39.76745,-104.955651,city_park
1415,39.744774,-104.975692,city_park
1416,39.727221,-104.996216,downtown
1417,39.746716,-104.958931,city_park
1418,39.691054,-104.967515,wash_park
1419,39.7432,-104.945213,city_park
1420,39.863123,-104.677547,airport
1421,39.753745,-104.973652,downtown
1422,39.776629,-104.870084,central_park
1423,39.864049,-104.655113,airport
1424,39.742634,-104.96729,city_park
1425,39.712533,-104.977514,wash_park
1426,39.735415,-104.995243,downtown
1427,39.742419,-105.000479,downtown
1428,39.838595,-104.68385,airport
1429,39.74298,-104.98295,downtown
1430,39.737173,-104.98115,downtown
1431,39.854656,-104.660796,airport
1432,39.763822,-104.87291,central_park
1433,39.767034,-104.881064,central_park
1434,39.73715,-105.007803,downtown
1435,39.771255,-104.889669,central_park
1436,39.742097,-104.987673,downtown
1437,39.770295,-104.885831,central_park
1438,39.748392,-104.959981,city_park
1439,39.747378,-104.975807,downtown
1440,39.769752,-104.876575,central_park
1441,39.735484,-104.994843,downtown
1442,39.719523,-104.966837,wash_park
1443,39.767325,-104.872849,central_park
1444,39.764783,-104.887414,central_park
1445,39.763184,-104.95853,city_park
1446,39.727651,-105.000051,downtown
1447,39.844895,-104.679417,airport
1448,39.852719,-104.663387,airport
1449,39.75164,-104.967201,city_park
1450,39.747476,-104.944812,city_park
1451,39.746951,-105.011653,downtown
1452,39.737932,-104.990002,downtown
1453,39.78326,-104.88947,central_park
1454,39.731657,-104.986071,downtown
1455,39.748863,-104.989774,downtown
1456,39.738695,-104.959466,city_park
1457,39.738396,-105.002187,downtown
1458,39.747147,-104.942472,city_park
1459,39.741202,-105.016522,downtown
1460,39.701732,-104.979006,wash_park
1461,39.708727,-104.981549,wash_park
1462,39.775907,-104.875958,central_park
1463,39.850213,-104.680147,airport
1464,39.856854,-104.671504,airport
1465,39.73294,-104.991978,downtown
1466,39.737293,-104.971419,downtown
1467,39.705616,-104.963182,wash_park
1468,39.743282,-104.946312,city_park
1469,39.716162,-104.970171,wash_park
1470,39.695694,-104.949763,wash_park
1471,39.788728,-104.877845,central_park
1472,39.732781,-104.988838,downtown
1473,39.712698,-104.990544,wash_park
1474,39.740061,-104.999321,downtown
1475,39.689681,-104.963115,wash_park
1476,39.722547,-104.985281,downtown
1477,39.759244,-104.956523,city_park
1478,39.85274,-104.663896,airport
1479,39.878821,-104.666299,airport
1480,39.747703,-104.937885,city_park
1481,39.754382,-105.005856,downtown
1482,39.749941,-104.979232,downtown
1483,39.743189,-104.981925,downtown
1484,39.739526,-104.991859,downtown
1485,39.741571,-105.003628,downtown
1486,39.853108,-104.669944,airport
1487,39.750858,-104.981248,downtown
1488,39.786506,-104.88532,central_park
1489,39.729639,-105.00501,downtown
1490,39.710119,-104.963792,wash_park
1491,39.776534,-104.904587,central_park
1492,39.698931,-104.967049,wash_park
1493,39.852719,-104.668679,airport
1494,39.761819,-104.883813,central_park
1495,39.737081,-104.997658,downtown
1496,39.72985,-104.97437,downtown
1497,39.750048,-105.01351,downtown
1498,39.861369,-104.670779,airport
1499,39.738399,-104.978862,downtown
1500,39.732885,-104.999233,downtown
1501,39.75878,-104.987524,downtown
1502,39.706125,-104.950873,wash_park
1503,39.846494,-104.676579,airport
1504,39.735338,-104.954766,city_park
1505,39.849796,-104.658282,airport
1506,39.735524,-104.990948,downtown
1507,39.718941,-104.952236,wash_park
1508,39.734659,-104.989798,downtown
1509,39.863659,-104.688755,airport
1510,39.745684,-104.963799,city_park
1511,39.744984,-104.957842,city_park
1512,39.775481,-104.871512,central_park
1513,39.788249,-104.874617,central_park
1514,39.717152,-105.000396,downtown
1515,39.73732,-104.941191,city_park
1516,39.704714,-104.96656,wash_park
1517,39.731208,-104.963074,downtown
1518,39.785672,-104.873948,central_park
1519,39.752538,-104.941381,city_park
1520,39.734769,-104.995638,downtown
1521,39.700932,-104.967121,wash_park
1522,39.849147,-104.663348,airport
1523,39.860577,-104.678568,airport
1524,39.731807,-104.983986,downtown
1525,39.750018,-104.990428,downtown
1526,39.735714,-104.921022,city_park
1527,39.727431,-104.975582,downtown
1528,39.745932,-104.971244,city_park
1529,39.859928,-104.653779,airport
1530,39.771844,-104.854364,central_park
1531,39.735151,-104.943361,city_park
1532,39.762546,-104.893202,central_park
1533,39.769795,-104.875391,central_park
1534,39.740491,-104.992279,downtown
1535,39.702028,-104.97896,wash_park
1536,39.834699,-104.683188,airport
1537,39.748313,-104.987657,downtown
1538,39.730335,-104.978547,downtown
1539,39.740844,-104.995186,downtown
1540,39.762161,-104.964639,city_park
1541,39.706641,-104.977127,wash_park
1542,39.700145,-104.984606,wash_park
1543,39.765516,-104.890713,central_park
1544,39.701413,-104.972237,wash_park
1545,39.740411,-105.001302,downtown
1546,39.687586,-104.95791,wash_park
1547,39.77462,-104.867732,central_park
1548,39.87339,-104.672207,airport
1549,39.747021,-104.951724,city_park
1550,39.75497,-104.943552,city_park
1551,39.754608,-104.984225,downtown
1552,39.73533,-104.949593,city_park
1553,39.749444,-104.945225,city_park
1554,39.7508,-104.951322,city_park
1555,39.865714,-104.670007,airport
1556,39.721959,-104.990537,downtown
1557,39.747674,-104.978785,downtown
1558,39.744192,-104.96148,city_park
1559,39.855424,-104.682686,airport
1560,39.74068,-105.000758,downtown
1561,39.785123,-104.875441,central_park
1562,39.742906,-104.946396,city_park
1563,39.864529,-104.67215,airport
1564,39.749851,-104.909335,central_park
1565,39.749845,-104.952115,city_park
1566,39.708008,-104.958964,wash_park
1567,39.707938,-104.97468,wash_park
1568,39.760897,-104.998952,downtown
1569,39.773209,-104.886805,central_park
1570,39.86447,-104.665254,airport
1571,39.742365,-104.975879,downtown
1572,39.731546,-104.991652,downtown
1573,39.747305,-104.961572,city_park
1574,39.869238,-104.67187,airport
1575,39.861984,-104.671721,airport
1576,39.742581,-105.006445,downtown
1577,39.738471,-104.991583,downtown
1578,39.74539,-104.931749,city_park
1579,39.857391,-104.675474,airport
1580,39.768216,-104.89202,central_park
1581,39.752531,-104.955805,city_park
1582,39.747447,-105.001276,downtown
1583,39.728132,-104.990354,downtown
1584,39.779971,-104.883782,central_park
1585,39.742988,-104.944618,city_park
1586,39.733879,-104.981127,downtown
1587,39.858495,-104.640622,airport
1588,39.753316,-104.970569,city_park
1589,39.786681,-104.899006,central_park
1590,39.731569,-104.993593,downtown
1591,39.750879,-105.000868,downtown
1592,39.720421,-104.969719,downtown
1593,39.851037,-104.679816,airport
1594,39.754433,-104.964205,downtown
1595,39.766527,-104.871822,central_park
1596,39.747244,-104.978841,downtown
1597,39.710587,-104.977842,wash_park
1598,39.699669,-104.970964,wash_park
1599,39.778036,-104.886019,central_park
1600,39.780082,-104.890219,central_park
1601,39.86086,-104.675612,airport
1602,39.750923,-105.00357,downtown
1603,39.712543,-104.978486,wash_park
1604,39.726178,-104.9452,city_park
1605,39.779806,-104.888909,central_park
1606,39.710006,-104.965232,wash_park
1607,39.698992,-104.976117,wash_park
1608,39.85697,-104.66504,airport
1609,39.846424,-104.659531,airport
1610,39.734377,-104.955239,city_park
1611,39.691265,-104.953301,wash_park
1612,39.752256,-104.949019,city_park
1613,39.739359,-104.992379,downtown
1614,39.725128,-104.980031,downtown
1615,39.772681,-104.889434,central_park
1616,39.79251,-104.887174,central_park
1617,39.742985,-104.94317,city_park
1618,39.736784,-104.988326,downtown
1619,39.698671,-104.962901,wash_park
1620,39.855465,-104.68979,airport
1621,39.760495,-104.969847,city_park
1622,39.730127,-104.94827,city_park
1623,39.751289,-104.99068,downtown
1624,39.746812,-104.970261,city_park
1625,39.745833,-104.957792,city_park
1626,39.732367,-104.984187,downtown
1627,39.694829,-104.966976,wash_park
1628,39.867462,-104.668835,airport
1629,39.744475,-105.001833,downtown
1630,39.71816,-104.956397,wash_park
1631,39.770709,-104.891103,central_park
1632,39.742018,-104.952712,city_park
1633,39.854538,-104.681539,airport
1634,39.747992,-104.936591,city_park
1635,39.777084,-104.903294,central_park
1636,39.747433,-104.981682,downtown
1637,39.738265,-104.956761,city_park
1638,39.680608,-104.972149,wash_park
1639,39.73549,-104.94101,city_park
1640,39.759046,-104.892046,central_park
1641,39.743464,-104.99583,downtown
1642,39.697469,-104.965001,wash_park
1643,39.691759,-104.964421,wash_park
1644,39.743761,-104.984355,downtown
1645,39.855883,-104.660408,airport
1646,39.771466,-104.885348,central_park
1647,39.773514,-104.869047,central_park
1648,39.744563,-104.952388,city_park
1649,39.856518,-104.6586,airport
1650,39.838629,-104.681629,airport
1651,39.747884,-104.976283,downtown
1652,39.748203,-105.004441,downtown
1653,39.698258,-104.944245,wash_park
1654,39.733768,-104.986552,downtown
1655,39.84435,-104.685528,airport
1656,39.857552,-104.680995,airport
1657,39.727638,-104.968227,city_park
1658,39.736277,-104.97934,downtown
1659,39.757619,-104.949774,city_park
1660,39.854671,-104.667481,airport
1661,39.85423,-104.659188,airport
1662,39.743406,-104.970566,city_park
1663,39.737411,-105.007061,downtown
1664,39.757304,-104.883122,central_park
1665,39.780698,-104.88585,central_park
1666,39.851147,-104.660309,airport
1667,39.769299,-104.879974,central_park
1668,39.842071,-104.675795,airport
1669,39.753845,-104.940116,city_park
1670,39.705558,-104.970088,wash_park
1671,39.735668,-104.994563,downtown
1672,39.716378,-105.012418,wash_park
1673,39.741557,-104.941698,city_park
1674,39.862786,-104.67313,airport
1675,39.741343,-105.000266,downtown
1676,39.747503,-104.95381,city_park
1677,39.847382,-104.657522,airport
1678,39.862211,-104.672343,airport
1679,39.731358,-104.975038,downtown
1680,39.776714,-104.901529,central_park
1681,39.733287,-104.97315,city_park
1682,39.739078,-104.936925,city_park
1683,39.747116,-104.977759,city_park
1684,39.737836,-105.00062,downtown
1685,39.751943,-104.937372,city_park
1686,39.712124,-104.977252,wash_park
1687,39.772021,-104.882035,central_park
1688,39.759037,-104.901466,central_park
1689,39.845761,-104.663379,airport
1690,39.772651,-104.903757,central_park
1691,39.749333,-104.987851,downtown
1692,39.748851,-104.94188,city_park
1693,39.774292,-104.875047,central_park
1694,39.742978,-105.010614,downtown
1695,39.770392,-104.884067,central_park
1696,39.741504,-104.955003,city_park
1697,39.771159,-104.899525,central_park
1698,39.717594,-104.950942,wash_park
1699,39.718903,-104.976846,wash_park
1700,39.737435,-105.003439,downtown
1701,39.704101,-104.970152,wash_park
1702,39.767325,-104.899874,central_park
1703,39.736193,-104.989538,downtown
1704,39.743315,-104.963735,city_park
1705,39.848068,-104.650281,airport
1706,39.742043,-104.981265,downtown
1707,39.734535,-104.988129,downtown
1708,39.738941,-104.988219,downtown
1709,39.849324,-104.67442,airport
1710,39.745695,-104.948974,city_park
1711,39.703445,-104.961203,wash_park
1712,39.732312,-104.997428,downtown
1713,39.755718,-104.945128,city_park
1714,39.858716,-104.671236,airport
1715,39.753811,-104.940423,city_park
1716,39.86409,-104.689644,airport
1717,39.849049,-104.65325,airport
1718,39.69911,-104.983024,wash_park
1719,39.772904,-104.898427,central_park
1720,39.74784,-105.015176,downtown
1721,39.733399,-104.949979,city_park
1722,39.697911,-104.968121,wash_park
1723,39.748104,-105.003036,downtown
1724,39.760422,-104.873325,central_park
1725,39.861092,-104.697795,airport
1726,39.759153,-104.952424,city_park
1727,39.74206,-104.953229,city_park
1728,39.700864,-104.973822,wash_park
1729,39.746552,-105.009821,downtown
1730,39.728727,-105.007472,downtown
1731,39.739612,-104.947766,city_park
1732,39.830314,-104.683315,airport
1733,39.738104,-104.936472,city_park
1734,39.858387,-104.686233,airport
1735,39.697945,-104.972432,wash_park
1736,39.876502,-104.660659,airport
1737,39.842754,-104.672351,airport
1738,39.730522,-104.962564,city_park
1739,39.742854,-104.991547,downtown
1740,39.74593,-105.009267,downtown
1741,39.733317,-104.954368,city_park
1742,39.747742,-105.013181,downtown
1743,39.772374,-104.885174,central_park
1744,39.746485,-104.978392,downtown
1745,39.742176,-104.958724,city_park
1746,39.850819,-104.659449,airport
1747,39.764447,-104.85792,central_park
1748,39.757132,-104.956204,city_park
1749,39.768485,-104.988506,downtown
1750,39.753807,-104.947804,city_park
1751,39.74485,-104.956199,city_park
1752,39.709058,-104.980222,wash_park
1753,39.777367,-104.891568,central_park
1754,39.69811,-104.963526,wash_park
1755,39.738766,-104.944798,city_park
1756,39.849722,-104.672481,airport
1757,39.765029,-104.965496,city_park
1758,39.75409,-104.990586,downtown
1759,39.740802,-104.98937,downtown
1760,39.694323,-104.968927,wash_park
1761,39.784857,-104.876273,central_park
1762,39.731031,-104.949226,city_park
1763,39.850478,-104.6703,airport
1764,39.737644,-104.959216,city_park
1765,39.753348,-104.939966,city_park
1766,39.8603,-104.680939,airport
1767,39.737351,-104.946985,city_park
1768,39.760838,-104.95712,city_park
1769,39.713685,-104.961024,wash_park
1770,39.866269,-104.658549,airport
1771,39.789781,-104.887135,central_park
1772,39.76652,-104.943101,city_park
1773,39.722992,-104.986899,downtown
1774,39.785001,-104.876987,central_park
1775,39.70374,-104.966349,wash_park
1776,39.741206,-105.003583,downtown
1777,39.732033,-104.951249,city_park
1778,39.765346,-104.960263,city_park
1779,39.761282,-104.98432,downtown
1780,39.703143,-104.985294,wash_park
1781,39.7332,-104.989074,downtown
1782,39.75736,-104.991621,downtown
1783,39.855149,-104.668853,airport
1784,39.752802,-104.962781,city_park
1785,39.73538,-104.967044,downtown
1786,39.743935,-104.985506,downtown
1787,39.862432,-104.663084,airport
1788,39.703903,-104.951406,wash_park
1789,39.754076,-104.977743,city_park
1790,39.74403,-104.986902,downtown
1791,39.779131,-104.873425,central_park
1792,39.773441,-104.893774,central_park
1793,39.743533,-104.961282,city_park
1794,39.696935,-104.955774,wash_park
1795,39.709518,-104.965159,wash_park
1796,39.742748,-104.936155,city_park
1797,39.695429,-104.97238,wash_park
1798,39.699471,-104.968932,wash_park
1799,39.795329,-104.882954,central_park
1800,39.736903,-104.982617,city_park
1801,39.877712,-104.666864,airport
1802,39.866332,-104.677168,airport
1803,39.778185,-104.893422,central_park
1804,39.751084,-104.980173,downtown
1805,39.75041,-104.974744,city_park
1806,39.699412,-104.974181,wash_park
1807,39.736892,-104.997332,downtown
1808,39.739198,-104.975041,city_park
1809,39.743029,-104.987062,downtown
1810,39.749559,-104.945386,city_park
1811,39.743543,-104.989518,downtown
1812,39.761981,-104.903984,central_park
1813,39.762352,-104.899364,central_park
1814,39.742471,-104.995267,downtown
1815,39.866549,-104.682822,airport
1816,39.784747,-104.896252,central_park
1817,39.716244,-104.984497,downtown
1818,39.863213,-104.678206,airport
1819,39.762079,-104.966733,city_park
1820,39.74126,-104.986296,downtown
1821,39.698337,-104.962751,wash_park
1822,39.746738,-104.992891,downtown
1823,39.725056,-104.953567,city_park
1824,39.861159,-104.661121,airport
1825,39.740023,-104.998666,downtown
1826,39.869623,-104.683629,airport
1827,39.750874,-104.983391,downtown
1828,39.71912,-104.981776,downtown
1829,39.724421,-105.011829,downtown
1830,39.8545,-104.655177,airport
1831,39.761763,-104.891528,central_park
1832,39.761815,-104.884248,central_park
1833,39.708389,-104.990656,wash_park
1834,39.772824,-104.954381,city_park
1835,39.692139,-104.968254,wash_park
1836,39.762933,-104.870929,central_park
1837,39.730974,-104.977389,city_park
1838,39.714335,-104.996896,downtown
1839,39.722689,-104.985165,downtown
1840,39.85736,-104.670656,airport
1841,39.753589,-104.937742,city_park
1842,39.766068,-104.893284,central_park
1843,39.728249,-105.004796,downtown
1844,39.744782,-104.97237,downtown
1845,39.852501,-104.673407,airport
1846,39.743615,-104.941137,city_park
1847,39.673557,-104.957559,wash_park
1848,39.755727,-104.983011,downtown
1849,39.752565,-104.975579,downtown
1850,39.841556,-104.669028,airport
1851,39.780305,-104.872285,central_park
1852,39.777878,-104.883477,central_park
1853,39.834098,-104.668873,airport
1854,39.737607,-104.996352,downtown
1855,39.747351,-104.987125,downtown
1856,39.699112,-104.968004,wash_park
1857,39.858059,-104.678882,airport
1858,39.750147,-104.96307,city_park
1859,39.68866,-104.960196,wash_park
1860,39.76865,-104.894567,central_park
1861,39.767672,-104.887996,central_park
1862,39.709548,-104.989656,wash_park
1863,39.853504,-104.66847,airport
1864,39.725904,-104.980885,downtown
1865,39.834972,-104.663414,airport
1866,39.754889,-104.976628,downtown
1867,39.856407,-104.675798,airport
1868,39.754284,-104.954699,city_park
1869,39.727115,-105.010731,downtown
1870,39.754074,-104.974323,city_park
1871,39.859987,-104.657197,airport
1872,39.727924,-104.940139,city_park
1873,39.862225,-104.67193,airport
1874,39.761368,-104.960179,city_park
1875,39.704448,-104.969062,wash_park
1876,39.748291,-104.980372,downtown
1877,39.728258,-104.974809,downtown
1878,39.751291,-104.934799,city_park
1879,39.855015,-104.665933,airport
1880,39.694589,-104.99899,wash_park
1881,39.754651,-104.939009,city_park
1882,39.734173,-104.998062,downtown
1883,39.738862,-104.93627,city_park
1884,39.720819,-104.964702,wash_park
1885,39.780379,-104.866186,central_park
1886,39.763834,-104.938021,city_park
1887,39.697582,-104.975864,wash_park
1888,39.735262,-104.999848,downtown
1889,39.702909,-104.96516,wash_park
1890,39.711638,-104.978495,wash_park
1891,39.72788,-104.987796,downtown
1892,39.786562,-104.863262,central_park
1893,39.743886,-104.950774,city_park
1894,39.686603,-104.994115,wash_park
1895,39.749903,-104.977094,downtown
1896,39.75198,-104.97257,downtown
1897,39.75236,-104.945312,city_park
1898,39.758458,-104.897841,central_park
1899,39.851435,-104.678422,airport
1900,39.775107,-104.889033,central_park
1901,39.739588,-104.882319,central_park
1902,39.860306,-104.681995,airport
1903,39.704347,-104.978998,wash_park
1904,39.720685,-105.002418,downtown
1905,39.863844,-104.661082,airport
1906,39.742037,-104.990726,downtown
1907,39.748305,-104.958117,city_park
1908,39.730265,-104.952212,city_park
1909,39.697911,-104.96738,wash_park
1910,39.872274,-104.672182,airport
1911,39.778128,-104.877558,central_park
1912,39.865725,-104.666296,airport
1913,39.733487,-105.012993,downtown
1914,39.715886,-104.96798,wash_park
1915,39.712173,-104.978695,wash_park
1916,39.69733,-104.960251,wash_park
1917,39.858548,-104.677234,airport
1918,39.771216,-104.882315,central_park
1919,39.745003,-104.926222,city_park
1920,39.752856,-104.975307,city_park
1921,39.751152,-105.003626,downtown
1922,39.75331,-104.996357,downtown
1923,39.779814,-104.877649,central_park
1924,39.851978,-104.66813,airport
1925,39.870447,-104.665991,airport
1926,39.746533,-104.991341,downtown
1927,39.715754,-104.986475,downtown
1928,39.862737,-104.675793,airport
1929,39.706434,-104.958941,wash_park
1930,39.73578,-104.999054,downtown
1931,39.732699,-104.978857,downtown
1932,39.759282,-104.941846,city_park
1933,39.847962,-104.675745,airport
1934,39.863537,-104.701224,airport
1935,39.708433,-104.971605,wash_park
1936,39.768554,-104.883717,central_park
1937,39.766518,-104.855808,central_park
1938,39.736692,-104.972,downtown
1939,39.756575,-104.965291,city_park
1940,39.849019,-104.643145,airport
1941,39.75423,-104.946832,city_park
1942,39.742899,-104.96286,city_park
1943,39.744237,-104.996593,downtown
1944,39.76617,-104.894751,central_park
1945,39.733799,-104.99877,downtown
1946,39.849806,-104.695476,airport
1947,39.746227,-104.948981,city_park
1948,39.708664,-104.961791,wash_park
1949,39.764849,-104.958762,city_park
1950,39.732541,-104.979743,downtown
1951,39.753216,-104.998986,downtown
1952,39.758052,-104.994145,downtown
1953,39.853204,-104.679693,airport
1954,39.747636,-104.987623,downtown
1955,39.738783,-104.982652,downtown
1956,39.864625,-104.671434,airport
1957,39.730506,-104.97959,downtown
1958,39.732038,-104.964705,downtown
1959,39.742395,-104.954975,city_park
1960,39.747604,-104.953993,city_park
1961,39.713866,-104.971644,wash_park
1962,39.696837,-104.96838,wash_park
1963,39.785463,-104.886897,central_park
1964,39.719215,-105.000719,downtown
1965,39.741948,-104.973058,city_park
1966,39.780601,-104.873335,central_park
1967,39.723574,-104.976968,downtown
1968,39.750812,-104.952784,city_park
1969,39.849964,-104.677957,airport
1970,39.772127,-104.882476,central_park
1971,39.733945,-104.948983,city_park
1972,39.732642,-104.990884,downtown
1973,39.720271,-105.007938,downtown
1974,39.768864,-104.879797,central_park
1975,39.765904,-104.876532,central_park
1976,39.722817,-104.963719,downtown
1977,39.786251,-104.874874,central_park
1978,39.766025,-104.956007,city_park
1979,39.748291,-105.020206,downtown
1980,39.752362,-104.958986,city_park
1981,39.861951,-104.669483,airport
1982,39.767775,-104.981071,city_park
1983,39.755474,-104.995302,downtown
1984,39.720519,-104.975967,downtown
1985,39.733218,-104.961489,city_park
1986,39.709184,-104.964164,wash_park
1987,39.745229,-104.95617,city_park
1988,39.709314,-104.978806,wash_park
1989,39.853829,-104.673063,airport
1990,39.737211,-104.960399,downtown
1991,39.690651,-104.966999,wash_park
1992,39.762405,-104.878055,central_park
1993,39.856266,-104.667653,airport
1994,39.742914,-104.990459,downtown
1995,39.693726,-104.977556,wash_park
1996,39.764613,-104.894827,central_park
1997,39.86486,-104.66388,airport
1998,39.85946,-104.679611,airport
1999,39.730498,-104.967993,downtown
2000,39.743335,-104.98211,downtown
2001,39.755987,-104.960906,city_park
2002,39.716137,-104.99551,downtown
2003,39.748656,-104.962595,city_park
2004,39.739407,-105.00533,downtown
2005,39.779555,-104.901155,central_park
2006,39.733175,-105.007137,downtown
2007,39.722886,-105.00107,downtown
2008,39.7296,-104.991621,downtown
2009,39.736183,-104.932753,city_park
2010,39.74319,-104.983297,downtown
2011,39.750202,-105.000271,downtown
2012,39.692835,-104.972374,wash_park
2013,39.856295,-104.679599,airport
2014,39.764395,-104.944756,city_park
2015,39.76393,-104.883669,central_park
2016,39.756586,-104.977996,city_park
2017,39.85688,-104.68464,airport
2018,39.723059,-104.966041,wash_park
2019,39.742646,-104.995508,downtown
2020,39.742927,-104.985808,downtown
2021,39.732839,-105.009874,downtown
2022,39.7418,-105.010252,downtown
2023,39.75303,-104.976949,downtown
2024,39.752687,-104.952803,city_park
2025,39.752774,-104.983099,downtown
2026,39.709541,-104.996421,wash_park
2027,39.744399,-104.994763,downtown
2028,39.764277,-104.94247,city_park
2029,39.781272,-104.888509,central_park
2030,39.723051,-104.990377,downtown
2031,39.735069,-104.992642,downtown
2032,39.863068,-104.672963,airport
2033,39.734918,-104.964971,downtown
2034,39.752496,-104.955904,city_park
2035,39.72352,-104.990796,downtown
2036,39.73889,-104.961878,city_park
2037,39.776441,-104.87481,central_park
2038,39.7496,-104.946593,city_park
2039,39.744313,-104.990895,downtown
2040,39.750337,-104.974965,downtown
2041,39.702304,-104.971214,wash_park
2042,39.745302,-104.983785,downtown
2043,39.845716,-104.643351,airport
2044,39.740185,-104.958304,city_park
2045,39.773925,-104.880775,central_park
2046,39.690098,-104.967246,wash_park
2047,39.750832,-104.990412,downtown
2048,39.725637,-104.983625,downtown
2049,39.745483,-104.980783,downtown
2050,39.874382,-104.657396,airport
2051,39.797476,-104.872095,central_park
2052,39.713909,-105.010914,downtown
2053,39.747651,-105.006707,downtown
2054,39.736197,-105.005733,downtown
2055,39.742729,-105.007015,downtown
2056,39.734561,-104.952531,city_park
2057,39.739952,-104.954058,city_park
2058,39.710913,-104.964276,wash_park
2059,39.744279,-104.959658,city_park
2060,39.742754,-104.988829,downtown
2061,39.865771,-104.675757,airport
2062,39.864103,-104.659992,airport
2063,39.753998,-104.981038,downtown
2064,39.706782,-104.977771,wash_park
2065,39.848325,-104.673128,airport
2066,39.747198,-105.00195,downtown
2067,39.782901,-104.882489,central_park
2068,39.76603,-104.878036,central_park
2069,39.745498,-104.954222,city_park
2070,39.861531,-104.681542,airport
2071,39.699633,-104.969655,wash_park
2072,39.700202,-104.969545,wash_park
2073,39.847958,-104.689113,airport
2074,39.836695,-104.670148,airport
2075,39.738933,-104.946157,city_park
2076,39.765579,-104.892504,central_park
2077,39.771476,-104.882409,central_park
2078,39.744012,-104.999799,downtown
2079,39.725769,-104.965747,wash_park
2080,39.746733,-104.983959,downtown
2081,39.739257,-104.940799,city_park
2082,39.731194,-105.003194,downtown
2083,39.780317,-104.880906,central_park
2084,39.748017,-104.988983,downtown
2085,39.756469,-104.966768,city_park
2086,39.770892,-104.866584,central_park
2087,39.865802,-104.674744,airport
2088,39.731679,-104.964601,city_park
2089,39.735097,-104.999979,downtown
2090,39.748852,-104.965882,city_park
2091,39.849107,-104.663978,airport
2092,39.7581,-104.972283,city_park
2093,39.696976,-104.972205,wash_park
2094,39.749338,-104.990588,downtown
2095,39.739004,-104.995566,downtown
2096,39.712505,-104.963902,wash_park
2097,39.74279,-105.003229,downtown
2098,39.743308,-105.007013,downtown
2099,39.742753,-105.002349,downtown
2100,39.751131,-104.943419,city_park
2101,39.839848,-104.667798,airport
2102,39.754683,-104.988118,downtown
2103,39.766371,-104.888856,central_park
2104,39.771951,-104.898452,central_park
2105,39.758985,-104.888382,central_park
2106,39.693182,-104.963727,wash_park
2107,39.846675,-104.675293,airport
2108,39.748101,-104.975506,downtown
2109,39.731152,-104.986149,downtown
2110,39.711202,-104.966811,wash_park
2111,39.754439,-104.970473,city_park
2112,39.730991,-104.997574,downtown
2113,39.741879,-104.981884,downtown
2114,39.692513,-104.966567,wash_park
2115,39.746343,-104.957628,city_park
2116,39.744261,-104.983285,downtown
2117,39.701622,-104.97627,wash_park
2118,39.783737,-104.888122,central_park
2119,39.741861,-104.99418,downtown
2120,39.870528,-104.692806,airport
2121,39.738429,-104.941711,city_park
2122,39.754238,-104.997033,downtown
2123,39.751621,-104.977661,downtown
2124,39.753885,-104.888102,central_park
2125,39.779423,-104.888811,central_park
2126,39.772882,-104.878888,central_park
2127,39.698669,-104.956032,wash_park
2128,39.747925,-104.963803,city_park
2129,39.751826,-104.949137,city_park
2130,39.765386,-104.881588,central_park
2131,39.846427,-104.672996,airport
2132,39.76824,-104.873483,central_park
2133,39.876126,-104.679339,airport
2134,39.762162,-104.870567,central_park
2135,39.730869,-104.965865,wash_park
2136,39.864109,-104.68854,airport
2137,39.766078,-104.904709,central_park
2138,39.731065,-104.993658,downtown
2139,39.760591,-104.868342,central_park
2140,39.752439,-105.00788,downtown
2141,39.756429,-104.961438,city_park
2142,39.772349,-104.879784,central_park
2143,39.705627,-104.961786,wash_park
2144,39.7847,-104.893548,central_park
2145,39.773572,-104.897186,central_park
2146,39.751637,-105.006922,downtown
2147,39.762348,-104.882763,central_park
2148,39.700836,-104.994042,wash_park
2149,39.711978,-104.986588,wash_park
2150,39.739892,-104.941932,city_park
2151,39.704157,-104.983148,wash_park
2152,39.752765,-104.984773,downtown
2153,39.857479,-104.679976,airport
2154,39.741993,-104.962514,city_park
2155,39.745797,-104.978195,downtown
2156,39.780735,-104.90281,central_park
2157,39.698032,-104.989576,wash_park
2158,39.723049,-104.987649,downtown
2159,39.732031,-105.011058,downtown
2160,39.70828,-104.958224,wash_park
2161,39.756366,-105.010542,downtown
2162,39.776383,-104.856184,central_park
2163,39.764044,-104.898445,central_park
2164,39.77906,-104.886291,central_park
2165,39.709947,-104.959399,wash_park
2166,39.747725,-104.949827,city_park
2167,39.752725,-104.956951,city_park
2168,39.684365,-104.959314,wash_park
2169,39.745681,-104.960346,city_park
2170,39.712262,-104.947767,wash_park
2171,39.702242,-104.956386,wash_park
2172,39.747588,-105.003053,downtown
2173,39.769407,-104.86734,central_park
2174,39.743285,-104.951336,city_park
2175,39.738173,-104.973705,downtown
2176,39.762131,-104.871689,central_park
2177,39.753336,-104.954584,city_park
2178,39.73386,-105.007427,downtown
2179,39.700787,-104.988924,wash_park
2180,39.742075,-104.987947,downtown
2181,39.741279,-104.964192,downtown
2182,39.796767,-104.896673,central_park
2183,39.856066,-104.677362,airport
2184,39.733,-104.997257,downtown
2185,39.729926,-104.932165,city_park
2186,39.849307,-104.678214,airport
2187,39.766574,-104.965432,city_park
2188,39.734153,-104.976845,downtown
2189,39.741431,-104.987884,downtown
2190,39.752336,-105.006735,downtown
2191,39.712295,-104.974375,wash_park
2192,39.759654,-104.898238,central_park
2193,39.731052,-104.966908,downtown
2194,39.756176,-104.990996,downtown
2195,39.748028,-105.004311,downtown
2196,39.710358,-104.967766,wash_park
2197,39.746768,-104.988218,downtown
2198,39.674894,-104.95475,wash_park
2199,39.781583,-104.882143,central_park
2200,39.693395,-104.968701,wash_park
2201,39.708443,-104.974576,wash_park
2202,39.743468,-104.995881,downtown
2203,39.73123,-104.990826,downtown
2204,39.761136,-104.893143,central_park
2205,39.759667,-104.88754,central_park
2206,39.763146,-104.945474,city_park
2207,39.857843,-104.675489,airport
2208,39.851874,-104.684591,airport
2209,39.874259,-104.680596,airport
2210,39.755655,-104.979272,downtown
2211,39.832209,-104.665186,airport
2212,39.882536,-104.672542,airport
2213,39.864546,-104.67693,airport
2214,39.702529,-105.000002,wash_park
2215,39.856859,-104.67002,airport
2216,39.8546,-104.670065,airport
2217,39.748557,-104.993801,downtown
2218,39.759319,-104.927047,city_park
2219,39.789068,-104.872525,central_park
2220,39.740709,-104.99996,downtown
2221,39.702126,-104.975012,wash_park
2222,39.731492,-104.946034,city_park
2223,39.737092,-104.996142,downtown
2224,39.862011,-104.686218,airport
2225,39.756553,-104.964001,city_park
2226,39.841217,-104.664326,airport
2227,39.696946,-104.9784,wash_park
2228,39.756851,-104.952242,city_park
2229,39.750455,-104.936968,city_park
2230,39.725113,-104.989803,downtown
2231,39.745287,-104.942549,city_park
2232,39.766884,-104.884046,central_park
2233,39.754932,-105.003497,downtown
2234,39.747118,-104.951399,city_park
2235,39.743782,-104.988699,downtown
2236,39.76019,-104.945128,city_park
2237,39.855937,-104.664497,airport
2238,39.734283,-104.990428,downtown
2239,39.858817,-104.666822,airport
2240,39.765724,-104.942728,city_park
2241,39.729795,-104.997188,downtown
2242,39.850509,-104.68031,airport
2243,39.776947,-104.890587,central_park
2244,39.738946,-105.006632,downtown
2245,39.782206,-104.875809,central_park
2246,39.743762,-104.98537,downtown
2247,39.740794,-104.977586,city_park
2248,39.763238,-104.893279,central_park
2249,39.865433,-104.675552,airport
2250,39.852427,-104.684894,airport
2251,39.740381,-104.988881,downtown
2252,39.765616,-104.987126,downtown
2253,39.776165,-104.868211,central_park
2254,39.8432,-104.667092,airport
2255,39.70807,-104.960538,wash_park
2256,39.745928,-104.95459,city_park
2257,39.748161,-104.975015,downtown
2258,39.752995,-104.880762,central_park
2259,39.860008,-104.658844,airport
2260,39.706194,-104.969525,wash_park
2261,39.849692,-104.706261,airport
2262,39.703908,-104.9861,wash_park
2263,39.85317,-104.660278,airport
2264,39.736438,-104.963933,city_park
2265,39.860807,-104.686382,airport
2266,39.694694,-104.972223,wash_park
2267,39.758676,-104.980445,downtown
2268,39.736478,-104.952662,city_park
2269,39.763667,-104.869768,central_park
2270,39.737654,-104.982682,downtown
2271,39.73999,-104.981901,downtown
2272,39.765287,-104.871199,central_park
2273,39.702074,-104.975307,wash_park
2274,39.733109,-105.019833,downtown
2275,39.697433,-104.987308,wash_park
2276,39.710934,-104.992031,wash_park
2277,39.852731,-104.654154,airport
2278,39.860694,-104.667896,airport
2279,39.864456,-104.666328,airport
2280,39.770232,-104.877236,central_park
2281,39.759696,-104.987486,downtown
2282,39.758191,-104.936097,city_park
2283,39.776054,-104.884132,central_park
2284,39.74425,-104.959098,city_park
2285,39.738752,-104.979367,downtown
2286,39.767625,-104.947888,city_park
2287,39.748106,-104.975359,downtown
2288,39.740413,-104.971434,city_park
2289,39.762279,-104.879949,central_park
2290,39.708628,-104.966355,wash_park
2291,39.86097,-104.702229,airport
2292,39.709557,-104.968524,wash_park
2293,39.871244,-104.692842,airport
2294,39.736376,-104.977798,downtown
2295,39.7475,-104.960455,city_park
2296,39.85334,-104.668068,airport
2297,39.695382,-104.965355,wash_park
2298,39.705536,-104.948169,wash_park
2299,39.734981,-104.99046,downtown
2300,39.748288,-104.966345,city_park
2301,39.865799,-104.657334,airport
2302,39.750459,-104.933614,city_park
2303,39.73867,-104.947827,city_park
2304,39.775122,-104.895929,central_park
2305,39.740063,-104.988955,downtown
2306,39.708948,-104.971751,wash_park
2307,39.745153,-104.991114,downtown
2308,39.740048,-105.007901,downtown
2309,39.858924,-104.676081,airport
2310,39.852747,-104.69087,airport
2311,39.745127,-104.94333,city_park
2312,39.84806,-104.677079,airport
2313,39.70606,-104.970816,wash_park
2314,39.717042,-104.994991,downtown
2315,39.698607,-104.967303,wash_park
2316,39.751467,-104.971933,city_park
2317,39.869376,-104.687276,airport
2318,39.750754,-104.945386,city_park
2319,39.731063,-104.973669,downtown
2320,39.726813,-104.943492,wash_park
2321,39.749775,-104.981928,downtown
2322,39.748261,-104.96208,city_park
2323,39.743067,-105.005695,downtown
2324,39.741635,-105.009401,downtown
2325,39.775203,-104.882301,central_park
2326,39.741467,-104.963038,city_park
2327,39.736191,-104.995334,downtown
2328,39.738294,-105.00344,downtown
2329,39.782742,-104.918879,central_park
2330,39.867172,-104.684095,airport
2331,39.740336,-104.961296,city_park
2332,39.742635,-105.008857,downtown
2333,39.85341,-104.687869,airport
2334,39.732991,-104.976302,downtown
2335,39.702077,-104.965829,wash_park
2336,39.706956,-104.974372,wash_park
2337,39.747895,-104.999098,downtown
2338,39.739672,-104.944263,city_park
2339,39.846149,-104.675128,airport
2340,39.728706,-104.990207,downtown
2341,39.758525,-104.960843,city_park
2342,39.774998,-104.890993,central_park
2343,39.737928,-104.99643,downtown
2344,39.708274,-104.974555,wash_park
2345,39.722864,-104.986987,downtown
2346,39.755716,-104.863371,central_park
2347,39.851838,-104.670392,airport
2348,39.861685,-104.671966,airport
2349,39.756488,-104.955575,city_park
2350,39.749418,-104.961423,city_park
2351,39.876315,-104.666045,airport
2352,39.776468,-104.863325,central_park
2353,39.754657,-104.947276,city_park
2354,39.761164,-104.877249,central_park
2355,39.870225,-104.685969,airport
2356,39.745446,-104.971082,city_park
2357,39.693888,-104.970399,wash_park
2358,39.728956,-104.947427,city_park
2359,39.74375,-105.007174,downtown
2360,39.749081,-104.943032,city_park
2361,39.768288,-104.961565,city_park
2362,39.692804,-104.989094,wash_park
2363,39.688959,-104.979354,wash_park
2364,39.700233,-104.972309,wash_park
2365,39.861015,-104.658115,airport
2366,39.868386,-104.668614,airport
2367,39.71813,-104.986431,downtown
2368,39.744996,-104.993249,downtown
2369,39.740917,-104.999064,downtown
2370,39.713249,-104.978437,wash_park
2371,39.697063,-104.977567,wash_park
2372,39.740604,-104.992285,downtown
2373,39.730947,-104.942887,city_park
2374,39.738978,-104.984384,downtown
2375,39.741943,-104.984473,downtown
2376,39.746439,-104.984816,downtown
2377,39.754713,-104.940522,city_park
2378,39.742622,-104.989592,downtown
2379,39.743604,-104.943797,city_park
2380,39.725895,-104.974437,downtown
2381,39.744105,-104.971141,downtown
2382,39.839408,-104.672816,airport
2383,39.750652,-104.952192,city_park
2384,39.7384,-104.947389,city_park
2385,39.750126,-104.930114,city_park
2386,39.753802,-104.994393,downtown
2387,39.722687,-104.997393,downtown
2388,39.735712,-104.987522,downtown
2389,39.863661,-104.643564,airport
2390,39.765381,-104.956931,city_park
2391,39.728458,-104.942819,city_park
2392,39.759179,-104.954916,city_park
2393,39.698469,-104.938868,wash_park
2394,39.749686,-104.995886,downtown
2395,39.861314,-104.68363,airport
2396,39.739054,-104.966754,city_park
2397,39.76373,-104.949454,city_park
2398,39.852962,-104.662268,airport
2399,39.74735,-104.978531,downtown
2400,39.726704,-104.983469,downtown
2401,39.7662,-104.86848,central_park
2402,39.738008,-104.970292,downtown
2403,39.74873,-104.92075,city_park
2404,39.726101,-104.986243,downtown
2405,39.734047,-105.006462,downtown
2406,39.717906,-104.986504,downtown
2407,39.837941,-104.660471,airport
2408,39.705973,-104.98487,wash_park
2409,39.70262,-104.973884,wash_park
2410,39.74656,-105.005879,downtown
2411,39.845063,-104.656175,airport
2412,39.701081,-104.964165,wash_park
2413,39.704575,-104.971476,wash_park
2414,39.757986,-104.960074,city_park
2415,39.747262,-104.989091,downtown
2416,39.769778,-104.88094,central_park
2417,39.850883,-104.655667,airport
2418,39.72971,-104.989857,downtown
2419,39.752132,-105.000916,downtown
2420,39.745365,-104.969302,downtown
2421,39.756878,-104.966357,city_park
2422,39.734085,-104.960633,city_park
2423,39.850781,-104.68781,airport
2424,39.74174,-104.987125,downtown
2425,39.732689,-104.993971,downtown
2426,39.749314,-104.962672,city_park
2427,39.871448,-104.674632,airport
2428,39.747765,-104.939623,city_park
2429,39.761237,-104.961534,city_park
2430,39.794891,-104.875921,central_park
2431,39.755999,-104.955295,city_park
2432,39.846836,-104.671331,airport
2433,39.710314,-104.975708,wash_park
2434,39.729632,-104.983994,downtown
2435,39.740609,-104.985639,downtown
2436,39.872247,-104.670585,airport
2437,39.769009,-104.882826,central_park
2438,39.743616,-104.981405,downtown
2439,39.865488,-104.665864,airport
2440,39.693275,-104.979246,wash_park
2441,39.739188,-104.984567,downtown
2442,39.737393,-104.986921,downtown
2443,39.745761,-105.017974,downtown
2444,39.692579,-104.983921,wash_park
2445,39.852381,-104.676115,airport
2446,39.74768,-104.988136,downtown
2447,39.709794,-104.967509,wash_park
2448,39.764587,-104.881372,central_park
2449,39.869878,-104.666447,airport
2450,39.85337,-104.662403,airport
2451,39.73929,-104.999042,downtown
2452,39.855315,-104.675178,airport
2453,39.753765,-104.97872,city_park
2454,39.843527,-104.649799,airport
2455,39.696449,-104.966954,wash_park
2456,39.749945,-104.980595,downtown
2457,39.740808,-104.997932,downtown
2458,39.851097,-104.680717,airport
2459,39.746278,-104.967849,city_park
2460,39.740229,-104.994355,downtown
2461,39.715884,-104.978369,downtown
2462,39.697196,-104.946854,wash_park
2463,39.710163,-104.961758,wash_park
2464,39.738335,-104.989178,downtown
2465,39.854604,-104.677412,airport
2466,39.758089,-104.975421,city_park
2467,39.750249,-104.947443,city_park
2468,39.774509,-104.895702,central_park
2469,39.846467,-104.705671,airport
2470,39.849685,-104.659934,airport
2471,39.764735,-104.893331,central_park
2472,39.722277,-104.984303,downtown
2473,39.739364,-104.989286,downtown
2474,39.740929,-104.973646,downtown
2475,39.736812,-105.019794,downtown
2476,39.738778,-104.99842,downtown
2477,39.748675,-104.991024,downtown
2478,39.74406,-104.989187,downtown
2479,39.743744,-104.975332,downtown
2480,39.707362,-104.969198,wash_park
2481,39.748749,-104.968106,downtown
2482,39.698198,-104.957106,wash_park
2483,39.758264,-104.987192,downtown
2484,39.787413,-104.882626,central_park
2485,39.74913,-104.96066,city_park
2486,39.769986,-104.876634,central_park
2487,39.692361,-104.994204,wash_park
2488,39.793158,-104.885359,central_park
2489,39.777621,-104.882323,central_park
2490,39.774316,-104.892519,central_park
2491,39.738478,-104.943467,city_park
2492,39.772605,-104.881311,central_park
2493,39.860723,-104.659915,airport
2494,39.703449,-104.966493,wash_park
2495,39.718622,-104.986794,wash_park
2496,39.777664,-104.890405,central_park
2497,39.724691,-104.987054,downtown
2498,39.722542,-104.991383,downtown
2499,39.844369,-104.674511,airport
2500,39.74378,-104.94455,city_park
2501,39.853597,-104.687398,airport
2502,39.720885,-104.974531,downtown
2503,39.862955,-104.671774,airport
2504,39.745753,-104.999429,downtown
2505,39.749162,-105.000354,downtown
2506,39.763608,-104.874209,central_park
2507,39.748567,-104.983745,downtown
2508,39.738332,-104.961759,city_park
2509,39.846061,-104.667667,airport
2510,39.750932,-104.964871,city_park
2511,39.751125,-104.947086,city_park
2512,39.853474,-104.669847,airport
2513,39.690681,-104.971384,wash_park
2514,39.709076,-104.972431,wash_park
2515,39.745694,-104.988389,downtown
2516,39.735145,-104.981347,downtown
2517,39.701751,-104.978787,wash_park
2518,39.740888,-104.970542,wash_park
2519,39.70359,-104.996426,wash_park
2520,39.733514,-104.969063,downtown
2521,39.696605,-104.963043,wash_park
2522,39.849766,-104.684932,airport
2523,39.748398,-104.961807,city_park
2524,39.750403,-104.935253,city_park
2525,39.730527,-104.957092,city_park
2526,39.703088,-104.983151,wash_park
2527,39.70251,-104.962859,wash_park
2528,39.702796,-104.977794,wash_park
2529,39.738956,-104.959175,city_park
2530,39.872684,-104.652945,airport
2531,39.746224,-105.011434,downtown
2532,39.725906,-104.981418,downtown
2533,39.750223,-104.969664,city_park
2534,39.756556,-104.987237,downtown
2535,39.78655,-104.860625,central_park
2536,39.729885,-105.002179,downtown
2537,39.874874,-104.698632,airport
2538,39.72964,-104.980887,downtown
2539,39.749274,-104.980472,downtown
2540,39.751492,-104.958261,city_park
2541,39.736787,-104.9913,downtown
2542,39.849688,-104.673149,airport
2543,39.747151,-104.992559,downtown
2544,39.73715,-104.994153,downtown
2545,39.733101,-104.991156,downtown
2546,39.767548,-104.881274,central_park
2547,39.728091,-104.993408,downtown
2548,39.758446,-104.996995,downtown
2549,39.742125,-104.978025,downtown
2550,39.691565,-104.967424,wash_park
2551,39.762425,-104.892408,central_park
2552,39.855905,-104.672252,airport
2553,39.748491,-104.985561,downtown
2554,39.683329,-104.974262,wash_park
2555,39.759805,-104.88111,central_park
2556,39.700131,-104.94594,wash_park
2557,39.743156,-104.97301,city_park
2558,39.725381,-105.004558,downtown
2559,39.739317,-104.964551,downtown
2560,39.68378,-104.96309,wash_park
2561,39.730114,-104.995315,downtown
2562,39.773808,-104.860786,central_park
2563,39.73344,-104.997485,downtown
2564,39.767366,-104.903197,central_park
2565,39.707991,-104.988767,downtown
2566,39.860089,-104.673841,airport
2567,39.740121,-105.000902,downtown
2568,39.747794,-104.940749,city_park
2569,39.7618,-104.946798,city_park
2570,39.69285,-104.956507,wash_park
2571,39.77133,-104.883934,central_park
2572,39.746922,-104.995613,downtown
2573,39.701258,-104.969569,wash_park
2574,39.749185,-104.92566,city_park
2575,39.74742,-105.011116,downtown
2576,39.743773,-104.989674,downtown
2577,39.729478,-104.992881,downtown
2578,39.740483,-105.008284,downtown
2579,39.73481,-104.983774,downtown
2580,39.736033,-104.997763,downtown
2581,39.865547,-104.692463,airport
2582,39.851633,-104.698719,airport
2583,39.746824,-104.951324,city_park
2584,39.741596,-105.010583,downtown
2585,39.767291,-104.878722,central_park
2586,39.712652,-104.973222,downtown
2587,39.744486,-104.973623,downtown
2588,39.752391,-105.004742,downtown
2589,39.707983,-104.963689,wash_park
2590,39.754941,-104.948311,city_park
2591,39.858626,-104.666107,airport
2592,39.752705,-104.95728,city_park
2593,39.735367,-104.984489,downtown
2594,39.743986,-104.944102,city_park
2595,39.764815,-104.946115,city_park
2596,39.853562,-104.670414,airport
2597,39.734899,-104.974923,downtown
2598,39.782445,-104.87612,central_park
2599,39.77612,-104.890942,central_park
2600,39.749645,-104.904891,central_park
2601,39.844374,-104.702606,airport
2602,39.849097,-104.65887,airport
2603,39.76441,-104.863666,central_park
2604,39.741021,-104.940859,city_park
2605,39.845527,-104.662136,airport
2606,39.713746,-105.00901,downtown
2607,39.723334,-105.007374,downtown
2608,39.737923,-105.010434,downtown
2609,39.865109,-104.669426,airport
2610,39.743117,-104.983685,downtown
2611,39.751168,-104.9978,downtown
2612,39.771898,-104.895689,central_park
2613,39.728721,-105.006221,downtown
2614,39.762308,-104.957436,city_park
2615,39.75836,-104.986852,downtown
2616,39.739806,-104.975378,downtown
2617,39.768654,-104.892805,central_park
2618,39.853493,-104.689824,airport
2619,39.743298,-104.943322,city_park
2620,39.741805,-104.993635,downtown
2621,39.73553,-104.995255,downtown
2622,39.750435,-104.981533,downtown
2623,39.711679,-104.973661,wash_park
2624,39.737848,-105.000539,downtown
2625,39.705199,-104.962527,wash_park
2626,39.736797,-104.977534,downtown
2627,39.853713,-104.652974,airport
2628,39.749129,-104.992375,downtown
2629,39.728132,-104.985174,downtown
2630,39.7062,-104.992162,wash_park
2631,39.714725,-104.96854,wash_park
2632,39.773755,-104.912032,central_park
2633,39.865336,-104.657867,airport
2634,39.728491,-104.987313,downtown
2635,39.744962,-104.957866,city_park
2636,39.73351,-104.988964,downtown
2637,39.750948,-104.989161,downtown
2638,39.682231,-104.968531,wash_park
2639,39.781999,-104.887138,central_park
2640,39.739576,-104.967385,city_park
2641,39.769897,-104.948459,city_park
2642,39.741979,-104.95816,city_park
2643,39.74727,-104.92849,city_park
2644,39.69344,-104.970839,wash_park
2645,39.851311,-104.690134,airport
2646,39.77183,-104.893904,central_park
2647,39.744655,-105.005928,downtown
2648,39.851434,-104.690046,airport
2649,39.72467,-104.98529,downtown
2650,39.719475,-105.00799,downtown
2651,39.722118,-104.968404,wash_park
2652,39.864827,-104.679727,airport
2653,39.865926,-104.682154,airport
2654,39.722545,-104.97979,downtown
2655,39.730757,-104.960537,downtown
2656,39.849743,-104.666784,airport
2657,39.759505,-104.968565,city_park
2658,39.727845,-105.005988,downtown
2659,39.749575,-104.974718,downtown
2660,39.765621,-104.87884,central_park
2661,39.772728,-104.885617,central_park
2662,39.735162,-105.004117,downtown
2663,39.855449,-104.680999,airport
2664,39.746108,-104.962642,city_park
2665,39.749577,-104.994478,downtown
2666,39.706372,-104.966153,wash_park
2667,39.739646,-104.999583,downtown
2668,39.760702,-104.875864,central_park
2669,39.860181,-104.679024,airport
2670,39.733411,-104.983587,downtown
2671,39.729411,-104.997312,downtown
2672,39.858961,-104.671179,airport
2673,39.718203,-104.96928,wash_park
2674,39.782474,-104.876662,central_park
2675,39.715708,-105.011601,downtown
2676,39.715308,-104.97562,wash_park
2677,39.730504,-104.985346,downtown
2678,39.790925,-104.885077,central_park
2679,39.76754,-104.895076,central_park
2680,39.733666,-104.981853,downtown
2681,39.724282,-104.985333,downtown
2682,39.709168,-104.974247,wash_park
2683,39.861605,-104.680824,airport
2684,39.85991,-104.684257,airport
2685,39.849948,-104.685153,airport
2686,39.759125,-104.92252,city_park
2687,39.773202,-104.88703,central_park
2688,39.76541,-104.948823,city_park
2689,39.726365,-104.984679,downtown
2690,39.744869,-104.958213,city_park
2691,39.769005,-104.966576,city_park
2692,39.78603,-104.90537,central_park
2693,39.703207,-104.962393,wash_park
2694,39.726277,-104.992264,downtown
2695,39.767271,-104.885183,central_park
2696,39.700259,-104.952982,wash_park
2697,39.752284,-104.960154,city_park
2698,39.759016,-104.943245,city_park
2699,39.743193,-104.970805,downtown
2700,39.865141,-104.666869,airport
2701,39.717294,-104.946676,wash_park
2702,39.773222,-104.893423,central_park
2703,39.718091,-104.9865,downtown
2704,39.747334,-104.979121,downtown
2705,39.717931,-104.960092,wash_park
2706,39.788009,-104.893505,central_park
2707,39.850088,-104.682879,airport
2708,39.704139,-104.981721,wash_park
2709,39.837878,-104.682661,airport
2710,39.70582,-104.964131,wash_park
2711,39.753118,-104.979827,downtown
2712,39.772332,-104.890959,central_park
2713,39.763007,-104.978726,city_park
2714,39.859674,-104.673655,airport
2715,39.764014,-104.982482,city_park
2716,39.729225,-104.976726,downtown
2717,39.691537,-104.972015,wash_park
2718,39.729362,-104.981179,downtown
2719,39.762701,-104.932345,city_park
2720,39.693969,-104.969986,wash_park
2721,39.865105,-104.659611,airport
2722,39.701063,-104.985517,wash_park
2723,39.744324,-104.990674,downtown
2724,39.769422,-104.898181,central_park
2725,39.689401,-104.969415,wash_park
2726,39.756939,-104.956277,city_park
2727,39.708979,-104.951102,wash_park
2728,39.703992,-104.973754,wash_park
2729,39.777487,-104.872482,central_park
2730,39.762603,-104.956724,city_park
2731,39.717581,-104.970849,wash_park
2732,39.725871,-105.023158,downtown
2733,39.695508,-104.960705,wash_park
2734,39.737022,-104.997761,downtown
2735,39.76834,-104.881065,central_park
2736,39.689174,-104.9805,wash_park
2737,39.702222,-104.982847,wash_park
2738,39.749217,-104.976215,downtown
2739,39.743506,-104.983654,downtown
2740,39.704875,-104.971619,wash_park
2741,39.69161,-104.978274,wash_park
2742,39.787203,-104.861468,central_park
2743,39.760427,-104.977966,city_park
2744,39.74541,-104.991521,downtown
2745,39.753581,-104.99245,downtown
2746,39.86989,-104.676886,airport
2747,39.755255,-104.953112,city_park
2748,39.738555,-104.982601,city_park
2749,39.845226,-104.660712,airport
2750,39.695571,-104.987467,wash_park
2751,39.767797,-104.8928,central_park
2752,39.852701,-104.669208,airport
2753,39.724368,-104.989092,downtown
2754,39.760909,-104.952743,city_park
2755,39.853644,-104.654072,airport
2756,39.709827,-104.957466,wash_park
2757,39.844197,-104.667375,airport
2758,39.75937,-104.980096,downtown
2759,39.712283,-104.949843,wash_park
2760,39.727562,-104.995433,downtown
2761,39.692934,-104.968958,wash_park
2762,39.85211,-104.694355,airport
2763,39.739688,-105.021458,downtown
2764,39.778206,-104.870291,central_park
2765,39.722295,-104.997563,downtown
2766,39.743889,-104.984396,downtown
2767,39.721158,-104.999267,downtown
2768,39.750984,-104.992093,downtown
2769,39.737918,-104.958468,city_park
2770,39.780956,-104.884995,central_park
2771,39.755155,-104.887555,central_park
2772,39.843759,-104.66836,airport
2773,39.827172,-104.678677,airport
2774,39.741334,-104.956958,city_park
2775,39.742323,-104.998294,downtown
2776,39.73339,-104.968708,downtown
2777,39.766911,-104.890012,central_park
2778,39.757649,-104.942902,city_park
2779,39.738894,-104.978537,downtown
2780,39.769126,-104.882061,central_park
2781,39.725463,-104.981946,downtown
2782,39.762673,-104.946639,city_park
2783,39.770354,-104.892416,central_park
2784,39.737806,-104.973575,city_park
2785,39.851047,-104.670351,airport
2786,39.770405,-104.883886,central_park
2787,39.860659,-104.670802,airport
2788,39.735675,-104.991627,downtown
2789,39.850236,-104.665494,airport
2790,39.744059,-104.9966,downtown
2791,39.720331,-104.968262,downtown
2792,39.766014,-104.938232,city_park
2793,39.738038,-105.000473,downtown
2794,39.692756,-104.96904,wash_park
2795,39.713399,-104.981374,wash_park
2796,39.860972,-104.678143,airport
2797,39.765426,-104.877938,central_park
2798,39.717069,-104.972952,wash_park
2799,39.86277,-104.68477,airport
2800,39.751184,-104.989441,downtown
2801,39.74604,-104.981949,downtown
2802,39.720199,-104.963709,wash_park
2803,39.770503,-104.893762,central_park
2804,39.854394,-104.681052,airport
2805,39.776042,-104.898522,central_park
2806,39.717773,-104.977757,downtown
2807,39.775841,-104.894423,central_park
2808,39.782163,-104.888974,central_park
2809,39.742634,-104.98768,downtown
2810,39.710651,-104.972448,wash_park
2811,39.738674,-105.00554,downtown
2812,39.766022,-104.976803,city_park
2813,39.731824,-104.95606,city_park
2814,39.712965,-104.958977,city_park
2815,39.76922,-104.896587,central_park
2816,39.870126,-104.68425,airport
2817,39.700115,-104.989092,wash_park
2818,39.737502,-105.019688,downtown
2819,39.713952,-104.980045,wash_park
2820,39.835909,-104.693079,airport
2821,39.865077,-104.683572,airport
2822,39.756234,-104.979865,downtown
2823,39.758019,-104.9587,city_park
2824,39.744571,-104.950795,city_park
2825,39.772518,-104.870064,central_park
2826,39.711224,-104.963173,wash_park
2827,39.742964,-104.971185,downtown
2828,39.857831,-104.66368,airport
2829,39.760856,-104.902548,central_park
2830,39.725703,-104.986472,downtown
2831,39.739475,-104.941937,city_park
2832,39.738583,-104.989331,downtown
2833,39.776154,-104.874663,central_park
2834,39.734997,-104.990048,downtown
2835,39.750925,-104.949925,city_park
2836,39.756171,-104.940449,city_park
2837,39.732524,-104.984115,downtown
2838,39.755551,-104.935037,city_park
2839,39.721483,-104.981661,downtown
2840,39.732728,-104.980122,downtown
2841,39.752569,-104.960801,city_park
2842,39.748899,-104.987292,downtown
2843,39.709804,-104.974134,wash_park
2844,39.724531,-104.987997,downtown
2845,39.728082,-104.983085,downtown
2846,39.703029,-104.980371,wash_park
2847,39.713695,-104.979583,wash_park
2848,39.777978,-104.89493,central_park
2849,39.740811,-104.988744,downtown
2850,39.722122,-104.9903,downtown
2851,39.735216,-105.000187,downtown
2852,39.771658,-104.89777,central_park
2853,39.722349,-104.988508,downtown
2854,39.746081,-104.978553,downtown
2855,39.741296,-105.014146,downtown
2856,39.772808,-104.862758,central_park
2857,39.734277,-105.011355,downtown
2858,39.698678,-104.970111,wash_park
2859,39.760579,-104.89423,central_park
2860,39.741085,-104.98782,downtown
2861,39.782013,-104.890451,central_park
2862,39.85882,-104.671601,airport
2863,39.743081,-104.93906,city_park
2864,39.733313,-104.978554,downtown
2865,39.742731,-104.963033,city_park
2866,39.737426,-104.979346,downtown
2867,39.746674,-104.951609,city_park
2868,39.754847,-104.98392,downtown
2869,39.717667,-104.985716,downtown
2870,39.74889,-104.963503,downtown
2871,39.746488,-104.949895,city_park
2872,39.720342,-104.997932,downtown
2873,39.738682,-105.001648,downtown
2874,39.695519,-104.972086,wash_park
2875,39.858546,-104.662257,airport
2876,39.783741,-104.870547,central_park
2877,39.720326,-105.003996,downtown
2878,39.86181,-104.656256,airport
2879,39.783711,-104.878158,central_park
2880,39.734536,-105.026146,downtown
2881,39.738653,-104.993832,downtown
2882,39.731951,-104.993156,downtown
2883,39.785683,-104.905813,central_park
2884,39.781117,-104.893029,central_park
2885,39.708172,-104.972387,wash_park
2886,39.758755,-104.960942,city_park
2887,39.726655,-105.001116,downtown
2888,39.7516,-104.985932,downtown
2889,39.699318,-104.9885,wash_park
2890,39.739938,-104.977239,city_park
2891,39.780938,-104.86775,central_park
2892,39.749857,-104.96694,city_park
2893,39.741577,-104.983813,downtown
2894,39.732446,-105.013601,downtown
2895,39.689925,-104.964799,wash_park
2896,39.745677,-104.947006,city_park
2897,39.6992,-104.972366,wash_park
2898,39.739409,-104.98692,downtown
2899,39.75624,-105.008648,downtown
2900,39.742821,-105.006952,downtown
2901,39.744705,-105.003591,downtown
2902,39.731364,-104.976913,downtown
2903,39.761545,-104.945628,city_park
2904,39.746212,-104.967106,city_park
2905,39.854548,-104.670024,airport
2906,39.708152,-104.977549,wash_park
2907,39.784357,-104.856307,central_park
2908,39.7652,-104.957771,city_park
2909,39.717985,-104.957686,wash_park
2910,39.736522,-104.974948,city_park
2911,39.838608,-104.680648,airport
2912,39.737645,-104.974568,downtown
2913,39.705106,-104.976979,wash_park
2914,39.737776,-105.001681,downtown
2915,39.777764,-104.880783,central_park
2916,39.743397,-104.996209,downtown
2917,39.746143,-104.972187,city_park
2918,39.742455,-104.983889,downtown
2919,39.745044,-104.957854,city_park
2920,39.739853,-104.96403,downtown
2921,39.782386,-104.876354,central_park
2922,39.709846,-104.985247,wash_park
2923,39.76656,-104.952085,city_park
2924,39.703159,-104.972829,wash_park
2925,39.744,-104.986962,downtown
2926,39.882053,-104.671053,airport
2927,39.785314,-104.872864,central_park
2928,39.737424,-104.998082,downtown
2929,39.737994,-104.960005,city_park
2930,39.736353,-104.984245,downtown
2931,39.734195,-105.006058,downtown
2932,39.741313,-104.995282,downtown
2933,39.720219,-104.991955,downtown
2934,39.741077,-104.991687,downtown
2935,39.756773,-104.941001,city_park
2936,39.746342,-104.998451,downtown
2937,39.774656,-104.890258,central_park
2938,39.742767,-104.986753,downtown
2939,39.763866,-104.872036,central_park
2940,39.759111,-105.002793,downtown
2941,39.76754,-104.889588,central_park
2942,39.735775,-104.965604,city_park
2943,39.734992,-104.999124,downtown
2944,39.702285,-104.965419,wash_park
2945,39.76026,-104.908711,central_park
2946,39.70404,-104.974643,wash_park
2947,39.744379,-104.993078,downtown
2948,39.851848,-104.662902,airport
2949,39.707527,-104.983352,wash_park
2950,39.716838,-105.004582,downtown
2951,39.76652,-104.969365,downtown
2952,39.73262,-104.98334,downtown
2953,39.744402,-104.96663,city_park
2954,39.695987,-104.951302,wash_park
2955,39.856368,-104.661205,airport
2956,39.735945,-104.958116,city_park
2957,39.695127,-104.959505,wash_park
2958,39.734426,-104.963674,city_park
2959,39.702873,-104.978409,wash_park
2960,39.741059,-104.990385,downtown
2961,39.877832,-104.680814,airport
2962,39.72784,-104.971375,downtown
2963,39.776011,-104.894099,central_park
2964,39.755351,-105.01584,downtown
2965,39.773384,-104.862516,central_park
2966,39.755776,-104.966921,downtown
2967,39.703341,-104.96807,wash_park
2968,39.761738,-104.871535,central_park
2969,39.87315,-104.663473,airport
2970,39.781863,-104.882843,central_park
2971,39.750686,-104.983051,downtown
2972,39.70874,-104.963846,wash_park
2973,39.704816,-104.988583,wash_park
2974,39.731494,-104.984555,downtown
2975,39.702227,-104.979288,wash_park
2976,39.741075,-104.992383,downtown
2977,39.703522,-104.970037,wash_park
2978,39.696289,-104.992178,wash_park
2979,39.866845,-104.697324,airport
2980,39.745348,-104.967189,city_park
2981,39.751169,-104.992749,downtown
2982,39.777375,-104.87914,central_park
2983,39.857337,-104.6662,airport
2984,39.687116,-104.978387,wash_park
2985,39.696502,-104.967951,wash_park
2986,39.8589,-104.68007,airport
2987,39.70102,-104.97629,wash_park
2988,39.751204,-104.982638,downtown
2989,39.713017,-104.968287,wash_park
2990,39.760364,-104.948544,city_park
2991,39.700402,-104.955836,wash_park
2992,39.863856,-104.671781,airport
2993,39.760672,-104.89112,central_park
2994,39.713336,-104.967047,wash_park
2995,39.781879,-104.8844,central_park
2996,39.733919,-104.985581,downtown
2997,39.700892,-105.002018,wash_park
2998,39.713372,-104.96295,wash_park
2999,39.719618,-104.957085,wash_park
3000,39.730823,-104.996432,downtown
3001,39.861051,-104.681662,airport
3002,39.71895,-104.984564,downtown
3003,39.735111,-105.01474,downtown
3004,39.695311,-104.98693,wash_park
3005,39.75094,-104.993573,downtown
3006,39.6916,-104.992544,wash_park
3007,39.741205,-105.000951,downtown
3008,39.754558,-104.965021,city_park
3009,39.773999,-104.896748,central_park
3010,39.736164,-104.993329,downtown
3011,39.731051,-105.000428,downtown
3012,39.717629,-104.951054,wash_park
3013,39.765109,-104.959057,city_park
3014,39.746404,-104.984495,downtown
3015,39.776781,-104.876738,central_park
3016,39.753322,-104.95099,city_park
3017,39.704435,-104.956429,wash_park
3018,39.749556,-105.002471,downtown
3019,39.74843,-104.979367,downtown
3020,39.745604,-104.999708,downtown
3021,39.777059,-104.888137,central_park
3022,39.761833,-104.97948,city_park
3023,39.743093,-104.967977,city_park
3024,39.749948,-105.003111,downtown
3025,39.845933,-104.6892,airport
3026,39.739747,-104.991666,downtown
3027,39.771017,-104.878186,central_park
3028,39.756889,-104.949734,city_park
3029,39.757322,-104.947551,city_park
3030,39.865152,-104.681579,airport
3031,39.736648,-105.016928,downtown
3032,39.773262,-104.892952,central_park
3033,39.725423,-104.953554,downtown
3034,39.744642,-104.968039,city_park
3035,39.744851,-104.988637,downtown
3036,39.742409,-104.963132,city_park
3037,39.731325,-104.997264,downtown
3038,39.765664,-104.875271,central_park
3039,39.766975,-104.946951,city_park
3040,39.76929,-104.893703,central_park
3041,39.859378,-104.67142,airport
3042,39.74328,-104.936927,city_park
3043,39.757797,-104.887769,central_park
3044,39.741335,-104.994923,downtown
3045,39.763358,-104.868189,central_park
3046,39.733112,-104.980148,downtown
3047,39.745781,-104.961585,city_park
3048,39.846705,-104.659108,airport
3049,39.765448,-104.953692,city_park
3050,39.86921,-104.665331,airport
3051,39.843002,-104.642236,airport
3052,39.771765,-104.904585,central_park
3053,39.745683,-104.97952,downtown
3054,39.742432,-104.994738,downtown
3055,39.76241,-104.876925,central_park
3056,39.721201,-104.983366,downtown
3057,39.714113,-104.980378,downtown
3058,39.744646,-104.957584,downtown
3059,39.742224,-104.957065,city_park
3060,39.733737,-104.930837,city_park
3061,39.770993,-104.885948,central_park
3062,39.726196,-104.967403,wash_park
3063,39.758452,-104.968739,city_park
3064,39.846211,-104.670333,airport
3065,39.73626,-104.958851,city_park
3066,39.709706,-104.965122,wash_park
3067,39.75396,-104.94054,city_park
3068,39.733792,-104.939302,city_park
3069,39.84856,-104.669952,airport
3070,39.873681,-104.684427,airport
3071,39.774112,-104.890275,central_park
3072,39.848433,-104.681942,airport
3073,39.748248,-104.98247,city_park
3074,39.726811,-104.984853,downtown
3075,39.736608,-104.978154,downtown
3076,39.7298,-104.986994,downtown
3077,39.734138,-104.989125,downtown
3078,39.781352,-104.89137,central_park
3079,39.700298,-104.988905,wash_park
3080,39.734176,-104.984244,downtown
3081,39.744901,-104.996756,downtown
3082,39.707896,-104.981924,wash_park
3083,39.747579,-104.997587,downtown
3084,39.744726,-104.980754,downtown
3085,39.710766,-104.984696,wash_park
3086,39.769596,-104.999871,downtown
3087,39.745652,-104.991602,downtown
3088,39.864617,-104.692699,airport
3089,39.865909,-104.661342,airport
3090,39.782487,-104.86194,central_park
3091,39.74377,-104.952894,city_park
3092,39.690876,-104.970453,wash_park
3093,39.712753,-104.984061,wash_park
3094,39.716162,-104.999844,downtown
3095,39.748136,-104.983182,downtown
3096,39.854121,-104.675277,airport
3097,39.708557,-104.972326,wash_park
3098,39.747746,-104.96134,city_park
3099,39.741619,-104.96331,city_park
3100,39.745925,-104.996327,downtown
3101,39.748519,-104.934126,city_park
3102,39.706875,-104.987464,wash_park
3103,39.752096,-104.996999,downtown
3104,39.851996,-104.676381,airport
3105,39.744079,-104.958237,city_park
3106,39.74268,-104.993556,downtown
3107,39.735703,-104.937478,city_park
3108,39.745896,-104.954858,city_park
3109,39.743054,-104.991512,downtown
3110,39.849956,-104.666351,airport
3111,39.774764,-104.89205,central_park
3112,39.744808,-104.976301,downtown
3113,39.882868,-104.667269,airport
3114,39.758772,-104.883329,central_park
3115,39.756957,-104.938437,city_park
3116,39.773361,-104.882248,central_park
3117,39.733466,-104.990809,downtown
3118,39.777752,-104.879458,central_park
3119,39.742246,-104.971291,downtown
3120,39.771236,-104.871329,central_park
3121,39.76515,-104.872625,central_park
3122,39.738847,-105.004337,downtown
3123,39.742703,-104.950378,city_park
3124,39.73115,-105.013439,downtown
3125,39.728852,-104.980393,downtown
3126,39.698291,-104.950243,wash_park
3127,39.751851,-104.883102,central_park
3128,39.747662,-104.977073,city_park
3129,39.847825,-104.681634,airport
3130,39.846158,-104.661612,airport
3131,39.740502,-104.987571,downtown
3132,39.740876,-104.960192,city_park
3133,39.689132,-104.994579,wash_park
3134,39.754187,-104.953587,city_park
3135,39.741592,-105.001222,downtown
3136,39.733877,-104.999952,downtown
3137,39.711297,-104.962695,wash_park
3138,39.733878,-104.978486,downtown
3139,39.71533,-104.979157,wash_park
3140,39.738179,-104.963768,city_park
3141,39.736801,-104.974134,downtown
3142,39.775012,-104.888648,central_park
3143,39.757689,-104.875482,central_park
3144,39.736374,-104.983108,downtown
3145,39.674566,-104.96969,wash_park
3146,39.752357,-104.949831,city_park
3147,39.729486,-104.979741,downtown
3148,39.727001,-105.008849,downtown
3149,39.779452,-104.890174,central_park
3150,39.687575,-104.955365,wash_park
3151,39.786455,-104.880799,central_park
3152,39.754089,-104.978138,downtown
3153,39.702415,-104.950153,wash_park
3154,39.739871,-104.958612,city_park
3155,39.843999,-104.66219,airport
3156,39.763186,-104.980528,city_park
3157,39.729458,-104.978448,downtown
3158,39.740581,-104.989786,downtown
3159,39.732458,-104.97388,downtown
3160,39.751131,-104.948146,city_park
3161,39.757828,-104.865985,central_park
3162,39.790925,-104.894715,central_park
3163,39.740256,-104.995976,downtown
3164,39.780463,-104.880128,central_park
3165,39.859135,-104.682494,airport
3166,39.746403,-104.980145,downtown
3167,39.750013,-105.00561,downtown
3168,39.78259,-104.88764,central_park
3169,39.756801,-104.944781,city_park
3170,39.841621,-104.701566,airport
3171,39.738342,-104.998824,downtown
3172,39.738009,-104.98552,downtown
3173,39.86634,-104.68632,airport
3174,39.706103,-104.965348,wash_park
3175,39.774011,-104.884279,central_park
3176,39.741892,-104.997336,downtown
3177,39.742632,-104.974802,downtown
3178,39.75865,-104.970757,city_park
3179,39.733656,-104.988323,downtown
3180,39.754029,-104.959332,city_park
3181,39.767873,-104.958767,city_park
3182,39.74921,-104.962606,city_park
3183,39.743598,-104.981478,downtown
3184,39.769136,-104.89044,central_park
3185,39.772268,-104.893898,central_park
3186,39.773428,-104.882333,central_park
3187,39.848588,-104.670936,airport
3188,39.781679,-104.878573,central_park
3189,39.727292,-104.990497,downtown
3190,39.738558,-104.98491,downtown
3191,39.854917,-104.686196,airport
3192,39.728205,-104.981051,downtown
3193,39.737347,-104.954487,city_park
3194,39.84078,-104.697819,airport
3195,39.741747,-104.98924,downtown
3196,39.743426,-104.988073,downtown
3197,39.727652,-105.00335,downtown
3198,39.761086,-104.943393,city_park
3199,39.771723,-104.876909,central_park
3200,39.700255,-104.961913,wash_park
3201,39.85565,-104.679012,airport
3202,39.744515,-104.968002,city_park
3203,39.74535,-104.995203,downtown
3204,39.745038,-104.987033,downtown
3205,39.773506,-104.883506,central_park
3206,39.74485,-104.94852,city_park
3207,39.75255,-104.981885,downtown
3208,39.750552,-104.902659,central_park
3209,39.848579,-104.673036,airport
3210,39.744632,-105.004398,downtown
3211,39.778737,-104.897591,central_park
3212,39.741887,-104.986057,downtown
3213,39.738248,-105.003424,downtown
3214,39.712698,-104.970593,wash_park
3215,39.746913,-104.953507,city_park
3216,39.74278,-104.979496,city_park
3217,39.718424,-104.990248,wash_park
3218,39.867654,-104.661819,airport
3219,39.7325,-104.965678,wash_park
3220,39.76952,-104.890585,central_park
3221,39.748582,-104.935287,city_park
3222,39.762018,-104.869682,central_park
3223,39.752899,-104.995097,downtown
3224,39.783299,-104.897615,central_park
3225,39.748561,-104.87552,central_park
3226,39.746552,-104.936992,city_park
3227,39.76445,-104.877112,central_park
3228,39.771445,-104.881762,central_park
3229,39.740386,-104.941236,city_park
3230,39.722786,-104.946215,city_park
3231,39.698687,-104.939219,wash_park
3232,39.743583,-104.96736,city_park
3233,39.752878,-104.993788,downtown
3234,39.853373,-104.664361,airport
3235,39.707878,-104.969661,wash_park
3236,39.736443,-104.99249,downtown
3237,39.725892,-104.982825,downtown
3238,39.739116,-104.979158,downtown
3239,39.74856,-105.004051,downtown
3240,39.707383,-104.96579,wash_park
3241,39.745817,-104.990504,downtown
3242,39.862244,-104.669604,airport
3243,39.736833,-104.937641,city_park
3244,39.833021,-104.65905,airport
3245,39.7386,-104.980149,downtown
3246,39.725325,-104.99737,downtown
3247,39.725828,-104.998883,downtown
3248,39.747566,-104.978813,downtown
3249,39.750307,-104.98235,downtown
3250,39.846789,-104.67701,airport
3251,39.767461,-104.882468,central_park
3252,39.738952,-104.929139,city_park
3253,39.694643,-104.967498,wash_park
3254,39.745998,-104.953481,city_park
3255,39.866182,-104.677011,airport
3256,39.698642,-104.976745,wash_park
3257,39.733997,-104.99078,downtown
3258,39.740364,-104.959005,city_park
3259,39.697067,-104.962389,wash_park
3260,39.746405,-105.013189,downtown
3261,39.75116,-104.953652,city_park
3262,39.6997,-104.97874,wash_park
3263,39.73631,-104.976992,downtown
3264,39.754438,-104.982945,downtown
3265,39.85588,-104.677652,airport
3266,39.749335,-104.974792,downtown
3267,39.750483,-104.93724,city_park
3268,39.769787,-104.875169,central_park
3269,39.78401,-104.88444,central_park
3270,39.856163,-104.673633,airport
3271,39.85937,-104.669966,airport
3272,39.720546,-104.986573,downtown
3273,39.752788,-104.952905,city_park
3274,39.766418,-104.957412,city_park
3275,39.687224,-104.976448,wash_park
3276,39.864887,-104.686558,airport
3277,39.743809,-104.960792,city_park
3278,39.701639,-104.976137,wash_park
3279,39.694114,-104.973945,wash_park
3280,39.726678,-105.016658,downtown
3281,39.743075,-104.965392,city_park
3282,39.864213,-104.665917,airport
3283,39.758882,-104.952681,city_park
3284,39.864572,-104.672995,airport
3285,39.866994,-104.684076,airport
3286,39.760605,-105.007275,downtown
3287,39.746644,-104.964525,city_park
3288,39.76017,-104.866591,central_park
3289,39.738893,-104.939724,city_park
3290,39.761486,-104.948265,city_park
3291,39.74625,-104.965721,city_park
3292,39.706846,-104.979436,wash_park
3293,39.701733,-104.958649,wash_park
3294,39.766549,-104.894223,central_park
3295,39.740909,-104.968219,city_park
3296,39.77444,-104.899465,central_park
3297,39.728015,-104.963575,downtown
3298,39.731677,-104.998512,downtown
3299,39.742722,-104.995963,downtown
3300,39.757525,-104.972971,downtown
3301,39.749756,-104.988794,city_park
3302,39.7042,-104.978766,wash_park
3303,39.782206,-104.862493,central_park
3304,39.701803,-104.967892,wash_park
3305,39.870672,-104.658386,airport
3306,39.740344,-105.006632,downtown
3307,39.712806,-104.974881,wash_park
3308,39.834544,-104.648673,airport
3309,39.85847,-104.664998,airport
3310,39.746493,-104.947163,city_park
3311,39.746301,-105.010392,downtown
3312,39.726949,-104.998638,downtown
3313,39.861345,-104.652755,airport
3314,39.765995,-104.87551,central_park
3315,39.753759,-104.951643,city_park
3316,39.717153,-104.979129,wash_park
3317,39.754433,-104.968554,city_park
3318,39.739692,-104.941654,city_park
3319,39.858515,-104.670291,airport
3320,39.74527,-104.95177,city_park
3321,39.740901,-105.000191,downtown
3322,39.740852,-104.974143,downtown
3323,39.743062,-104.962162,downtown
3324,39.772365,-104.866295,central_park
3325,39.757347,-105.013063,downtown
3326,39.721766,-105.001019,downtown
3327,39.762405,-104.885004,central_park
3328,39.73763,-104.995804,downtown
3329,39.754784,-104.959651,city_park
3330,39.735115,-104.982361,downtown
3331,39.739706,-104.996844,downtown
3332,39.745702,-104.982115,city_park
3333,39.861389,-104.679791,airport
3334,39.759718,-104.998644,downtown
3335,39.705262,-104.973205,wash_park
3336,39.78534,-104.890016,central_park
3337,39.867173,-104.66633,airport
3338,39.772125,-104.881525,central_park
3339,39.72472,-104.991131,downtown
3340,39.741586,-104.932936,city_park
3341,39.775844,-104.884456,central_park
3342,39.709649,-104.983744,wash_park
3343,39.765713,-104.90287,central_park
3344,39.87223,-104.667122,airport
3345,39.846561,-104.668289,airport
3346,39.719472,-104.980573,downtown
3347,39.768078,-104.879184,central_park
3348,39.754791,-104.951896,city_park
3349,39.858476,-104.653996,airport
3350,39.775972,-104.89998,central_park
3351,39.788382,-104.883211,central_park
3352,39.709614,-104.967108,wash_park
3353,39.748129,-104.98728,downtown
3354,39.856401,-104.663726,airport
3355,39.851036,-104.672882,airport
3356,39.739184,-104.975269,downtown
3357,39.747128,-104.966228,city_park
3358,39.775433,-104.866365,central_park
3359,39.77407,-104.894807,central_park
3360,39.848321,-104.67529,airport
3361,39.852769,-104.673787,airport
3362,39.768651,-104.901086,central_park
3363,39.740763,-104.984058,downtown
3364,39.774508,-104.865397,central_park
3365,39.726396,-104.974423,downtown
3366,39.754533,-104.99287,downtown
3367,39.851381,-104.672007,airport
3368,39.75589,-104.952961,city_park
3369,39.749959,-104.959461,city_park
3370,39.730177,-104.999229,downtown
3371,39.770243,-104.882602,central_park
3372,39.743453,-104.978621,downtown
3373,39.734958,-104.976204,downtown
3374,39.752717,-104.987627,downtown
3375,39.791794,-104.897222,central_park
3376,39.690847,-104.980922,wash_park
3377,39.744296,-105.00155,downtown
3378,39.745878,-104.974402,city_park
3379,39.746868,-104.982764,downtown
3380,39.696352,-104.991343,wash_park
3381,39.759803,-104.881443,central_park
3382,39.850186,-104.674547,airport
3383,39.747376,-104.982279,city_park
3384,39.757048,-104.988251,downtown
3385,39.779015,-104.880341,central_park
3386,39.742764,-104.944751,city_park
3387,39.846627,-104.660253,airport
3388,39.710059,-104.98526,wash_park
3389,39.731202,-104.994702,downtown
3390,39.744023,-104.978241,downtown
3391,39.722583,-104.948472,city_park
3392,39.751916,-104.961977,city_park
3393,39.746658,-104.993919,downtown
3394,39.854676,-104.669683,airport
3395,39.740006,-104.999899,downtown
3396,39.782336,-104.872863,central_park
3397,39.736847,-104.992884,downtown
3398,39.753946,-104.985934,downtown
3399,39.769933,-104.88669,central_park
3400,39.719693,-104.962915,wash_park
3401,39.738496,-104.972245,downtown
3402,39.762876,-104.869785,central_park
3403,39.853745,-104.669796,airport
3404,39.740663,-104.955611,city_park
3405,39.726352,-104.97416,downtown
3406,39.735167,-104.974071,city_park
3407,39.73105,-104.971557,downtown
3408,39.727025,-104.980786,downtown
3409,39.761754,-104.957774,city_park
3410,39.76138,-104.982638,downtown
3411,39.786029,-104.882373,central_park
3412,39.687615,-104.971417,wash_park
3413,39.739994,-104.960399,city_park
3414,39.740451,-104.993001,downtown
3415,39.679315,-104.94145,wash_park
3416,39.759907,-104.977181,downtown
3417,39.726131,-104.990645,downtown
3418,39.733854,-104.945399,city_park
3419,39.7018,-104.970677,wash_park
3420,39.737341,-104.95698,city_park
3421,39.743485,-104.99887,downtown
3422,39.739943,-104.969817,downtown
3423,39.732028,-104.949539,city_park
3424,39.740113,-104.970835,downtown
3425,39.766478,-104.876472,central_park
3426,39.760512,-104.963926,city_park
3427,39.846212,-104.66976,airport
3428,39.8585,-104.6792,airport
3429,39.749693,-104.967111,city_park
3430,39.861119,-104.66659,airport
3431,39.73759,-104.985745,downtown
3432,39.761027,-104.956652,city_park
3433,39.859142,-104.699184,airport
3434,39.77755,-104.884407,central_park
3435,39.717474,-104.999609,downtown
3436,39.706846,-104.967746,wash_park
3437,39.736844,-104.98884,city_park
3438,39.75421,-105.010251,downtown
3439,39.766313,-104.87535,central_park
3440,39.854909,-104.67957,airport
3441,39.783243,-104.894572,central_park
3442,39.859141,-104.673835,airport
3443,39.698312,-104.959647,wash_park
3444,39.729961,-104.947929,city_park
3445,39.733878,-104.989375,downtown
3446,39.741429,-105.016897,downtown
3447,39.790879,-104.872182,central_park
3448,39.846197,-104.661025,airport
3449,39.736955,-104.949616,city_park
3450,39.860346,-104.675543,airport
3451,39.732218,-104.977301,downtown
3452,39.755596,-104.896123,central_park
3453,39.744132,-104.94557,city_park
3454,39.750605,-104.973063,downtown
3455,39.711863,-104.970559,wash_park
3456,39.735687,-104.962545,city_park
3457,39.738111,-104.984415,downtown
3458,39.719901,-104.980948,downtown
3459,39.765255,-105.008083,downtown
3460,39.718183,-104.978121,wash_park
3461,39.744317,-104.968211,downtown
3462,39.726261,-104.965572,wash_park
3463,39.755145,-104.890324,central_park
3464,39.740332,-104.992682,downtown
3465,39.751353,-104.995883,downtown
3466,39.686304,-104.972962,wash_park
3467,39.751286,-104.978361,downtown
3468,39.695002,-104.96563,wash_park
3469,39.759982,-105.018766,downtown
3470,39.711952,-104.962508,wash_park
3471,39.743534,-105.008934,downtown
3472,39.731169,-104.990728,downtown
3473,39.838831,-104.675376,airport
3474,39.695992,-104.944938,wash_park
3475,39.7642,-104.963797,city_park
3476,39.747194,-105.00512,downtown
3477,39.786334,-104.88122,central_park
3478,39.745539,-104.981465,downtown
3479,39.768863,-104.893351,central_park
3480,39.745553,-105.008266,downtown
3481,39.745686,-104.967056,downtown
3482,39.782875,-104.900608,central_park
3483,39.75085,-104.984013,downtown
3484,39.743742,-104.979064,downtown
3485,39.72953,-104.979443,downtown
3486,39.841544,-104.671964,airport
3487,39.736951,-104.982012,downtown
3488,39.721428,-104.988292,downtown
3489,39.74086,-104.944255,city_park
3490,39.754897,-104.974239,downtown
3491,39.698873,-104.939182,wash_park
3492,39.736605,-104.995375,downtown
3493,39.74594,-104.949652,city_park
3494,39.851272,-104.693558,airport
3495,39.751907,-104.968095,city_park
3496,39.748788,-104.945094,city_park
3497,39.761452,-104.968387,city_park
3498,39.740263,-104.999558,downtown
3499,39.730818,-104.982125,downtown
3500,39.754736,-104.959963,city_park
3501,39.695116,-104.951269,wash_park
3502,39.728201,-104.981902,downtown
3503,39.743007,-104.974119,downtown
3504,39.765728,-104.892012,central_park
3505,39.871981,-104.671302,airport
3506,39.718175,-104.959932,wash_park
3507,39.77384,-104.900141,central_park
3508,39.846683,-104.67503,airport
3509,39.746034,-104.977902,downtown
3510,39.774828,-104.863609,central_park
3511,39.769085,-104.87771,central_park
3512,39.707521,-104.971197,wash_park
3513,39.743528,-104.992343,downtown
3514,39.742183,-104.954336,city_park
3515,39.741356,-104.969816,downtown
3516,39.738477,-104.984196,downtown
3517,39.702027,-104.97527,wash_park
3518,39.704472,-104.964984,wash_park
3519,39.736245,-105.010333,downtown
3520,39.766752,-104.95291,city_park
3521,39.865537,-104.657726,airport
3522,39.709679,-104.954622,wash_park
3523,39.733845,-104.977434,downtown
3524,39.738187,-104.982316,downtown
3525,39.732915,-105.001557,downtown
3526,39.760969,-104.973008,downtown
3527,39.834391,-104.670965,airport
3528,39.748063,-104.952765,city_park
3529,39.740419,-104.947819,city_park
3530,39.753536,-104.949622,city_park
3531,39.766692,-104.879757,central_park
3532,39.734766,-104.961655,city_park
3533,39.749193,-105.020766,downtown
3534,39.74892,-104.969317,downtown
3535,39.748001,-104.948376,city_park
3536,39.840297,-104.670515,airport
3537,39.857982,-104.65333,airport
3538,39.73578,-104.980206,downtown
3539,39.733598,-104.976345,downtown
3540,39.763304,-104.954357,city_park
3541,39.708481,-104.984481,wash_park
3542,39.73411,-104.998934,downtown
3543,39.6853,-104.972149,wash_park
3544,39.776608,-104.882232,central_park
3545,39.844157,-104.659491,airport
3546,39.73913,-104.997535,downtown
3547,39.750779,-104.955595,city_park
3548,39.756614,-104.935994,city_park
3549,39.74792,-104.970103,city_park
3550,39.744904,-104.942717,city_park
3551,39.752457,-104.998791,downtown
3552,39.740773,-104.962655,city_park
3553,39.863769,-104.662357,airport
3554,39.727258,-105.002775,downtown
3555,39.747913,-104.941621,city_park
3556,39.786813,-104.893471,central_park
3557,39.780543,-104.874006,central_park
3558,39.715357,-104.969232,wash_park
3559,39.764262,-104.976823,downtown
3560,39.745074,-104.97323,downtown
3561,39.746269,-104.951279,city_park
3562,39.753151,-104.945723,city_park
3563,39.858212,-104.656997,airport
3564,39.769648,-104.863015,central_park
3565,39.765132,-104.890189,central_park
3566,39.849805,-104.668445,airport
3567,39.745835,-104.959059,city_park
3568,39.738217,-104.999955,downtown
3569,39.75349,-104.977455,downtown
3570,39.857002,-104.684388,airport
3571,39.698256,-104.975292,wash_park
3572,39.715263,-104.982896,wash_park
3573,39.756608,-104.93673,city_park
3574,39.787646,-104.87325,central_park
3575,39.749593,-104.969266,downtown
3576,39.741799,-104.992689,downtown
3577,39.734263,-104.948436,city_park
3578,39.734205,-104.990314,downtown
3579,39.849021,-104.665448,airport
3580,39.743403,-104.941504,city_park
3581,39.762277,-104.970435,city_park
3582,39.790339,-104.892632,central_park
3583,39.711862,-104.982998,wash_park
3584,39.751686,-104.972705,city_park
3585,39.8476,-104.669317,airport
3586,39.731755,-104.980255,downtown
3587,39.855166,-104.681947,airport
3588,39.879777,-104.674075,airport
3589,39.755159,-104.937035,city_park
3590,39.727781,-104.985081,downtown
3591,39.737553,-104.985344,downtown
3592,39.747467,-104.927932,city_park
3593,39.863942,-104.671688,airport
3594,39.762838,-104.949958,city_park
3595,39.720403,-105.012933,downtown
3596,39.719956,-104.990831,wash_park
3597,39.764672,-104.895289,central_park
3598,39.759779,-104.969146,city_park
3599,39.70735,-104.96931,wash_park
3600,39.781829,-104.868924,central_park
3601,39.779561,-104.875787,central_park
3602,39.718371,-104.964104,wash_park
3603,39.749455,-104.981654,downtown
3604,39.777241,-104.86945,central_park
3605,39.749323,-105.010186,downtown
3606,39.733704,-105.015531,downtown
3607,39.867422,-104.678659,airport
3608,39.756851,-104.871921,central_park
3609,39.873239,-104.664807,airport
3610,39.747448,-104.959982,city_park
3611,39.746937,-104.947116,city_park
3612,39.755713,-104.937394,city_park
3613,39.712997,-104.969806,wash_park
3614,39.740956,-104.941946,city_park
3615,39.845899,-104.679106,airport
3616,39.752824,-104.979844,downtown
3617,39.717366,-105.007194,downtown
3618,39.706688,-104.978157,wash_park
3619,39.762004,-104.945585,city_park
3620,39.746678,-105.004983,downtown
3621,39.778575,-104.866214,central_park
3622,39.753975,-104.984126,downtown
3623,39.744733,-104.982231,downtown
3624,39.747047,-104.967264,downtown
3625,39.734892,-104.972476,downtown
3626,39.726078,-104.989298,downtown
3627,39.73233,-105.000501,downtown
3628,39.857444,-104.67656,airport
3629,39.695644,-104.960187,wash_park
3630,39.736468,-105.000881,downtown
3631,39.706955,-104.977839,wash_park
3632,39.837284,-104.674234,airport
3633,39.719505,-104.958837,wash_park
3634,39.736724,-104.989688,downtown
3635,39.735701,-104.996765,downtown
3636,39.73095,-104.996309,downtown
3637,39.74577,-104.95666,city_park
3638,39.691141,-104.987593,wash_park
3639,39.73125,-104.985165,downtown
3640,39.873968,-104.658079,airport
3641,39.73292,-104.988707,downtown
3642,39.743215,-105.002644,downtown
3643,39.846835,-104.668886,airport
3644,39.704844,-104.958402,wash_park
3645,39.735533,-104.999434,downtown
3646,39.784684,-104.89918,central_park
3647,39.762056,-104.885548,central_park
3648,39.7147,-104.973463,wash_park
3649,39.716659,-104.992378,downtown
3650,39.795856,-104.891221,central_park
3651,39.755646,-104.993754,downtown
3652,39.726544,-104.963923,downtown
3653,39.7663,-104.865955,central_park
3654,39.699189,-104.968149,wash_park
3655,39.751638,-104.970424,downtown
3656,39.745624,-104.986038,downtown
3657,39.745522,-104.985474,downtown
3658,39.861576,-104.683283,airport
3659,39.741676,-104.943789,city_park
3660,39.849113,-104.698848,airport
3661,39.863756,-104.690082,airport
3662,39.709323,-104.966435,wash_park
3663,39.716512,-104.95462,wash_park
3664,39.779374,-104.902591,central_park
3665,39.74497,-104.952137,city_park
3666,39.747201,-104.970917,city_park
3667,39.725931,-105.003225,downtown
3668,39.738039,-104.936126,city_park
3669,39.856335,-104.700317,airport
3670,39.860273,-104.667793,airport
3671,39.730831,-104.985984,downtown
3672,39.848786,-104.669277,airport
3673,39.749153,-104.95788,city_park
3674,39.767232,-104.881614,central_park
3675,39.861746,-104.685284,airport
3676,39.737392,-104.995407,downtown
3677,39.773018,-104.886777,central_park
3678,39.73042,-104.995642,downtown
3679,39.722731,-104.952353,city_park
3680,39.749137,-104.965103,city_park
3681,39.730147,-105.002486,downtown
3682,39.695808,-104.966437,wash_park
3683,39.741696,-104.94222,city_park
3684,39.754216,-104.987891,city_park
3685,39.736854,-104.942978,city_park
3686,39.72706,-104.966397,downtown
3687,39.862018,-104.652911,airport
3688,39.701971,-104.968944,wash_park
3689,39.747577,-104.980674,downtown
3690,39.759683,-104.966722,city_park
3691,39.734823,-104.981724,downtown
3692,39.69895,-104.971998,wash_park
3693,39.756806,-104.953832,city_park
3694,39.84835,-104.680087,airport
3695,39.738663,-104.99935,downtown
3696,39.752548,-104.979477,downtown
3697,39.848825,-104.669665,airport
3698,39.769702,-104.893326,central_park
3699,39.713262,-104.986783,wash_park
3700,39.744145,-104.953763,city_park
3701,39.76458,-104.928759,city_park
3702,39.863336,-104.681648,airport
3703,39.792657,-104.871945,central_park
3704,39.703119,-104.968806,wash_park
3705,39.771873,-104.867559,central_park
3706,39.778033,-104.895934,central_park
3707,39.741988,-104.981588,downtown
3708,39.719651,-104.992375,downtown
3709,39.742132,-105.001374,downtown
3710,39.748721,-104.967832,city_park
3711,39.706425,-104.97951,wash_park
3712,39.838738,-104.689782,airport
3713,39.854648,-104.661553,airport
3714,39.734673,-104.987056,downtown
3715,39.717024,-105.0094,downtown
3716,39.739542,-104.988045,downtown
3717,39.746788,-104.986446,downtown
3718,39.711192,-104.984146,wash_park
3719,39.851386,-104.663216,airport
3720,39.781598,-104.884136,central_park
3721,39.728739,-104.985726,downtown
3722,39.708787,-104.952002,wash_park
3723,39.856008,-104.670629,airport
3724,39.786338,-104.888415,central_park
3725,39.852255,-104.666939,airport
3726,39.766844,-104.877698,central_park
3727,39.738081,-104.992915,downtown
3728,39.860751,-104.664023,airport
3729,39.750176,-104.955068,city_park
3730,39.761605,-104.889841,central_park
3731,39.743876,-104.993331,downtown
3732,39.858747,-104.678092,airport
3733,39.75219,-104.991071,downtown
3734,39.748571,-104.972796,downtown
3735,39.696667,-104.962842,wash_park
3736,39.693225,-104.96202,wash_park
3737,39.736116,-104.986004,downtown
3738,39.788912,-104.890025,central_park
3739,39.72947,-104.992958,downtown
3740,39.761339,-104.884565,central_park
3741,39.683438,-104.961495,wash_park
3742,39.736252,-104.975927,downtown
3743,39.733207,-104.988646,downtown
3744,39.761685,-104.873317,central_park
3745,39.760475,-104.87588,central_park
3746,39.865062,-104.660935,airport
3747,39.759343,-104.896406,central_park
3748,39.769056,-104.876891,central_park
3749,39.8518,-104.67278,airport
3750,39.747084,-104.979859,city_park
3751,39.837203,-104.681393,airport
3752,39.777572,-104.875223,central_park
3753,39.783152,-104.859831,central_park
3754,39.768826,-104.876033,central_park
3755,39.775468,-104.872139,central_park
3756,39.715091,-105.012235,downtown
3757,39.716606,-104.972403,wash_park
3758,39.732078,-104.996845,downtown
3759,39.778511,-104.873748,central_park
3760,39.775061,-104.884867,central_park
3761,39.878174,-104.702972,airport
3762,39.781891,-104.879666,central_park
3763,39.738123,-104.996255,downtown
3764,39.697553,-104.981839,wash_park
3765,39.723225,-104.987977,downtown
3766,39.724272,-104.977007,downtown
3767,39.69462,-104.955577,wash_park
3768,39.741762,-104.965254,city_park
3769,39.743945,-104.982865,downtown
3770,39.705109,-104.975841,wash_park
3771,39.731418,-104.984609,downtown
3772,39.774439,-104.892906,central_park
3773,39.736738,-104.993966,downtown
3774,39.765018,-104.884524,central_park
3775,39.736155,-104.977808,downtown
3776,39.700961,-104.984778,wash_park
3777,39.856502,-104.680475,airport
3778,39.740943,-104.978939,downtown
3779,39.741836,-104.92708,city_park
3780,39.731631,-105.00046,downtown
3781,39.743408,-104.93598,city_park
3782,39.861134,-104.665757,airport
3783,39.746444,-104.957166,city_park
3784,39.734873,-104.975274,downtown
3785,39.736217,-105.009826,downtown
3786,39.760977,-104.87571,central_park
3787,39.735952,-104.984503,downtown
3788,39.768693,-104.874314,central_park
3789,39.766439,-104.884324,central_park
3790,39.757636,-104.932168,city_park
3791,39.747851,-104.993895,downtown
3792,39.740498,-104.980734,downtown
3793,39.70854,-104.986861,wash_park
3794,39.726634,-104.9483,city_park
3795,39.782858,-104.904592,central_park
3796,39.697882,-104.971304,wash_park
3797,39.734026,-105.000685,downtown
3798,39.737413,-104.986371,downtown
3799,39.840047,-104.677975,airport
3800,39.775836,-104.885752,central_park
3801,39.856198,-104.664471,airport
3802,39.699634,-104.986173,wash_park
3803,39.735114,-105.002602,downtown
3804,39.729392,-104.999929,downtown
3805,39.746136,-104.969271,downtown
3806,39.749176,-104.998643,downtown
3807,39.741063,-104.974528,downtown
3808,39.844003,-104.670385,airport
3809,39.699056,-104.954556,wash_park
3810,39.742306,-104.986955,downtown
3811,39.732487,-104.992497,downtown
3812,39.73603,-104.961685,city_park
3813,39.788446,-104.868859,central_park
3814,39.711154,-104.949569,wash_park
3815,39.855797,-104.673597,airport
3816,39.695635,-104.978312,wash_park
3817,39.727196,-104.990961,downtown
3818,39.766333,-104.862047,central_park
3819,39.737169,-104.97509,downtown
3820,39.713625,-104.978159,downtown
3821,39.763757,-104.88418,central_park
3822,39.766634,-104.88368,central_park
3823,39.731442,-104.986062,downtown
3824,39.759145,-104.879024,central_park
3825,39.755133,-104.935994,city_park
3826,39.707704,-104.956211,wash_park
3827,39.734624,-104.991362,downtown
3828,39.729151,-105.000216,downtown
3829,39.748662,-104.973275,downtown
3830,39.713231,-104.98318,wash_park
3831,39.766347,-104.999387,downtown
3832,39.860293,-104.693959,airport
3833,39.74951,-104.995854,downtown
3834,39.77065,-104.878661,central_park
3835,39.729152,-104.974539,downtown
3836,39.73908,-104.949571,city_park
3837,39.748781,-104.967174,city_park
3838,39.761536,-104.86773,central_park
3839,39.772712,-104.887367,central_park
3840,39.709084,-104.951583,wash_park
3841,39.733028,-104.98275,downtown
3842,39.699134,-104.95633,wash_park
3843,39.741781,-104.976453,downtown
3844,39.778345,-104.879429,central_park
3845,39.723346,-104.987858,downtown
3846,39.751019,-104.955664,city_park
3847,39.847762,-104.697986,airport
3848,39.745428,-104.938899,city_park
3849,39.759482,-104.944798,city_park
3850,39.723732,-104.970396,downtown
3851,39.750265,-104.975375,downtown
3852,39.740832,-105.002546,downtown
3853,39.744135,-104.982104,downtown
3854,39.745583,-104.985572,downtown
3855,39.856724,-104.682997,airport
3856,39.747459,-104.952562,city_park
3857,39.720979,-104.961269,wash_park
3858,39.697335,-104.948357,wash_park
3859,39.752911,-104.876677,central_park
3860,39.728305,-104.987663,downtown
3861,39.73235,-105.007125,downtown
3862,39.739168,-104.992896,downtown
3863,39.730691,-104.98389,downtown
3864,39.759707,-104.950627,city_park
3865,39.770698,-104.885167,central_park
3866,39.759606,-104.952154,city_park
3867,39.707904,-104.983525,wash_park
3868,39.845283,-104.688307,airport
3869,39.873289,-104.67707,airport
3870,39.753817,-104.97715,city_park
3871,39.751328,-104.998006,downtown
3872,39.772705,-104.905485,central_park
3873,39.746159,-104.94204,city_park
3874,39.771493,-104.902357,central_park
3875,39.733744,-104.999059,downtown
3876,39.741461,-104.9758,city_park
3877,39.760958,-104.952888,city_park
3878,39.740121,-104.992365,downtown
3879,39.732257,-104.986195,downtown
3880,39.73514,-104.999795,downtown
3881,39.739311,-104.972733,city_park
3882,39.843507,-104.654129,airport
3883,39.782393,-104.868085,central_park
3884,39.740161,-104.987785,downtown
3885,39.865846,-104.69098,airport
3886,39.756548,-104.958004,city_park
3887,39.740053,-104.982151,downtown
3888,39.732131,-104.985929,downtown
3889,39.774415,-104.873993,central_park
3890,39.747862,-104.997965,downtown
3891,39.697334,-104.960813,wash_park
3892,39.70438,-104.981718,wash_park
3893,39.742531,-104.95018,city_park
3894,39.749741,-104.959869,city_park
3895,39.752932,-105.000287,downtown
3896,39.73941,-104.996372,downtown
3897,39.734839,-104.967226,city_park
3898,39.749715,-104.957847,downtown
3899,39.700111,-104.962896,wash_park
3900,39.738037,-104.989913,downtown
3901,39.689007,-104.956114,wash_park
3902,39.765937,-104.962637,city_park
3903,39.752877,-104.963292,city_park
3904,39.784889,-104.876277,central_park
3905,39.723811,-104.94972,city_park
3906,39.733888,-104.998775,downtown
3907,39.739281,-104.974826,downtown
3908,39.747802,-104.974954,downtown
3909,39.721694,-104.961896,wash_park
3910,39.767383,-104.894805,central_park
3911,39.751378,-104.94883,city_park
3912,39.78857,-104.889272,central_park
3913,39.713563,-104.947576,wash_park
3914,39.745338,-104.978301,downtown
3915,39.723749,-105.008914,downtown
3916,39.731648,-104.971373,downtown
3917,39.741221,-104.992337,downtown
3918,39.775142,-104.886913,central_park
3919,39.738059,-104.963498,city_park
3920,39.760436,-104.987901,downtown
3921,39.74407,-104.990734,downtown
3922,39.767585,-104.957465,city_park
3923,39.75703,-104.942801,city_park
3924,39.851861,-104.661182,airport
3925,39.782626,-104.872351,central_park
3926,39.736002,-104.967472,city_park
3927,39.747843,-104.978455,city_park
3928,39.740211,-104.984089,downtown
3929,39.773134,-104.880089,central_park
3930,39.722018,-104.976066,downtown
3931,39.740151,-104.982718,downtown
3932,39.843292,-104.645162,airport
3933,39.843082,-104.675665,airport
3934,39.77283,-104.891365,central_park
3935,39.741032,-104.968398,city_park
3936,39.793746,-104.879431,central_park
3937,39.754341,-104.952632,city_park
3938,39.740841,-104.987827,downtown
3939,39.70964,-104.960992,wash_park
3940,39.846966,-104.672584,airport
3941,39.861461,-104.688071,airport
3942,39.751054,-104.938683,city_park
3943,39.753975,-104.948449,city_park
3944,39.713053,-104.975009,wash_park
3945,39.771898,-104.863246,central_park
3946,39.733937,-104.960355,city_park
3947,39.849465,-104.661558,airport
3948,39.729689,-104.977423,downtown
3949,39.777536,-104.878862,central_park
3950,39.757686,-104.945244,city_park
3951,39.745191,-104.997644,downtown
3952,39.752142,-104.955492,city_park
3953,39.762437,-104.885359,central_park
3954,39.779084,-104.885072,central_park
3955,39.705323,-104.967831,wash_park
3956,39.696764,-104.957081,wash_park
3957,39.746974,-105.001587,downtown
3958,39.700294,-104.963401,wash_park
3959,39.762995,-104.887241,central_park
3960,39.746372,-104.975615,downtown
3961,39.865321,-104.690376,airport
3962,39.752022,-104.996148,downtown
3963,39.768009,-104.855146,central_park
3964,39.766307,-104.860288,central_park
3965,39.781323,-104.893347,central_park
3966,39.739446,-104.990421,downtown
3967,39.731083,-104.993859,downtown
3968,39.753324,-104.904808,central_park
3969,39.734488,-104.986731,downtown
3970,39.706661,-104.991675,wash_park
3971,39.773332,-104.863942,central_park
3972,39.851023,-104.668724,airport
3973,39.728232,-104.956768,wash_park
3974,39.743209,-104.994148,downtown
3975,39.710392,-104.97236,wash_park
3976,39.740063,-104.972917,city_park
3977,39.745594,-104.983337,downtown
3978,39.731399,-105.000088,downtown
3979,39.85454,-104.667792,airport
3980,39.701335,-104.968703,wash_park
3981,39.780232,-104.890847,central_park
3982,39.748975,-104.991189,downtown
3983,39.781009,-104.876242,central_park
3984,39.867028,-104.68661,airport
3985,39.705379,-104.978548,wash_park
3986,39.752797,-104.990546,downtown
3987,39.842992,-104.655295,airport
3988,39.869421,-104.700079,airport
3989,39.735053,-104.973321,city_park
3990,39.737896,-104.999814,downtown
3991,39.728781,-104.990915,downtown
3992,39.709142,-104.97053,wash_park
3993,39.74177,-104.998701,downtown
3994,39.735557,-104.96462,city_park
3995,39.742232,-105.008788,downtown
3996,39.861168,-104.683637,airport
3997,39.756757,-104.960334,city_park
3998,39.841121,-104.685161,airport
3999,39.768055,-104.887745,central_park
4000,39.695424,-104.956233,wash_park
4001,39.763678,-104.879338,central_park
4002,39.694888,-104.952689,wash_park
4003,39.761605,-104.891491,central_park
4004,39.777936,-104.900567,central_park
4005,39.70389,-104.972389,wash_park
4006,39.87998,-104.669319,airport
4007,39.755005,-105.000623,downtown
4008,39.709473,-104.977443,wash_park
4009,39.689981,-104.943136,wash_park
4010,39.736249,-104.98905,downtown
4011,39.755803,-104.955531,city_park
4012,39.709333,-104.950069,wash_park
4013,39.743579,-104.944063,city_park
4014,39.746917,-105.011528,downtown
4015,39.765546,-104.870636,central_park
4016,39.708706,-104.977388,wash_park
4017,39.717867,-104.958589,wash_park
4018,39.851584,-104.660714,airport
4019,39.733394,-104.983976,downtown
4020,39.694302,-104.952469,wash_park
4021,39.773258,-104.915352,central_park
4022,39.749296,-104.980086,downtown
4023,39.768555,-104.899641,central_park
4024,39.695215,-104.972878,wash_park
4025,39.857482,-104.668742,airport
4026,39.863388,-104.682236,airport
4027,39.736576,-105.004766,downtown
4028,39.752117,-104.957665,city_park
4029,39.78075,-104.908046,central_park
4030,39.735453,-104.992419,downtown
4031,39.769801,-104.883777,central_park
4032,39.744038,-104.963338,city_park
4033,39.762287,-104.984732,city_park
4034,39.741386,-104.973161,downtown
4035,39.746651,-104.989601,downtown
4036,39.724672,-105.005137,downtown
4037,39.735708,-104.959919,city_park
4038,39.755611,-104.967925,city_park
4039,39.877379,-104.695204,airport
4040,39.697395,-105.002747,wash_park
4041,39.704182,-104.958502,wash_park
4042,39.780604,-104.88907,central_park
4043,39.753189,-104.956679,city_park
4044,39.780003,-104.885779,central_park
4045,39.767433,-104.93055,city_park
4046,39.693648,-104.970638,wash_park
4047,39.743992,-105.00559,downtown
4048,39.702087,-104.986912,wash_park
4049,39.86724,-104.674957,airport
4050,39.86922,-104.668232,airport
4051,39.725219,-104.943411,city_park
4052,39.727301,-104.995949,downtown
4053,39.727627,-104.970567,downtown
4054,39.737676,-104.994317,downtown
4055,39.683028,-104.982357,wash_park
4056,39.702367,-104.983579,wash_park
4057,39.732396,-104.982364,wash_park
4058,39.727324,-104.985878,downtown
4059,39.849804,-104.660066,airport
4060,39.777766,-104.887218,central_park
4061,39.744366,-104.964472,city_park
4062,39.727015,-105.002334,downtown
4063,39.768101,-104.932438,city_park
4064,39.840191,-104.677313,airport
4065,39.705102,-104.953722,wash_park
4066,39.707716,-104.963147,wash_park
4067,39.851057,-104.673509,airport
4068,39.751523,-104.995504,downtown
4069,39.764721,-104.877022,central_park
4070,39.862012,-104.665287,airport
4071,39.729581,-104.975449,downtown
4072,39.766112,-104.884985,central_park
4073,39.75226,-104.920419,city_park
4074,39.847179,-104.656766,airport
4075,39.761539,-104.952906,city_park
4076,39.781505,-104.880788,central_park
4077,39.751154,-104.993639,downtown
4078,39.737426,-104.988417,downtown
4079,39.754242,-104.894215,central_park
4080,39.77775,-104.86952,central_park
4081,39.741017,-104.979473,downtown
4082,39.784043,-104.893475,central_park
4083,39.868252,-104.685544,airport
4084,39.774998,-104.878882,central_park
4085,39.707761,-104.969361,wash_park
4086,39.770949,-104.962435,city_park
4087,39.701864,-104.960778,wash_park
4088,39.744319,-104.977157,downtown
4089,39.758899,-104.884759,central_park
4090,39.793154,-104.898626,central_park
4091,39.763024,-104.888536,central_park
4092,39.757465,-104.94481,city_park
4093,39.734283,-104.983666,downtown
4094,39.708845,-104.958691,wash_park
4095,39.767515,-104.968531,city_park
4096,39.718224,-104.980117,wash_park
4097,39.714854,-104.961546,wash_park
4098,39.850849,-104.660429,airport
4099,39.846289,-104.676094,airport
4100,39.750667,-104.944952,city_park
4101,39.755706,-104.927689,city_park
4102,39.744193,-104.953028,city_park
4103,39.749376,-104.980911,downtown
4104,39.845369,-104.638554,airport
4105,39.707023,-104.988434,wash_park
4106,39.771397,-104.947483,city_park
4107,39.72089,-105.003759,downtown
4108,39.737623,-104.970234,city_park
4109,39.756125,-104.95202,city_park
4110,39.742399,-104.991179,downtown
4111,39.716488,-104.984011,wash_park
4112,39.752192,-104.944601,city_park
4113,39.859958,-104.676611,airport
4114,39.784812,-104.896859,central_park
4115,39.741156,-104.982477,downtown
4116,39.878584,-104.671048,airport
4117,39.730755,-105.015611,downtown
4118,39.740306,-104.968343,downtown
4119,39.734352,-104.973463,wash_park
4120,39.691789,-104.953493,wash_park
4121,39.743931,-104.983289,downtown
4122,39.86383,-104.6822,airport
4123,39.865294,-104.686415,airport
4124,39.751015,-105.003837,downtown
4125,39.7354,-105.001878,downtown
4126,39.744224,-104.929589,city_park
4127,39.691497,-104.968798,wash_park
4128,39.843879,-104.662393,airport
4129,39.744306,-104.962281,city_park
4130,39.87225,-104.656554,airport
4131,39.751621,-104.945236,city_park
4132,39.771883,-104.866878,central_park
4133,39.762553,-104.876121,central_park
4134,39.734865,-104.992752,downtown
4135,39.748376,-105.012643,downtown
4136,39.761448,-104.889751,central_park
4137,39.750447,-104.990677,downtown
4138,39.741731,-104.967797,downtown
4139,39.740627,-105.011979,downtown
4140,39.73116,-104.99884,downtown
4141,39.736826,-104.992289,downtown
4142,39.773182,-104.892724,central_park
4143,39.733831,-104.976131,downtown
4144,39.759191,-104.860299,central_park
4145,39.768562,-104.878506,central_park
4146,39.851628,-104.669334,airport
4147,39.745073,-104.987321,downtown
4148,39.733327,-105.001105,downtown
4149,39.779308,-104.881194,central_park
4150,39.742788,-104.957334,city_park
4151,39.78674,-104.878639,central_park
4152,39.734436,-104.95856,city_park
4153,39.747974,-104.99503,downtown
4154,39.744998,-104.984987,downtown
4155,39.731072,-104.963446,city_park
4156,39.710209,-104.964156,wash_park
4157,39.85249,-104.675531,airport
4158,39.87603,-104.688707,airport
4159,39.853297,-104.657441,airport
4160,39.747816,-104.973186,city_park
4161,39.839364,-104.644206,airport
4162,39.753042,-104.958355,city_park
4163,39.744436,-104.94984,city_park
4164,39.868072,-104.645784,airport
4165,39.779564,-104.892768,central_park
4166,39.741104,-104.996589,downtown
4167,39.744946,-104.969531,city_park
4168,39.723552,-104.977055,downtown
4169,39.757767,-104.959481,city_park
4170,39.746875,-104.96793,city_park
4171,39.742186,-104.946941,city_park
4172,39.746866,-104.963034,city_park
4173,39.741585,-104.982942,downtown
4174,39.765008,-104.899035,central_park
4175,39.75628,-104.891082,central_park
4176,39.743718,-104.96154,city_park
4177,39.750477,-104.979297,downtown
4178,39.747789,-105.008267,downtown
4179,39.862743,-104.671061,airport
4180,39.861547,-104.663854,airport
4181,39.752587,-104.943243,city_park
4182,39.844917,-104.662013,airport
4183,39.738874,-105.005743,downtown
4184,39.724962,-104.978192,downtown
4185,39.729657,-104.983162,downtown
4186,39.788282,-104.864692,central_park
4187,39.751765,-104.997049,downtown
4188,39.71568,-104.982669,wash_park
4189,39.706133,-104.969188,wash_park
4190,39.791003,-104.877358,central_park
4191,39.744695,-104.994977,downtown
4192,39.743614,-104.967918,downtown
4193,39.75914,-104.963573,city_park
4194,39.689595,-104.967083,wash_park
4195,39.749522,-104.981121,downtown
4196,39.778482,-104.874852,central_park
4197,39.743678,-104.959767,city_park
4198,39.828012,-104.667175,airport
4199,39.878574,-104.692364,airport
4200,39.862661,-104.66333,airport
4201,39.711449,-104.961155,wash_park
4202,39.748962,-104.952885,city_park
4203,39.865674,-104.698954,airport
4204,39.864899,-104.650573,airport
4205,39.784713,-104.89011,central_park
4206,39.7933,-104.886915,central_park
4207,39.744789,-104.982698,downtown
4208,39.766571,-104.924534,city_park
4209,39.692547,-104.996745,wash_park
4210,39.733347,-105.018697,downtown
4211,39.724889,-105.003247,downtown
4212,39.747257,-104.998192,downtown
4213,39.74308,-104.996603,downtown
4214,39.71713,-104.993719,downtown
4215,39.750713,-104.957188,city_park
4216,39.735397,-104.97802,downtown
4217,39.764116,-104.949975,city_park
4218,39.701051,-104.968722,wash_park
4219,39.874959,-104.649403,airport
4220,39.85591,-104.676053,airport
4221,39.756071,-104.961624,city_park
4222,39.731919,-105.006653,downtown
4223,39.745625,-105.012525,downtown
4224,39.697361,-104.963953,wash_park
4225,39.770055,-104.89993,central_park
4226,39.745687,-104.928604,city_park
4227,39.785261,-104.875971,central_park
4228,39.734298,-104.990625,downtown
4229,39.706646,-104.975358,wash_park
4230,39.735152,-104.985343,downtown
4231,39.708602,-104.993564,wash_park
4232,39.757274,-104.988463,downtown
4233,39.768188,-104.889706,central_park
4234,39.863776,-104.683344,airport
4235,39.773565,-104.89053,central_park
4236,39.737304,-104.997976,downtown
4237,39.708828,-104.967431,wash_park
4238,39.790205,-104.884487,central_park
4239,39.743069,-104.988792,downtown
4240,39.728023,-104.9928,downtown
4241,39.752799,-104.99154,downtown
4242,39.735643,-104.972793,downtown
4243,39.778427,-104.882118,central_park
4244,39.742182,-104.983184,downtown
4245,39.71329,-104.998701,downtown
4246,39.854941,-104.678257,airport
4247,39.725724,-104.956709,downtown
4248,39.73036,-105.002378,downtown
4249,39.847909,-104.674111,airport
4250,39.755355,-104.972466,city_park
4251,39.733222,-104.981039,city_park
4252,39.739299,-104.994686,downtown
4253,39.730132,-104.974119,downtown
4254,39.857785,-104.678162,airport
4255,39.704672,-104.971822,wash_park
4256,39.716325,-104.961586,wash_park
4257,39.762755,-104.871129,central_park
4258,39.863244,-104.669934,airport
4259,39.689316,-104.963987,wash_park
4260,39.731021,-104.954961,city_park
4261,39.745697,-104.990344,downtown
4262,39.865096,-104.670732,airport
4263,39.725985,-104.948506,city_park
4264,39.715993,-104.972321,wash_park
4265,39.767212,-104.883034,central_park
4266,39.703052,-104.968707,wash_park
4267,39.726878,-104.957121,downtown
4268,39.854748,-104.672512,airport
4269,39.701758,-104.976284,wash_park
4270,39.857901,-104.668798,airport
4271,39.753337,-104.946197,city_park
4272,39.732571,-104.983905,downtown
4273,39.765653,-104.887631,central_park
4274,39.74625,-104.967607,city_park
4275,39.786655,-104.858301,central_park
4276,39.742813,-104.991371,downtown
4277,39.731024,-104.988853,downtown
4278,39.756111,-104.997846,downtown
4279,39.756553,-104.954162,city_park
4280,39.72884,-105.003615,downtown
4281,39.751796,-104.950622,city_park
4282,39.736335,-105.011797,downtown
4283,39.754387,-104.861727,central_park
4284,39.729381,-104.986231,downtown
4285,39.735841,-104.982534,downtown
4286,39.763983,-104.860342,central_park
4287,39.775417,-104.899864,central_park
4288,39.852894,-104.666812,airport
4289,39.733027,-104.975017,downtown
4290,39.77427,-104.869054,central_park
4291,39.744108,-105.002887,downtown
4292,39.759872,-104.953255,city_park
4293,39.739217,-105.007075,downtown
4294,39.725637,-104.989373,downtown
4295,39.780096,-104.887446,central_park
4296,39.751036,-104.975927,city_park
4297,39.751276,-104.972076,downtown
4298,39.739504,-104.973311,downtown
4299,39.744401,-105.00258,downtown
4300,39.737948,-104.979868,downtown
4301,39.762693,-104.894102,central_park
4302,39.689688,-104.993948,wash_park
4303,39.867928,-104.66031,airport
4304,39.711073,-104.949782,wash_park
4305,39.741853,-105.002475,downtown
4306,39.712759,-104.969361,wash_park
4307,39.75354,-104.987543,downtown
4308,39.714844,-104.96363,wash_park
4309,39.780912,-104.871536,central_park
4310,39.84209,-104.684948,airport
4311,39.738015,-104.980762,downtown
4312,39.699291,-104.967932,wash_park
4313,39.744149,-104.991981,downtown
4314,39.763425,-104.888734,central_park
4315,39.736871,-105.005208,downtown
4316,39.850016,-104.683275,airport
4317,39.740565,-104.993027,downtown
4318,39.727321,-104.996534,downtown
4319,39.787426,-104.878442,central_park
4320,39.742652,-104.988542,downtown
4321,39.715713,-104.994362,downtown
4322,39.739984,-105.022428,downtown
4323,39.724977,-104.979862,downtown
4324,39.73629,-104.959093,city_park
4325,39.851492,-104.669466,airport
4326,39.709293,-104.982036,wash_park
4327,39.7458,-104.995228,downtown
4328,39.731356,-105.002397,downtown
4329,39.74314,-104.997459,downtown
4330,39.740609,-104.981732,downtown
4331,39.747293,-105.000579,downtown
4332,39.739758,-105.008163,downtown
4333,39.740335,-105.004204,downtown
4334,39.851978,-104.688036,airport
4335,39.733413,-104.994687,downtown
4336,39.871641,-104.672861,airport
4337,39.84164,-104.654779,airport
4338,39.742073,-104.975829,downtown
4339,39.772207,-104.894749,central_park
4340,39.850211,-104.674184,airport
4341,39.732161,-104.997077,downtown
4342,39.738873,-104.984268,downtown
4343,39.752577,-104.987361,downtown
4344,39.845927,-104.674607,airport
4345,39.756656,-104.984688,downtown
4346,39.709703,-104.975698,wash_park
4347,39.855776,-104.696398,airport
4348,39.870069,-104.688172,airport
4349,39.761217,-104.949361,city_park
4350,39.861801,-104.679779,airport
4351,39.745433,-104.947206,city_park
4352,39.733278,-104.978098,downtown
4353,39.702924,-104.983043,wash_park
4354,39.748546,-104.982017,city_park
4355,39.733386,-104.967201,city_park
4356,39.859818,-104.675538,airport
4357,39.741718,-104.990295,downtown
4358,39.747187,-104.989624,downtown
4359,39.723999,-104.983741,downtown
4360,39.780348,-104.878405,central_park
4361,39.872284,-104.677286,airport
4362,39.745273,-104.937835,city_park
4363,39.744136,-104.988976,downtown
4364,39.716842,-104.982856,downtown
4365,39.776851,-104.888107,central_park
4366,39.873055,-104.67997,airport
4367,39.778138,-104.888078,central_park
4368,39.737463,-105.003361,downtown
4369,39.76979,-104.894017,central_park
4370,39.735866,-104.991979,downtown
4371,39.858267,-104.661903,airport
4372,39.758355,-104.952045,city_park
4373,39.748742,-104.953252,city_park
4374,39.758482,-104.910298,central_park
4375,39.768529,-104.903513,central_park
4376,39.737583,-104.972506,downtown
4377,39.778304,-104.868015,central_park
4378,39.708003,-104.970094,wash_park
4379,39.864069,-104.685713,airport
4380,39.709133,-104.988371,wash_park
4381,39.704021,-104.964972,wash_park
4382,39.753391,-104.96859,city_park
4383,39.761129,-104.966173,city_park
4384,39.741862,-104.939526,city_park
4385,39.739552,-104.960591,city_park
4386,39.773114,-104.891743,central_park
4387,39.867629,-104.685229,airport
4388,39.752128,-104.956226,city_park
4389,39.753956,-104.96953,downtown
4390,39.844242,-104.669153,airport
4391,39.863159,-104.680731,airport
4392,39.778065,-104.885728,central_park
4393,39.728092,-105.004985,downtown
4394,39.747892,-104.899742,central_park
4395,39.709544,-104.980754,wash_park
4396,39.727342,-104.994948,wash_park
4397,39.735009,-104.956927,city_park
4398,39.716505,-104.999234,downtown
4399,39.697907,-104.989337,wash_park
4400,39.739309,-104.934685,city_park
4401,39.759226,-104.960637,city_park
4402,39.706796,-104.959049,wash_park
4403,39.748047,-104.960693,city_park
4404,39.837936,-104.667167,airport
4405,39.77263,-104.884616,central_park
4406,39.700226,-104.970162,wash_park
4407,39.761209,-104.977422,downtown
4408,39.723678,-104.977833,downtown
4409,39.763078,-104.942438,city_park
4410,39.744184,-104.989116,downtown
4411,39.739827,-104.994855,downtown
4412,39.749177,-104.994106,downtown
4413,39.735315,-104.944373,city_park
4414,39.733994,-104.984981,downtown
4415,39.738354,-104.962314,city_park
4416,39.867327,-104.670071,airport
4417,39.738136,-104.98757,downtown
4418,39.711328,-104.979042,wash_park
4419,39.760469,-104.944412,city_park
4420,39.840289,-104.647946,airport
4421,39.750767,-104.954424,city_park
4422,39.757422,-104.962594,city_park
4423,39.76192,-104.945407,city_park
4424,39.714726,-104.976198,wash_park
4425,39.706557,-104.935541,wash_park
4426,39.73284,-104.970958,downtown
4427,39.774645,-104.872932,central_park
4428,39.752989,-104.973034,downtown
4429,39.714965,-104.975127,wash_park
4430,39.732956,-104.950747,city_park
4431,39.760975,-104.962936,city_park
4432,39.725909,-104.999822,downtown
4433,39.754811,-104.960763,city_park
4434,39.736953,-104.979875,downtown
4435,39.749933,-104.9714,downtown
4436,39.738135,-104.990189,downtown
4437,39.712587,-104.994418,wash_park
4438,39.711112,-104.967925,wash_park
4439,39.731305,-105.01147,downtown
4440,39.724595,-104.983949,downtown
4441,39.776898,-104.881087,central_park
4442,39.717148,-104.975076,wash_park
4443,39.737632,-104.941183,city_park
4444,39.724007,-104.993208,downtown
4445,39.864994,-104.665278,airport
4446,39.729396,-104.994727,downtown
4447,39.737246,-104.961151,downtown
4448,39.72974,-104.939358,city_park
4449,39.776103,-104.889295,central_park
4450,39.725841,-104.997895,downtown
4451,39.757665,-104.955254,city_park
4452,39.755333,-104.981658,downtown
4453,39.728248,-104.982332,downtown
4454,39.742414,-104.985171,downtown
4455,39.708509,-104.969703,wash_park
4456,39.716245,-104.958438,wash_park
4457,39.876676,-104.672324,airport
4458,39.756639,-105.00168,downtown
4459,39.709266,-104.957381,wash_park
4460,39.75605,-104.94807,city_park
4461,39.838658,-104.679271,airport
4462,39.74754,-104.980043,downtown
4463,39.783424,-104.879032,central_park
4464,39.765608,-104.888651,central_park
4465,39.710066,-104.97961,wash_park
4466,39.738925,-104.986103,downtown
4467,39.759977,-104.970177,city_park
4468,39.728278,-105.01474,downtown
4469,39.732242,-104.969943,city_park
4470,39.714625,-104.958108,wash_park
4471,39.716032,-104.981129,wash_park
4472,39.712437,-104.956453,wash_park
4473,39.74074,-105.002944,downtown
4474,39.74305,-104.988254,downtown
4475,39.781238,-104.871383,central_park
4476,39.739244,-104.946665,city_park
4477,39.712377,-104.975078,wash_park
4478,39.744003,-104.945885,city_park
4479,39.762647,-104.885851,central_park
4480,39.766686,-104.902133,central_park
4481,39.760889,-104.895836,central_park
4482,39.851813,-104.672696,airport
4483,39.741382,-104.942895,city_park
4484,39.856021,-104.664217,airport
4485,39.736292,-104.976324,downtown
4486,39.757297,-105.004898,downtown
4487,39.851137,-104.66534,airport
4488,39.694765,-104.971369,wash_park
4489,39.726177,-104.982194,downtown
4490,39.709232,-104.974172,wash_park
4491,39.700746,-104.952434,wash_park
4492,39.739514,-104.957805,city_park
4493,39.699625,-104.973639,wash_park
4494,39.715161,-104.982019,wash_park
4495,39.743878,-105.012197,downtown
4496,39.73216,-105.001548,downtown
4497,39.731292,-104.989363,downtown
4498,39.850629,-104.675272,airport
4499,39.855685,-104.642427,airport
4500,39.705805,-104.970098,wash_park
4501,39.760191,-105.001366,downtown
4502,39.761215,-104.955912,city_park
4503,39.733124,-104.993589,downtown
4504,39.713782,-104.975406,downtown
4505,39.846317,-104.671944,airport
4506,39.743172,-104.979985,downtown
4507,39.723257,-104.96219,wash_park
4508,39.731658,-104.993146,downtown
4509,39.718608,-104.978224,wash_park
4510,39.749231,-105.000092,downtown
4511,39.73188,-104.975988,downtown
4512,39.732654,-104.986592,downtown
4513,39.848986,-104.677758,airport
4514,39.859197,-104.679494,airport
4515,39.853232,-104.665976,airport
4516,39.708064,-104.977203,wash_park
4517,39.860295,-104.675181,airport
4518,39.712858,-104.971271,wash_park
4519,39.763934,-104.941885,city_park
4520,39.733376,-104.988482,downtown
4521,39.740083,-104.984679,downtown
4522,39.73447,-104.975557,downtown
4523,39.850854,-104.668269,airport
4524,39.752938,-104.980965,downtown
4525,39.74733,-104.966795,city_park
4526,39.846991,-104.663456,airport
4527,39.747768,-104.999738,downtown
4528,39.696282,-104.971585,wash_park
4529,39.733734,-104.970215,city_park
4530,39.845217,-104.660301,airport
4531,39.853028,-104.684791,airport
4532,39.707311,-104.959953,wash_park
4533,39.748064,-104.945055,city_park
4534,39.730106,-104.998275,downtown
4535,39.74607,-104.993851,downtown
4536,39.838958,-104.667336,airport
4537,39.742486,-104.945287,city_park
4538,39.744462,-104.98094,city_park
4539,39.738977,-104.981659,downtown
4540,39.75941,-104.95525,city_park
4541,39.747924,-105.004036,downtown
4542,39.863236,-104.695271,airport
4543,39.76135,-104.869741,central_park
4544,39.743002,-104.992965,downtown
4545,39.859964,-104.672191,airport
4546,39.764529,-104.882097,central_park
4547,39.768534,-104.858721,central_park
4548,39.734624,-104.976827,downtown
4549,39.741938,-104.988149,downtown
4550,39.861398,-104.702775,airport
4551,39.778154,-104.871486,central_park
4552,39.778299,-104.890403,central_park
4553,39.710313,-104.952157,wash_park
4554,39.754013,-104.977125,downtown
4555,39.747122,-104.980896,downtown
4556,39.704035,-104.976811,wash_park
4557,39.772536,-104.88341,central_park
4558,39.773731,-104.899324,central_park
4559,39.73578,-104.990416,downtown
4560,39.744756,-104.98821,downtown
4561,39.75144,-105.007676,downtown
4562,39.854726,-104.664839,airport
4563,39.745024,-104.984527,downtown
4564,39.856206,-104.67817,airport
4565,39.759114,-104.954952,city_park
4566,39.700591,-104.980805,wash_park
4567,39.737955,-104.946686,city_park
4568,39.78126,-104.888913,central_park
4569,39.852814,-104.693269,airport
4570,39.694877,-104.971805,wash_park
4571,39.729923,-104.954963,city_park
4572,39.731449,-104.997039,downtown
4573,39.731028,-104.997847,downtown
4574,39.741908,-104.947562,city_park
4575,39.74984,-104.989009,downtown
4576,39.868153,-104.654519,airport
4577,39.70493,-104.987366,wash_park
4578,39.739263,-104.98812,downtown
4579,39.728487,-104.985119,downtown
4580,39.727803,-104.949615,city_park
4581,39.745197,-104.953034,city_park
4582,39.790558,-104.901368,central_park
4583,39.749769,-104.985903,downtown
4584,39.741922,-104.965508,city_park
4585,39.848766,-104.66232,airport
4586,39.766439,-104.964745,city_park
4587,39.744063,-104.948706,city_park
4588,39.78818,-104.852749,central_park
4589,39.737282,-104.99953,downtown
4590,39.741572,-104.976019,downtown
4591,39.724497,-104.97805,downtown
4592,39.742093,-104.961807,city_park
4593,39.734099,-104.990956,downtown
4594,39.731068,-104.953403,city_park
4595,39.742158,-105.009354,downtown
4596,39.880041,-104.660774,airport
4597,39.761915,-104.872757,central_park
4598,39.746647,-104.96432,city_park
4599,39.743007,-104.993002,downtown
4600,39.745695,-104.952838,city_park
4601,39.745499,-104.99257,downtown
4602,39.839852,-104.662593,airport
4603,39.731858,-104.992984,downtown
4604,39.776202,-104.884984,central_park
4605,39.771383,-104.871288,central_park
4606,39.711566,-104.983608,downtown
4607,39.768421,-104.884799,central_park
4608,39.759175,-104.96482,city_park
4609,39.787249,-104.90917,central_park
4610,39.719629,-104.999355,downtown
4611,39.697827,-104.954482,wash_park
4612,39.738615,-104.974817,city_park
4613,39.848656,-104.693518,airport
4614,39.705543,-104.947967,wash_park
4615,39.744704,-104.926816,city_park
4616,39.769559,-104.996597,downtown
4617,39.724116,-105.002059,downtown
4618,39.744911,-105.003947,downtown
4619,39.709848,-104.940557,wash_park
4620,39.750602,-104.950512,city_park
4621,39.737263,-104.940008,city_park
4622,39.745991,-104.950692,city_park
4623,39.716396,-104.987048,downtown
4624,39.730994,-104.967129,downtown
4625,39.750299,-104.961369,city_park
4626,39.771121,-104.9496,city_park
4627,39.741047,-104.965732,downtown
4628,39.76087,-104.959144,city_park
4629,39.752806,-104.962996,city_park
4630,39.859101,-104.66762,airport
4631,39.736225,-104.986812,downtown
4632,39.739574,-104.991801,downtown
4633,39.743603,-104.954756,city_park
4634,39.777659,-104.901198,central_park
4635,39.778752,-104.884902,central_park
4636,39.748709,-104.991473,downtown
4637,39.860461,-104.683696,airport
4638,39.876558,-104.667326,airport
4639,39.75203,-104.986456,downtown
4640,39.758527,-104.899664,central_park
4641,39.744,-104.979832,downtown
4642,39.782968,-104.874932,central_park
4643,39.837471,-104.677397,airport
4644,39.751731,-104.983799,downtown
4645,39.729572,-105.004902,downtown
4646,39.727211,-105.001676,downtown
4647,39.748054,-105.004515,downtown
4648,39.859585,-104.684211,airport
4649,39.743764,-104.936934,city_park
4650,39.750565,-104.963229,city_park
4651,39.769261,-104.875061,central_park
4652,39.742652,-104.984694,downtown
4653,39.734936,-104.993444,downtown
4654,39.733803,-104.988147,downtown
4655,39.741147,-105.008459,downtown
4656,39.854007,-104.686281,airport
4657,39.724467,-105.01289,downtown
4658,39.836039,-104.688488,airport
4659,39.736613,-104.989773,downtown
4660,39.740529,-104.98616,downtown
4661,39.743799,-104.997596,downtown
4662,39.724546,-104.990037,downtown
4663,39.745755,-104.965263,city_park
4664,39.72708,-104.962582,downtown
4665,39.739198,-104.930504,city_park
4666,39.855721,-104.675094,airport
4667,39.714944,-104.973525,wash_park
4668,39.753648,-104.955496,city_park
4669,39.773353,-104.8687,central_park
4670,39.78584,-104.895543,central_park
4671,39.749847,-104.971812,city_park
4672,39.707998,-104.981023,wash_park
4673,39.720659,-104.987886,downtown
4674,39.750178,-104.944531,city_park
4675,39.855099,-104.68788,airport
4676,39.77245,-104.979401,city_park
4677,39.847963,-104.68201,airport
4678,39.775923,-104.897566,central_park
4679,39.6931,-104.974356,wash_park
4680,39.713644,-104.967021,wash_park
4681,39.735634,-104.970225,city_park
4682,39.764593,-104.974118,city_park
4683,39.76688,-104.890491,central_park
4684,39.730011,-104.997385,downtown
4685,39.737578,-104.993053,downtown
4686,39.745517,-104.995495,downtown
4687,39.736376,-104.990963,downtown
4688,39.762949,-104.881216,central_park
4689,39.765403,-104.960553,city_park
4690,39.744153,-105.004172,downtown
4691,39.723307,-104.955326,city_park
4692,39.69955,-104.977907,wash_park
4693,39.884555,-104.662321,airport
4694,39.734844,-104.998686,downtown
4695,39.742066,-104.954323,downtown
4696,39.850152,-104.660438,airport
4697,39.737584,-104.994789,downtown
4698,39.858031,-104.674508,airport
4699,39.739171,-104.999574,downtown
4700,39.85121,-104.684667,airport
4701,39.774202,-104.878116,central_park
4702,39.747027,-104.994595,downtown
4703,39.744405,-104.956362,city_park
4704,39.786192,-104.901802,central_park
4705,39.740339,-104.969504,downtown
4706,39.729343,-104.980649,wash_park
4707,39.734348,-104.98846,downtown
4708,39.707065,-104.983197,wash_park
4709,39.73522,-104.998734,downtown
4710,39.741465,-105.001168,downtown
4711,39.756963,-104.92818,city_park
4712,39.716794,-104.978867,wash_park
4713,39.775718,-104.92215,central_park
4714,39.732554,-104.978092,downtown
4715,39.866662,-104.639064,airport
4716,39.699576,-104.961203,wash_park
4717,39.748198,-104.960606,city_park
4718,39.750616,-104.962674,city_park
4719,39.728007,-105.006024,downtown
4720,39.733769,-104.954569,wash_park
4721,39.727015,-105.012415,downtown
4722,39.749292,-104.966776,city_park
4723,39.85702,-104.670364,airport
4724,39.757369,-104.954737,city_park
4725,39.785736,-104.892002,central_park
4726,39.761812,-104.982041,city_park
4727,39.78905,-104.873217,central_park
4728,39.851489,-104.675948,airport
4729,39.705886,-104.988879,downtown
4730,39.697444,-104.95585,wash_park
4731,39.743656,-104.999313,downtown
4732,39.742851,-104.999291,downtown
4733,39.780452,-104.881571,central_park
4734,39.777542,-104.877968,central_park
4735,39.753216,-104.94603,city_park
4736,39.758985,-104.948346,city_park
4737,39.736172,-104.980843,downtown
4738,39.74805,-104.991557,downtown
4739,39.720795,-104.99031,wash_park
4740,39.861753,-104.682846,airport
4741,39.738397,-104.979528,downtown
4742,39.775338,-104.877442,central_park
4743,39.705932,-104.96041,wash_park
4744,39.693131,-104.974648,wash_park
4745,39.777261,-104.899023,central_park
4746,39.853032,-104.683082,airport
4747,39.849847,-104.649334,airport
4748,39.726681,-104.963191,wash_park
4749,39.74367,-104.962954,city_park
4750,39.761354,-104.978044,downtown
4751,39.865015,-104.665203,airport
4752,39.739966,-104.943514,city_park
4753,39.7284,-104.998622,downtown
4754,39.710284,-104.966409,wash_park
4755,39.837883,-104.683822,airport
4756,39.863081,-104.67281,airport
4757,39.717185,-104.943649,wash_park
4758,39.742322,-104.887206,central_park
4759,39.731292,-104.991679,downtown
4760,39.706059,-104.977629,wash_park
4761,39.754411,-104.951989,city_park
4762,39.860432,-104.65995,airport
4763,39.728167,-104.981244,downtown
4764,39.770726,-104.876171,central_park
4765,39.779899,-104.87616,central_park
4766,39.828504,-104.673217,airport
4767,39.750759,-104.946455,city_park
4768,39.744936,-104.974568,downtown
4769,39.736662,-104.995925,downtown
4770,39.755728,-104.990531,downtown
4771,39.70285,-104.975868,wash_park
4772,39.751851,-104.994259,downtown
4773,39.852252,-104.695812,airport
4774,39.74452,-104.985221,downtown
4775,39.73638,-105.011086,downtown
4776,39.767821,-104.874,central_park
4777,39.85151,-104.685465,airport
4778,39.7347,-104.996429,downtown
4779,39.761524,-104.972292,city_park
4780,39.831741,-104.671845,airport
4781,39.747859,-104.942212,city_park
4782,39.742912,-105.012589,downtown
4783,39.698326,-104.971231,wash_park
4784,39.737308,-104.980769,downtown
4785,39.740552,-105.00379,downtown
4786,39.715095,-104.964731,wash_park
4787,39.740276,-104.982367,downtown
4788,39.786215,-104.911127,central_park
4789,39.728544,-104.988713,downtown
4790,39.741987,-105.007249,downtown
4791,39.760622,-104.956289,city_park
4792,39.86095,-104.666227,airport
4793,39.747862,-104.949528,city_park
4794,39.763928,-104.886069,central_park
4795,39.771161,-104.943392,city_park
4796,39.745332,-104.995733,downtown
4797,39.761534,-104.997599,downtown
4798,39.752212,-104.897292,central_park
4799,39.753337,-104.908735,central_park
4800,39.747807,-104.993047,downtown
4801,39.84388,-104.678862,airport
4802,39.740868,-104.984909,downtown
4803,39.739876,-104.999391,downtown
4804,39.692935,-104.978709,wash_park
4805,39.868614,-104.67749,airport
4806,39.7378,-104.943495,city_park
4807,39.763565,-104.863863,central_park
4808,39.748691,-104.969774,city_park
4809,39.736338,-104.948503,city_park
4810,39.873056,-104.658284,airport
4811,39.743728,-104.996344,downtown
4812,39.751881,-104.955118,city_park
4813,39.866767,-104.675651,airport
4814,39.738672,-104.998702,downtown
4815,39.738292,-104.96347,downtown
4816,39.762332,-104.955939,city_park
4817,39.775968,-104.888308,central_park
4818,39.769117,-104.888435,central_park
4819,39.725696,-105.001814,downtown
4820,39.773128,-104.871378,central_park
4821,39.74758,-104.972788,downtown
4822,39.715373,-104.976222,wash_park
4823,39.778423,-104.909055,central_park
4824,39.731984,-104.990501,downtown
4825,39.87154,-104.673689,airport
4826,39.772767,-104.900294,central_park
4827,39.737242,-105.023937,downtown
4828,39.852852,-104.680512,airport
4829,39.705301,-104.966368,wash_park
4830,39.742297,-104.997343,downtown
4831,39.749326,-104.985376,downtown
4832,39.871872,-104.669906,airport
4833,39.693753,-104.955007,wash_park
4834,39.710398,-104.980993,wash_park
4835,39.859052,-104.679811,airport
4836,39.749268,-104.952174,city_park
4837,39.744956,-105.000757,downtown
4838,39.74134,-104.986388,downtown
4839,39.73378,-104.947567,city_park
4840,39.735624,-105.008788,downtown
4841,39.751401,-104.889973,central_park
4842,39.868995,-104.677478,airport
4843,39.721224,-104.983746,downtown
4844,39.852385,-104.680775,airport
4845,39.756947,-104.934835,city_park
4846,39.74252,-104.939993,city_park
4847,39.778179,-104.906762,central_park
4848,39.734343,-104.970488,downtown
4849,39.759097,-104.946428,city_park
4850,39.707325,-104.967147,wash_park
4851,39.685708,-104.974953,wash_park
4852,39.844678,-104.663014,airport
4853,39.706341,-104.973612,wash_park
4854,39.751929,-105.005422,downtown
4855,39.757972,-104.982862,downtown
4856,39.759118,-104.948289,city_park
4857,39.734823,-104.991134,downtown
4858,39.721313,-104.997112,downtown
4859,39.720157,-104.988936,downtown
4860,39.743055,-105.008305,downtown
4861,39.745672,-104.979913,downtown
4862,39.745275,-104.958656,city_park
4863,39.69033,-104.965586,wash_park
4864,39.771142,-104.882347,central_park
4865,39.75377,-104.987269,downtown
4866,39.740108,-104.993073,downtown
4867,39.740062,-105.012075,downtown
4868,39.861743,-104.66983,airport
4869,39.786768,-104.872844,central_park
4870,39.735829,-104.939745,city_park
4871,39.692398,-104.98171,wash_park
4872,39.766755,-104.868457,central_park
4873,39.696729,-104.970251,wash_park
4874,39.74598,-104.977608,downtown
4875,39.733069,-105.00332,downtown
4876,39.722273,-104.993155,downtown
4877,39.74292,-104.999149,downtown
4878,39.865523,-104.67061,airport
4879,39.737085,-104.989196,downtown
4880,39.863881,-104.673536,airport
4881,39.734045,-104.981241,downtown
4882,39.735772,-104.95647,city_park
4883,39.741233,-104.958393,city_park
4884,39.738325,-104.981735,downtown
4885,39.73415,-105.000027,downtown
4886,39.707124,-104.981358,wash_park
4887,39.736084,-105.006686,downtown
4888,39.741886,-104.978398,downtown
4889,39.759544,-104.89096,central_park
4890,39.718915,-104.96821,wash_park
4891,39.877168,-104.683969,airport
4892,39.746456,-104.986564,downtown
4893,39.746364,-104.981979,downtown
4894,39.71405,-104.95924,wash_park
4895,39.76201,-104.954475,city_park
4896,39.743091,-104.99617,downtown
4897,39.749383,-104.884729,central_park
4898,39.735755,-104.940866,city_park
4899,39.755263,-104.951283,city_park
4900,39.753355,-104.982882,downtown
4901,39.854387,-104.666648,airport
4902,39.848253,-104.6907,airport
4903,39.752051,-104.947488,city_park
4904,39.746026,-104.966254,city_park
4905,39.698172,-104.971474,wash_park
4906,39.739932,-104.995191,downtown
4907,39.776132,-104.893961,central_park
4908,39.765293,-104.877834,central_park
4909,39.705965,-104.994044,wash_park
4910,39.733278,-104.985357,downtown
4911,39.847981,-104.658334,airport
4912,39.760499,-104.996996,downtown
4913,39.74759,-104.98438,downtown
4914,39.746458,-104.94523,city_park
4915,39.860792,-104.686774,airport
4916,39.774736,-104.904254,central_park
4917,39.736934,-104.959884,city_park
4918,39.74812,-104.991495,downtown
4919,39.754057,-104.880153,central_park
4920,39.738154,-104.993373,downtown
4921,39.874416,-104.665391,airport
4922,39.745125,-104.994416,downtown
4923,39.693484,-104.952199,wash_park
4924,39.732954,-104.973002,downtown
4925,39.748971,-104.948477,city_park
4926,39.750414,-104.981207,downtown
4927,39.744839,-104.975772,city_park
4928,39.742779,-104.959952,city_park
4929,39.851579,-104.679541,airport
4930,39.731895,-104.984342,downtown
4931,39.753721,-105.006179,downtown
4932,39.726531,-104.977294,wash_park
4933,39.839253,-104.674321,airport
4934,39.730654,-104.981744,downtown
4935,39.737413,-104.94662,city_park
4936,39.773639,-104.886105,central_park
4937,39.753895,-105.027563,downtown
4938,39.752804,-104.977347,downtown
4939,39.74856,-104.97865,downtown
4940,39.772843,-104.873327,central_park
4941,39.745714,-104.963984,city_park
4942,39.744206,-104.991097,downtown
4943,39.704323,-104.969523,wash_park
4944,39.858266,-104.662504,airport
4945,39.707302,-104.966908,wash_park
4946,39.743827,-104.987648,downtown
4947,39.749126,-104.964774,city_park
4948,39.749521,-104.943069,city_park
4949,39.754985,-104.968569,city_park
4950,39.699893,-104.965962,wash_park
4951,39.71775,-104.97588,wash_park
4952,39.757808,-104.949142,city_park
4953,39.735368,-104.987707,downtown
4954,39.765865,-104.9073,central_park
4955,39.729051,-104.991814,downtown
4956,39.711765,-104.98486,wash_park
4957,39.698916,-104.958085,wash_park
4958,39.731751,-104.946616,city_park
4959,39.737475,-104.995903,downtown
4960,39.73956,-104.992544,downtown
4961,39.749879,-104.956101,downtown
4962,39.750886,-104.94357,city_park
4963,39.789705,-104.872191,central_park
4964,39.745457,-104.979402,downtown
4965,39.739061,-104.995804,downtown
4966,39.743383,-104.965184,downtown
4967,39.752902,-104.96805,city_park
4968,39.728834,-104.99635,downtown
4969,39.69358,-104.962961,wash_park
4970,39.751695,-104.908795,central_park
4971,39.698548,-104.940158,wash_park
4972,39.734967,-104.97591,downtown
4973,39.722332,-104.971947,wash_park
4974,39.740773,-104.966455,downtown
4975,39.771473,-104.899665,central_park
4976,39.751408,-104.938218,city_park
4977,39.859406,-104.669776,airport
4978,39.74731,-104.957136,city_park
4979,39.673445,-104.971762,wash_park
4980,39.863689,-104.66977,airport
4981,39.870633,-104.681252,airport
4982,39.747402,-104.933234,city_park
4983,39.737346,-104.964027,city_park
4984,39.760204,-104.876977,central_park
4985,39.714983,-104.982824,wash_park
4986,39.694383,-104.98575,wash_park
4987,39.697404,-104.988145,wash_park
4988,39.782776,-104.877212,central_park
4989,39.741952,-105.005742,downtown
4990,39.85098,-104.676533,airport
4991,39.851362,-104.653855,airport
4992,39.756433,-104.893996,central_park
4993,39.792635,-104.892302,central_park
4994,39.748842,-105.00874,downtown
4995,39.742499,-105.010685,downtown
4996,39.724589,-104.966931,city_park
4997,39.73765,-104.992097,downtown
4998,39.864137,-104.659508,airport
4999,39.729675,-104.942495,city_park
5000,39.859309,-104.666269,airport
5001,39.863292,-104.673988,airport
5002,39.849344,-104.657979,airport
5003,39.759947,-104.905785,central_park
5004,39.740937,-104.96786,city_park
5005,39.742628,-104.99922,downtown
5006,39.733466,-104.980132,downtown
5007,39.877521,-104.676685,airport
5008,39.853842,-104.67251,airport
5009,39.707169,-104.981973,wash_park
5010,39.699588,-104.971865,wash_park
5011,39.866628,-104.665288,airport
5012,39.848191,-104.659681,airport
5013,39.775174,-104.869923,central_park
5014,39.720366,-104.95691,wash_park
5015,39.774377,-104.906658,central_park
5016,39.727422,-104.967024,downtown
5017,39.748788,-105.007623,downtown
5018,39.755894,-104.94214,city_park
5019,39.709673,-104.977742,wash_park
5020,39.784053,-104.902957,central_park
5021,39.739206,-104.990831,downtown
5022,39.842607,-104.675118,airport
5023,39.744896,-104.857346,central_park
5024,39.749016,-104.991814,downtown
5025,39.74492,-104.986458,downtown
5026,39.864403,-104.693699,airport
5027,39.748332,-104.994219,downtown
5028,39.736763,-104.994236,downtown
5029,39.870762,-104.664989,airport
5030,39.733974,-104.986197,downtown
5031,39.860507,-104.658748,airport
5032,39.743277,-104.951459,city_park
5033,39.706493,-104.960444,wash_park
5034,39.728391,-104.989914,downtown
5035,39.747487,-104.974115,downtown
5036,39.75449,-104.945618,city_park
5037,39.766115,-104.899232,central_park
5038,39.735069,-104.992101,downtown
5039,39.769573,-104.907165,central_park
5040,39.797597,-104.900803,central_park
5041,39.859489,-104.675537,airport
5042,39.728246,-104.965988,wash_park
5043,39.85397,-104.641979,airport
5044,39.735058,-104.988817,downtown
5045,39.747751,-104.99502,downtown
5046,39.779026,-104.859477,central_park
5047,39.725595,-104.949378,city_park
5048,39.757311,-104.916615,city_park
5049,39.770732,-104.889367,central_park
5050,39.734081,-104.98452,downtown
5051,39.760688,-104.984805,city_park
5052,39.726888,-104.987263,downtown
5053,39.767876,-104.879519,central_park
5054,39.757742,-104.964499,city_park
5055,39.725754,-105.000907,downtown
5056,39.736446,-104.992084,downtown
5057,39.77169,-104.881577,central_park
5058,39.697567,-104.965882,wash_park
5059,39.724752,-104.984875,downtown
5060,39.695075,-104.961158,wash_park
5061,39.786096,-104.896081,central_park
5062,39.725865,-104.95724,city_park
5063,39.746387,-105.005103,downtown
5064,39.782999,-104.894866,central_park
5065,39.710247,-104.965283,wash_park
5066,39.754053,-104.956212,city_park
5067,39.746873,-104.968886,city_park
5068,39.699275,-104.975433,wash_park
5069,39.757406,-104.9767,city_park
5070,39.761868,-104.971302,city_park
5071,39.735548,-104.99985,downtown
5072,39.741401,-104.970486,downtown
5073,39.789868,-104.881978,central_park
5074,39.854064,-104.68616,airport
5075,39.867088,-104.674159,airport
5076,39.685682,-104.953742,wash_park
5077,39.724805,-104.978574,downtown
5078,39.74171,-105.001334,downtown
5079,39.735138,-104.991572,downtown
5080,39.710961,-104.954686,wash_park
5081,39.756013,-104.958852,downtown
5082,39.85517,-104.675448,airport
5083,39.762661,-104.992271,downtown
5084,39.85138,-104.669847,airport
5085,39.725532,-105.013268,downtown
5086,39.731156,-104.994888,downtown
5087,39.735063,-104.950672,city_park
5088,39.724706,-105.001435,downtown
5089,39.726802,-104.983295,downtown
5090,39.737472,-104.990927,downtown
5091,39.741363,-104.992388,downtown
5092,39.752525,-104.986841,downtown
5093,39.698455,-104.982782,wash_park
5094,39.759994,-104.895649,central_park
5095,39.746628,-104.948885,city_park
5096,39.76396,-104.868329,central_park
5097,39.738086,-104.967592,city_park
5098,39.727208,-104.98581,downtown
5099,39.756167,-104.979636,city_park
5100,39.847333,-104.669642,airport
5101,39.747216,-104.997742,downtown
5102,39.7537,-104.935626,city_park
5103,39.869741,-104.670979,airport
5104,39.744061,-105.020624,downtown
5105,39.7205,-105.013549,downtown
5106,39.738349,-104.957375,city_park
5107,39.723354,-105.008993,downtown
5108,39.746865,-104.961803,city_park
5109,39.699408,-104.955766,wash_park
5110,39.747974,-104.976218,city_park
5111,39.747849,-104.955395,city_park
5112,39.848787,-104.693085,airport
5113,39.741044,-104.978416,city_park
5114,39.867419,-104.688574,airport
5115,39.746745,-104.965671,city_park
5116,39.762521,-104.950722,city_park
5117,39.744227,-104.994696,downtown
5118,39.709745,-104.977586,wash_park
5119,39.728209,-104.992269,downtown
5120,39.759898,-104.937663,city_park
5121,39.859059,-104.665396,airport
5122,39.765848,-104.902987,central_park
5123,39.709631,-104.991908,wash_park
5124,39.750905,-104.9958,downtown
5125,39.768312,-104.887466,central_park
5126,39.746977,-104.936815,city_park
5127,39.779068,-104.866273,central_park
5128,39.710699,-104.973105,wash_park
5129,39.752323,-104.864732,central_park
5130,39.745877,-104.993124,downtown
5131,39.848528,-104.660022,airport
5132,39.871991,-104.659434,airport
5133,39.78487,-104.873304,central_park
5134,39.762221,-104.952225,city_park
5135,39.771526,-104.96296,city_park
5136,39.864848,-104.672666,airport
5137,39.740063,-104.975274,city_park
5138,39.744034,-104.97445,downtown
5139,39.733788,-105.003131,downtown
5140,39.860486,-104.676327,airport
5141,39.744916,-104.954633,city_park
5142,39.74429,-104.970211,city_park
5143,39.757765,-104.984923,downtown
5144,39.73606,-104.980345,downtown
5145,39.743866,-104.945525,city_park
5146,39.73794,-105.001658,downtown
5147,39.77718,-104.89743,central_park
5148,39.697712,-104.971358,wash_park
5149,39.749824,-104.957951,city_park
5150,39.770586,-104.861877,central_park
5151,39.853114,-104.67822,airport
5152,39.773206,-104.888099,central_park
5153,39.73468,-104.950534,city_park
5154,39.782141,-104.873857,central_park
5155,39.763094,-104.94781,city_park
5156,39.731313,-104.988984,downtown
5157,39.746057,-105.002456,downtown
5158,39.769047,-104.879169,central_park
5159,39.730343,-104.971222,downtown
5160,39.701879,-104.968184,wash_park
5161,39.740906,-105.004413,downtown
5162,39.694728,-104.965976,wash_park
5163,39.744967,-104.978152,downtown
5164,39.730633,-104.973473,downtown
5165,39.847297,-104.676508,airport
5166,39.873506,-104.678433,airport
5167,39.735995,-105.006397,downtown
5168,39.756564,-104.968417,downtown
5169,39.790418,-104.889434,central_park
5170,39.745326,-104.949357,city_park
5171,39.77469,-104.887391,central_park
5172,39.699974,-104.963776,wash_park
5173,39.858933,-104.643623,airport
5174,39.754067,-105.007616,downtown
5175,39.711142,-104.99302,wash_park
5176,39.748309,-104.989917,downtown
5177,39.743228,-104.974011,downtown
5178,39.858002,-104.668675,airport
5179,39.746439,-105.002081,downtown
5180,39.720078,-104.975225,city_park
5181,39.72851,-104.954939,city_park
5182,39.774405,-104.872099,central_park
5183,39.833323,-104.663089,airport
5184,39.856766,-104.672604,airport
5185,39.731691,-104.956889,city_park
5186,39.734547,-104.984266,downtown
5187,39.754645,-104.888508,central_park
5188,39.721469,-104.996245,downtown
5189,39.706318,-104.965974,wash_park
5190,39.751127,-104.972271,downtown
5191,39.73771,-104.985321,downtown
5192,39.752334,-104.954735,city_park
5193,39.738741,-104.983232,downtown
5194,39.702844,-104.969391,wash_park
5195,39.727298,-104.98773,downtown
5196,39.722282,-104.984544,downtown
5197,39.763772,-104.883682,central_park
5198,39.695824,-104.95722,wash_park
5199,39.733566,-104.93851,city_park
5200,39.766163,-104.870175,central_park
5201,39.750377,-104.972634,city_park
5202,39.758262,-104.963988,city_park
5203,39.695146,-104.960526,wash_park
5204,39.734485,-104.988041,downtown
5205,39.762061,-104.947909,city_park
5206,39.74294,-105.009145,downtown
5207,39.757897,-104.910924,central_park
5208,39.780439,-104.889773,central_park
5209,39.727735,-104.99749,downtown
5210,39.854932,-104.698447,airport
5211,39.770567,-104.906384,central_park
5212,39.843798,-104.682452,airport
5213,39.732223,-104.993059,downtown
5214,39.730312,-105.005642,downtown
5215,39.720462,-105.002224,downtown
5216,39.731143,-104.993846,downtown
5217,39.733649,-104.953819,city_park
5218,39.710199,-104.975676,wash_park
5219,39.69909,-104.942265,wash_park
5220,39.85557,-104.664538,airport
5221,39.707144,-104.986293,wash_park
5222,39.709605,-104.958168,wash_park
5223,39.711883,-104.979907,wash_park
5224,39.740942,-104.986239,downtown
5225,39.739674,-104.964494,downtown
5226,39.736433,-104.957378,city_park
5227,39.717991,-104.988751,downtown
5228,39.727981,-104.997655,downtown
5229,39.772749,-104.878184,central_park
5230,39.705079,-104.975466,wash_park
5231,39.690884,-104.95722,wash_park
5232,39.766609,-104.887198,central_park
5233,39.771279,-104.869817,central_park
5234,39.875418,-104.682924,airport
5235,39.735036,-104.955578,city_park
5236,39.743223,-104.971205,downtown
5237,39.696653,-104.959624,wash_park
5238,39.732693,-104.999434,downtown
5239,39.747939,-105.007328,downtown
5240,39.773282,-104.893006,central_park
5241,39.731927,-104.964599,downtown
5242,39.86387,-104.695369,airport
5243,39.858964,-104.670876,airport
5244,39.708569,-104.96296,wash_park
5245,39.721159,-104.984362,wash_park
5246,39.746965,-104.977607,downtown
5247,39.703314,-104.985827,wash_park
5248,39.747597,-104.988767,downtown
5249,39.738735,-104.971087,city_park
5250,39.734161,-104.995437,downtown
5251,39.729478,-104.983459,downtown
5252,39.735524,-104.993237,downtown
5253,39.774428,-104.88201,central_park
5254,39.743144,-104.98363,downtown
5255,39.733194,-105.007481,downtown
5256,39.733631,-104.951322,city_park
5257,39.726172,-105.002559,downtown
5258,39.746911,-104.982376,downtown
5259,39.741342,-104.984775,downtown
5260,39.689874,-104.963657,wash_park
5261,39.871178,-104.682843,airport
5262,39.776987,-104.869127,central_park
5263,39.717675,-104.966397,wash_park
5264,39.741536,-104.942309,city_park
5265,39.836433,-104.666899,airport
5266,39.70578,-104.975535,wash_park
5267,39.70408,-104.96459,wash_park
5268,39.742955,-105.007924,downtown
5269,39.861854,-104.665288,airport
5270,39.724761,-105.019566,downtown
5271,39.737999,-104.984165,downtown
5272,39.691961,-104.980124,wash_park
5273,39.763663,-104.958871,city_park
5274,39.720067,-104.962038,wash_park
5275,39.858469,-104.681542,airport
5276,39.85179,-104.677272,airport
5277,39.854244,-104.673652,airport
5278,39.74413,-104.991472,downtown
5279,39.730827,-104.98509,downtown
5280,39.733469,-104.982665,downtown
5281,39.773054,-104.88227,central_park
5282,39.785746,-104.898472,central_park
5283,39.762229,-104.992021,downtown
5284,39.744159,-104.949556,city_park
5285,39.735675,-104.990163,downtown
5286,39.870855,-104.666494,airport
5287,39.754429,-104.874998,central_park
5288,39.73991,-104.984118,downtown
5289,39.726566,-105.011193,downtown
5290,39.737813,-104.966385,downtown
5291,39.699262,-104.985763,wash_park
5292,39.737178,-104.999835,downtown
5293,39.749004,-104.97858,downtown
5294,39.76279,-104.877139,central_park
5295,39.76638,-104.893859,central_park
5296,39.771189,-104.880896,central_park
5297,39.732379,-104.993002,city_park
5298,39.742514,-104.951655,city_park
5299,39.734495,-104.989571,downtown
5300,39.704926,-104.957194,wash_park
5301,39.723087,-104.997253,downtown
5302,39.7022,-104.9703,wash_park
5303,39.754262,-105.001538,downtown
5304,39.864245,-104.666563,airport
5305,39.710018,-104.96618,wash_park
5306,39.736404,-104.958983,city_park
5307,39.699762,-104.981467,wash_park
5308,39.75486,-104.986656,downtown
5309,39.76934,-104.897843,central_park
5310,39.749796,-104.986826,downtown
5311,39.73219,-104.988249,downtown
5312,39.758504,-104.983126,downtown
5313,39.74012,-104.956847,city_park
5314,39.741155,-104.997364,downtown
5315,39.717749,-104.967598,wash_park
5316,39.727186,-104.993209,downtown
5317,39.738533,-104.949293,city_park
5318,39.74418,-104.989172,downtown
5319,39.7439,-104.973318,downtown
5320,39.775614,-104.873407,central_park
5321,39.714411,-104.976259,wash_park
5322,39.729959,-104.985705,downtown
5323,39.716667,-104.962425,wash_park
5324,39.755529,-104.971267,city_park
5325,39.775374,-104.948287,city_park
5326,39.740301,-104.950334,city_park
5327,39.724998,-105.001012,downtown
5328,39.717659,-104.965003,wash_park
5329,39.861515,-104.667257,airport
5330,39.731747,-105.003479,downtown
5331,39.751501,-104.956618,city_park
5332,39.705904,-104.993682,wash_park
5333,39.856005,-104.672773,airport
5334,39.742888,-104.99037,downtown
5335,39.718251,-104.965672,wash_park
5336,39.750988,-104.964428,city_park
5337,39.715023,-104.994863,wash_park
5338,39.724227,-104.977448,city_park
5339,39.852122,-104.680103,airport
5340,39.848836,-104.693897,airport
5341,39.740199,-104.958473,city_park
5342,39.744622,-104.951288,city_park
5343,39.738476,-104.986593,downtown
5344,39.747261,-104.946298,city_park
5345,39.736409,-104.983444,downtown
5346,39.719567,-104.973673,wash_park
5347,39.836975,-104.68686,airport
5348,39.770879,-104.884314,central_park
5349,39.710094,-104.973822,wash_park
5350,39.762654,-104.956323,city_park
5351,39.727414,-104.98735,downtown
5352,39.699063,-104.971855,wash_park
5353,39.744726,-104.987916,downtown
5354,39.873865,-104.669989,airport
5355,39.875213,-104.658096,airport
5356,39.78931,-104.892447,central_park
5357,39.732515,-105.00863,downtown
5358,39.838935,-104.687788,airport
5359,39.69966,-104.967855,wash_park
5360,39.764537,-104.994918,downtown
5361,39.691363,-104.973929,wash_park
5362,39.783209,-104.891265,central_park
5363,39.720792,-104.995606,wash_park
5364,39.779201,-104.891305,central_park
5365,39.739739,-105.003431,downtown
5366,39.765084,-104.873682,central_park
5367,39.762783,-104.890585,central_park
5368,39.746592,-104.954302,city_park
5369,39.742138,-104.998908,downtown
5370,39.728024,-104.988116,downtown
5371,39.749758,-105.009564,downtown
5372,39.759578,-104.946768,city_park
5373,39.736694,-104.994329,downtown
5374,39.750801,-105.001671,downtown
5375,39.859587,-104.689394,airport
5376,39.752699,-104.958894,city_park
5377,39.686341,-104.95197,wash_park
5378,39.864632,-104.688184,airport
5379,39.748217,-104.987293,downtown
5380,39.704039,-104.948815,wash_park
5381,39.696701,-104.964809,wash_park
5382,39.750779,-105.00045,downtown
5383,39.734695,-104.965471,downtown
5384,39.84769,-104.677563,airport
5385,39.766092,-104.937717,city_park
5386,39.865374,-104.687327,airport
5387,39.862046,-104.658101,airport
5388,39.786419,-104.893349,central_park
5389,39.731612,-104.997816,downtown
5390,39.73792,-104.973863,downtown
5391,39.730919,-104.987281,downtown
5392,39.751995,-104.989178,downtown
5393,39.756852,-104.963915,downtown
5394,39.749179,-104.977379,city_park
5395,39.743015,-104.956641,city_park
5396,39.732218,-104.964481,city_park
5397,39.727155,-104.993495,downtown
5398,39.732465,-104.971245,city_park
5399,39.738588,-104.976606,downtown
5400,39.772697,-104.898023,central_park
5401,39.843654,-104.66608,airport
5402,39.737057,-104.982369,downtown
5403,39.690609,-104.980433,wash_park
5404,39.694486,-104.954301,wash_park
5405,39.870453,-104.713595,airport
5406,39.771449,-104.890596,central_park
5407,39.735189,-105.015288,downtown
5408,39.742171,-104.990727,downtown
5409,39.735023,-104.992151,downtown
5410,39.740215,-104.992514,downtown
5411,39.745922,-104.995677,downtown
5412,39.742371,-104.985417,downtown
5413,39.738152,-104.987533,downtown
5414,39.738617,-104.987513,downtown
5415,39.85315,-104.671197,airport
5416,39.683084,-104.967387,wash_park
5417,39.70573,-104.976187,wash_park
5418,39.722957,-104.995076,downtown
5419,39.832137,-104.682389,airport
5420,39.712428,-104.979946,wash_park
5421,39.859442,-104.670904,airport
5422,39.706659,-104.99448,downtown
5423,39.71246,-104.984158,wash_park
5424,39.755523,-104.905784,central_park
5425,39.738749,-104.96497,city_park
5426,39.705175,-104.937361,wash_park
5427,39.740079,-104.963764,city_park
5428,39.766148,-104.877946,central_park
5429,39.780192,-104.879118,central_park
5430,39.73349,-104.974062,downtown
5431,39.727105,-105.002886,downtown
5432,39.870329,-104.667114,airport
5433,39.738052,-104.94081,city_park
5434,39.744836,-104.965498,city_park
5435,39.752542,-104.98168,downtown
5436,39.745357,-105.003249,downtown
5437,39.707409,-104.977648,wash_park
5438,39.725885,-104.980271,downtown
5439,39.731474,-104.991157,downtown
5440,39.758827,-104.950247,city_park
5441,39.727149,-105.000011,downtown
5442,39.747279,-104.979179,downtown
5443,39.859699,-104.664681,airport
5444,39.73384,-104.938018,city_park
5445,39.704244,-104.985281,wash_park
5446,39.744797,-104.95494,city_park
5447,39.704871,-104.967965,wash_park
5448,39.70109,-104.95831,wash_park
5449,39.748359,-104.965929,city_park
5450,39.756752,-104.894069,central_park
5451,39.736236,-104.982607,downtown
5452,39.705824,-104.972732,wash_park
5453,39.745184,-104.999316,downtown
5454,39.717434,-104.984756,wash_park
5455,39.776677,-104.873549,central_park
5456,39.714473,-104.965973,wash_park
5457,39.733594,-104.995741,downtown
5458,39.734101,-105.007226,downtown
5459,39.7416,-104.983439,downtown
5460,39.756617,-104.99521,downtown
5461,39.759307,-104.967526,city_park
5462,39.734179,-104.943145,city_park
5463,39.852493,-104.670125,airport
5464,39.738035,-104.995626,downtown
5465,39.759654,-104.957449,city_park
5466,39.760699,-104.888017,central_park
5467,39.763721,-104.947535,city_park
5468,39.783795,-104.883718,central_park
5469,39.735485,-104.943514,city_park
5470,39.786649,-104.867401,central_park
5471,39.719521,-105.006463,downtown
5472,39.748367,-104.956938,city_park
5473,39.67472,-104.957205,wash_park
5474,39.747507,-104.947839,city_park
5475,39.719375,-104.961055,wash_park
5476,39.784081,-104.880147,central_park
5477,39.739897,-105.003972,downtown
5478,39.731657,-104.97711,downtown
5479,39.74805,-104.958767,city_park
5480,39.870115,-104.676504,airport
5481,39.74689,-104.940645,city_park
5482,39.748319,-104.979574,downtown
5483,39.684467,-104.970536,wash_park
5484,39.748372,-104.984372,city_park
5485,39.734441,-105.001653,downtown
5486,39.729424,-104.977395,downtown
5487,39.743237,-104.984003,downtown
5488,39.790891,-104.866413,central_park
5489,39.736686,-105.003018,downtown
5490,39.692734,-104.98294,wash_park
5491,39.766743,-104.900216,central_park
5492,39.714251,-104.963448,wash_park
5493,39.705663,-104.978917,wash_park
5494,39.728825,-105.005645,downtown
5495,39.767737,-104.950373,city_park
5496,39.851667,-104.668673,airport
5497,39.723572,-104.987297,downtown
5498,39.874075,-104.665038,airport
5499,39.850388,-104.66781,airport
5500,39.732439,-104.97531,downtown
5501,39.725449,-105.003757,downtown
5502,39.736925,-105.004226,downtown
5503,39.734067,-104.996393,downtown
5504,39.706131,-104.971257,wash_park
5505,39.783997,-104.901006,central_park
5506,39.689219,-104.971754,wash_park
5507,39.739889,-104.953406,city_park
5508,39.777557,-104.89423,central_park
5509,39.738625,-104.963549,downtown
5510,39.771727,-104.87236,central_park
5511,39.708058,-104.955609,wash_park
5512,39.760438,-104.948434,city_park
5513,39.73563,-105.004901,downtown
5514,39.732653,-105.00885,downtown
5515,39.701403,-104.977795,wash_park
5516,39.862753,-104.663124,airport
5517,39.737207,-104.975716,city_park
5518,39.709304,-104.984662,wash_park
5519,39.737704,-104.962446,city_park
5520,39.750799,-105.002305,downtown
5521,39.747882,-104.990745,downtown
5522,39.863771,-104.66354,airport
5523,39.734033,-104.98826,downtown
5524,39.752218,-104.953821,city_park
5525,39.691465,-104.981525,wash_park
5526,39.747869,-104.945527,city_park
5527,39.779599,-104.900123,central_park
5528,39.85992,-104.666196,airport
5529,39.877842,-104.65393,airport
5530,39.766162,-104.896907,central_park
5531,39.75779,-104.981279,city_park
5532,39.8681,-104.675207,airport
5533,39.76051,-104.950187,city_park
5534,39.77501,-104.879698,central_park
5535,39.712199,-104.969189,wash_park
5536,39.78776,-104.883121,central_park
5537,39.743484,-104.952613,city_park
5538,39.75839,-104.885844,central_park
5539,39.839288,-104.681411,airport
5540,39.746866,-104.953819,city_park
5541,39.736478,-104.979181,downtown
5542,39.699616,-104.944,wash_park
5543,39.71749,-104.999317,downtown
5544,39.853436,-104.677622,airport
5545,39.758975,-104.950961,city_park
5546,39.748133,-104.978633,city_park
5547,39.859015,-104.663987,airport
5548,39.756469,-104.896989,central_park
5549,39.711494,-104.968265,wash_park
5550,39.723886,-104.967584,wash_park
5551,39.751963,-104.944489,city_park
5552,39.728144,-104.980304,wash_park
5553,39.852463,-104.671894,airport
5554,39.7352,-105.00221,downtown
5555,39.767365,-104.895952,central_park
5556,39.753589,-104.988882,downtown
5557,39.771208,-104.880135,central_park
5558,39.756229,-105.022179,downtown
5559,39.735552,-104.968952,downtown
5560,39.759135,-104.945218,city_park
5561,39.758059,-104.896225,central_park
5562,39.746277,-104.955298,city_park
5563,39.70568,-104.982695,wash_park
5564,39.746489,-104.948642,city_park
5565,39.735289,-104.961884,city_park
5566,39.725479,-105.003395,downtown
5567,39.735621,-104.958808,city_park
5568,39.744688,-104.959524,city_park
5569,39.74208,-104.970635,city_park
5570,39.707239,-104.968681,wash_park
5571,39.696438,-104.965067,wash_park
5572,39.685679,-104.980794,wash_park
5573,39.734893,-104.993798,downtown
5574,39.786372,-104.866659,central_park
5575,39.692741,-104.951874,wash_park
5576,39.839424,-104.684265,airport
5577,39.766675,-104.987248,downtown
5578,39.880065,-104.672644,airport
5579,39.768789,-104.880169,central_park
5580,39.730427,-104.987666,downtown
5581,39.749914,-104.993831,downtown
5582,39.743936,-104.972215,city_park
5583,39.735265,-104.974707,downtown
5584,39.717282,-104.959769,wash_park
5585,39.697308,-104.973091,wash_park
5586,39.836253,-104.689285,airport
5587,39.750439,-104.949069,city_park
5588,39.765777,-104.871214,central_park
5589,39.755745,-104.977983,city_park
5590,39.771042,-104.865621,central_park
5591,39.751784,-104.973832,downtown
5592,39.736075,-104.976971,downtown
5593,39.697699,-104.951062,wash_park
5594,39.742303,-104.995785,downtown
5595,39.692349,-104.953246,wash_park
5596,39.721177,-104.967787,wash_park
5597,39.720829,-104.974134,downtown
5598,39.751788,-104.869229,central_park
5599,39.749303,-104.948702,city_park
5600,39.698857,-104.968594,wash_park
5601,39.730908,-104.994239,downtown
5602,39.705235,-104.971175,wash_park
5603,39.715284,-104.993957,downtown
5604,39.711265,-104.953275,wash_park
5605,39.705327,-104.963517,wash_park
5606,39.730085,-104.937098,city_park
5607,39.775187,-104.89614,central_park
5608,39.756675,-104.95096,city_park
5609,39.848278,-104.701409,airport
5610,39.714985,-105.004959,downtown
5611,39.867686,-104.694482,airport
5612,39.740917,-104.994959,downtown
5613,39.757195,-104.978274,downtown
5614,39.707607,-104.948109,wash_park
5615,39.717264,-104.964885,wash_park
5616,39.742953,-104.989358,downtown
5617,39.747327,-104.953099,city_park
5618,39.771873,-104.866377,central_park
5619,39.782634,-104.87764,central_park
5620,39.696759,-104.974044,wash_park
5621,39.741252,-104.996437,downtown
5622,39.842954,-104.670518,airport
5623,39.862927,-104.682968,airport
5624,39.738085,-104.960276,downtown
5625,39.691101,-104.959911,wash_park
5626,39.775712,-104.898905,central_park
5627,39.721363,-104.98679,downtown
5628,39.7237,-104.957174,wash_park
5629,39.711972,-104.966016,wash_park
5630,39.731536,-104.977937,downtown
5631,39.857222,-104.666186,airport
5632,39.740299,-104.924464,city_park
5633,39.703546,-104.982761,wash_park
5634,39.753468,-104.961061,city_park
5635,39.779636,-104.872996,central_park
5636,39.74619,-104.940084,city_park
5637,39.733274,-104.986914,downtown
5638,39.781523,-104.9576,city_park
5639,39.783235,-104.890968,central_park
5640,39.756568,-104.957118,city_park
5641,39.754929,-105.000502,downtown
5642,39.862088,-104.683616,airport
5643,39.747819,-104.987123,downtown
5644,39.740438,-104.95169,city_park
5645,39.730327,-104.977447,downtown
5646,39.741385,-104.945906,city_park
5647,39.74685,-104.969876,downtown
5648,39.84739,-104.676443,airport
5649,39.714118,-104.961275,wash_park
5650,39.854301,-104.691342,airport
5651,39.859622,-104.67722,airport
5652,39.753248,-104.978033,downtown
5653,39.796749,-104.86529,central_park
5654,39.73524,-104.981465,downtown
5655,39.771119,-104.888638,central_park
5656,39.706079,-104.967707,wash_park
5657,39.699972,-104.963652,wash_park
5658,39.719103,-104.977684,wash_park
5659,39.739359,-104.989912,downtown
5660,39.746285,-104.980628,downtown
5661,39.742717,-105.005217,downtown
5662,39.777958,-104.88243,central_park
5663,39.756574,-104.979857,city_park
5664,39.744528,-104.984943,downtown
5665,39.71338,-104.947506,wash_park
5666,39.763914,-104.900094,central_park
5667,39.729946,-105.002692,downtown
5668,39.734131,-104.960946,downtown
5669,39.749467,-104.973646,city_park
5670,39.692677,-104.966567,wash_park
5671,39.769041,-104.900475,central_park
5672,39.755129,-104.953477,city_park
5673,39.70628,-104.969326,wash_park
5674,39.761453,-104.959428,city_park
5675,39.772724,-104.886861,central_park
5676,39.855418,-104.674143,airport
5677,39.758171,-104.999698,downtown
5678,39.732523,-104.955757,city_park
5679,39.7165,-104.964089,wash_park
5680,39.877146,-104.68976,airport
5681,39.765328,-104.870819,central_park
5682,39.781635,-104.887826,central_park
5683,39.705387,-104.958399,wash_park
5684,39.861833,-104.664655,airport
5685,39.763189,-104.979043,downtown
5686,39.843401,-104.681782,airport
5687,39.728048,-104.943452,city_park
5688,39.716731,-104.96455,wash_park
5689,39.702027,-104.969492,wash_park
5690,39.8567,-104.660016,airport
5691,39.732458,-105.007555,downtown
5692,39.765689,-104.898283,central_park
5693,39.716764,-105.005334,downtown
5694,39.748117,-104.954116,city_park
5695,39.734104,-104.938733,city_park
5696,39.735896,-104.982878,downtown
5697,39.857941,-104.677813,airport
5698,39.733622,-104.983974,downtown
5699,39.774415,-104.879812,central_park
5700,39.749436,-104.951101,city_park
5701,39.753916,-104.996405,downtown
5702,39.741295,-105.00028,downtown
5703,39.787304,-104.876675,central_park
5704,39.759771,-104.983989,downtown
5705,39.743833,-104.96509,city_park
5706,39.74032,-105.005215,downtown
5707,39.765055,-104.885587,central_park
5708,39.742725,-104.993259,downtown
5709,39.749015,-104.948625,city_park
5710,39.76953,-104.867281,central_park
5711,39.782293,-104.891125,central_park
5712,39.717748,-104.970382,wash_park
5713,39.753692,-104.877846,central_park
5714,39.783929,-104.876569,central_park
5715,39.850731,-104.67034,airport
5716,39.746296,-104.992876,downtown
5717,39.869301,-104.688149,airport
5718,39.778559,-104.876044,central_park
5719,39.757832,-104.948731,city_park
5720,39.761299,-104.952507,city_park
5721,39.735095,-104.988523,downtown
5722,39.747497,-104.974143,downtown
5723,39.860568,-104.66213,airport
5724,39.786976,-104.872549,central_park
5725,39.709445,-104.960164,wash_park
5726,39.775202,-104.899221,central_park
5727,39.769909,-104.903008,central_park
5728,39.840355,-104.665345,airport
5729,39.750312,-104.943774,city_park
5730,39.867715,-104.665859,airport
5731,39.739164,-105.008672,downtown
5732,39.746732,-104.960116,city_park
5733,39.85919,-104.672637,airport
5734,39.768578,-104.87755,central_park
5735,39.752874,-104.970247,city_park
5736,39.729926,-104.993723,downtown
5737,39.759313,-104.885848,central_park
5738,39.775161,-104.894103,central_park
5739,39.771261,-104.881312,central_park
5740,39.733156,-104.990936,downtown
5741,39.70674,-104.966591,wash_park
5742,39.846798,-104.683546,airport
5743,39.85991,-104.681039,airport
5744,39.860364,-104.666122,airport
5745,39.731141,-104.989525,downtown
5746,39.750458,-104.975605,downtown
5747,39.756073,-104.947016,city_park
5748,39.763849,-104.872435,central_park
5749,39.744391,-104.9899,downtown
5750,39.858803,-104.673434,airport
5751,39.761538,-104.981459,downtown
5752,39.857126,-104.667456,airport
5753,39.685506,-104.96971,wash_park
5754,39.744512,-104.99661,downtown
5755,39.721736,-104.964651,wash_park
5756,39.746724,-104.984285,downtown
5757,39.739056,-104.982352,downtown
5758,39.860266,-104.68353,airport
5759,39.707258,-104.947641,wash_park
5760,39.734666,-104.9346,city_park
5761,39.734024,-104.991782,downtown
5762,39.745082,-104.989277,downtown
5763,39.838206,-104.66113,airport
5764,39.855555,-104.6872,airport
5765,39.732556,-104.969967,city_park
5766,39.739128,-105.005064,downtown
5767,39.740914,-104.999461,downtown
5768,39.704053,-104.992236,wash_park
5769,39.734686,-104.98565,downtown
5770,39.85824,-104.681365,airport
5771,39.727448,-104.989132,downtown
5772,39.739023,-104.959046,city_park
5773,39.716855,-104.991976,wash_park
5774,39.748416,-104.980256,city_park
5775,39.740935,-104.981333,city_park
5776,39.729225,-104.991215,downtown
5777,39.745302,-104.945677,city_park
5778,39.704565,-104.952476,wash_park
5779,39.72263,-104.941019,city_park
5780,39.850984,-104.678441,airport
5781,39.738065,-104.989516,downtown
5782,39.848232,-104.664484,airport
5783,39.741823,-104.984664,downtown
5784,39.778692,-104.878242,central_park
5785,39.741353,-104.978228,downtown
5786,39.743557,-104.999989,downtown
5787,39.853453,-104.682599,airport
5788,39.730813,-105.011404,downtown
5789,39.867963,-104.67784,airport
5790,39.772418,-104.957523,city_park
5791,39.854637,-104.701341,airport
5792,39.739737,-104.97996,downtown
5793,39.71668,-104.961754,wash_park
5794,39.855525,-104.66569,airport
5795,39.739556,-104.983878,downtown
5796,39.796702,-104.886951,central_park
5797,39.776198,-104.874446,central_park
5798,39.732202,-104.991991,downtown
5799,39.744625,-104.96923,downtown
5800,39.705232,-104.96515,wash_park
5801,39.712109,-104.982003,wash_park
5802,39.736818,-104.941388,city_park
5803,39.732216,-104.951004,city_park
5804,39.765217,-104.888699,central_park
5805,39.726467,-104.985708,downtown
5806,39.774823,-104.894065,central_park
5807,39.716575,-104.979895,wash_park
5808,39.767761,-104.878169,central_park
5809,39.728569,-104.950883,city_park
5810,39.760202,-104.961757,city_park
5811,39.751523,-104.956021,city_park
5812,39.73843,-104.985517,downtown
5813,39.730726,-104.979463,downtown
5814,39.752057,-104.897054,central_park
5815,39.779918,-104.89011,central_park
5816,39.729991,-104.973289,downtown
5817,39.845586,-104.648188,airport
5818,39.84071,-104.659756,airport
5819,39.743678,-104.99737,downtown
5820,39.753383,-104.955782,city_park
5821,39.74199,-104.989719,city_park
5822,39.721772,-104.971817,downtown
5823,39.763983,-104.990731,downtown
5824,39.849569,-104.678237,airport
5825,39.789664,-104.893012,central_park
5826,39.7357,-104.980877,downtown
5827,39.717143,-104.964667,wash_park
5828,39.740111,-104.99882,downtown
5829,39.771694,-104.887078,central_park
5830,39.746011,-104.960637,city_park
5831,39.782312,-104.909246,central_park
5832,39.746178,-104.982413,downtown
5833,39.767418,-104.939719,city_park
5834,39.744466,-104.980821,downtown
5835,39.768595,-104.859888,central_park
5836,39.762835,-104.966961,city_park
5837,39.747285,-105.004743,downtown
5838,39.867284,-104.669469,airport
5839,39.863566,-104.65885,airport
5840,39.717117,-104.967668,wash_park
5841,39.718128,-104.985692,wash_park
5842,39.728872,-104.985813,downtown
5843,39.848932,-104.667476,airport
5844,39.734436,-104.989136,downtown
5845,39.770616,-104.887941,central_park
5846,39.69935,-104.990987,wash_park
5847,39.708284,-104.971781,wash_park
5848,39.762761,-104.872154,central_park
5849,39.858272,-104.672931,airport
5850,39.743081,-104.996201,downtown
5851,39.73601,-104.980485,downtown
5852,39.86086,-104.675742,airport
5853,39.730929,-104.960471,downtown
5854,39.87209,-104.65489,airport
5855,39.69118,-104.973065,wash_park
5856,39.761048,-104.991379,downtown
5857,39.74367,-104.974434,downtown
5858,39.757791,-104.937904,city_park
5859,39.736731,-105.006293,downtown
5860,39.736274,-105.01366,downtown
5861,39.696128,-104.954114,wash_park
5862,39.759826,-104.864677,central_park
5863,39.857775,-104.665158,airport
5864,39.728253,-105.006167,downtown
5865,39.745967,-104.962401,city_park
5866,39.747584,-104.955402,city_park
5867,39.732831,-104.951962,city_park
5868,39.78106,-104.903248,central_park
5869,39.740743,-104.977776,downtown
5870,39.759087,-104.957366,city_park
5871,39.765248,-104.98037,downtown
5872,39.744436,-104.975148,downtown
5873,39.713613,-104.960197,wash_park
5874,39.745133,-104.999655,downtown
5875,39.733385,-104.989922,downtown
5876,39.724064,-105.013657,downtown
5877,39.776948,-104.854685,central_park
5878,39.851811,-104.679329,airport
5879,39.748573,-105.004066,downtown
5880,39.690621,-104.9625,wash_park
5881,39.750242,-105.006414,downtown
5882,39.740464,-104.93706,city_park
5883,39.745811,-104.959548,downtown
5884,39.737109,-104.996738,downtown
5885,39.78293,-104.891917,central_park
5886,39.856329,-104.683669,airport
5887,39.755193,-104.854893,central_park
5888,39.757953,-104.892694,central_park
5889,39.848259,-104.695567,airport
5890,39.749044,-104.993463,downtown
5891,39.753989,-104.970015,city_park
5892,39.776039,-104.867989,central_park
5893,39.773539,-104.85944,central_park
5894,39.687253,-104.967145,wash_park
5895,39.731821,-105.002133,downtown
5896,39.734491,-105.003067,downtown
5897,39.74019,-104.976515,downtown
5898,39.754406,-105.01329,downtown
5899,39.699944,-104.978714,wash_park
5900,39.735425,-104.997437,downtown
5901,39.745204,-104.952603,city_park
5902,39.701286,-104.977425,wash_park
5903,39.695595,-104.968105,wash_park
5904,39.737038,-105.011366,downtown
5905,39.733795,-104.976154,downtown
5906,39.71854,-104.976816,wash_park
5907,39.733636,-104.946639,city_park
5908,39.718728,-105.001157,downtown
5909,39.737538,-104.989335,downtown
5910,39.785917,-104.874593,central_park
5911,39.858207,-104.663447,airport
5912,39.743994,-104.94902,city_park
5913,39.75343,-104.954978,city_park
5914,39.733818,-104.987486,downtown
5915,39.728781,-105.002454,downtown
5916,39.738628,-104.99546,downtown
5917,39.75133,-104.995979,downtown
5918,39.683094,-104.95763,wash_park
5919,39.733854,-104.958458,city_park
5920,39.736873,-104.960918,city_park
5921,39.745114,-104.978305,downtown
5922,39.759898,-104.947162,city_park
5923,39.714823,-104.957151,wash_park
5924,39.88099,-104.668329,airport
5925,39.868153,-104.677044,airport
5926,39.739043,-104.9581,city_park
5927,39.726873,-104.981169,wash_park
5928,39.86863,-104.684609,airport
5929,39.742485,-104.986812,downtown
5930,39.70193,-104.963178,wash_park
5931,39.76425,-104.903589,central_park
5932,39.858248,-104.668069,airport
5933,39.741945,-104.987166,downtown
5934,39.706777,-104.983685,wash_park
5935,39.760856,-104.955661,city_park
5936,39.758078,-104.961485,city_park
5937,39.715452,-104.969906,wash_park
5938,39.849283,-104.667407,airport
5939,39.846803,-104.668894,airport
5940,39.837202,-104.688716,airport
5941,39.788101,-104.873279,central_park
5942,39.739187,-104.939965,city_park
5943,39.740826,-104.992722,downtown
5944,39.738656,-104.940164,city_park
5945,39.763937,-104.950391,city_park
5946,39.759796,-104.891602,central_park
5947,39.767998,-104.882915,central_park
5948,39.852907,-104.678979,airport
5949,39.857257,-104.665671,airport
5950,39.842841,-104.684304,airport
5951,39.735718,-104.984531,downtown
5952,39.73338,-104.986082,downtown
5953,39.758733,-104.992152,downtown
5954,39.868138,-104.682101,airport
5955,39.847919,-104.678313,airport
5956,39.757139,-104.960798,city_park
5957,39.745311,-104.944748,city_park
5958,39.75763,-105.00613,downtown
5959,39.702278,-104.961338,wash_park
5960,39.750162,-105.000282,downtown
5961,39.759995,-104.961995,city_park
5962,39.705741,-104.951253,wash_park
5963,39.770734,-104.872033,central_park
5964,39.754206,-105.007016,downtown
5965,39.724383,-104.993211,downtown
5966,39.850892,-104.676236,airport
5967,39.734275,-104.979254,downtown
5968,39.83295,-104.669662,airport
5969,39.766486,-104.897935,central_park
5970,39.685432,-104.973325,wash_park
5971,39.739224,-104.984687,downtown
5972,39.749441,-104.999929,downtown
5973,39.737416,-104.995836,downtown
5974,39.756569,-104.952128,city_park
5975,39.766001,-104.885914,central_park
5976,39.858162,-104.684978,airport
5977,39.730997,-104.967172,city_park
5978,39.739304,-104.986748,downtown
5979,39.731427,-104.986112,downtown
5980,39.780689,-104.87176,central_park
5981,39.858544,-104.679643,airport
5982,39.701661,-104.964885,wash_park
5983,39.738072,-105.003582,downtown
5984,39.780573,-104.896083,central_park
5985,39.86094,-104.658945,airport
5986,39.86985,-104.699851,airport
5987,39.839697,-104.664475,airport
5988,39.753928,-104.903315,central_park
5989,39.733814,-104.982537,downtown
5990,39.734577,-104.979784,downtown
5991,39.741324,-104.975521,downtown
5992,39.754293,-104.961656,city_park
5993,39.741983,-104.996483,downtown
5994,39.869097,-104.655844,airport
5995,39.733065,-104.988287,downtown
5996,39.746918,-104.956938,city_park
5997,39.726663,-104.985491,downtown
5998,39.741717,-104.975202,city_park
5999,39.756198,-104.975386,city_park
6000,39.746905,-105.024977,downtown
6001,39.850894,-104.698522,airport
6002,39.852905,-104.653994,airport
6003,39.782847,-104.867217,central_park
6004,39.733171,-105.002134,downtown
6005,39.779689,-104.881305,central_park
6006,39.766329,-104.863192,central_park
6007,39.741607,-104.969168,downtown
6008,39.710648,-104.972332,wash_park
6009,39.698734,-104.976181,wash_park
6010,39.754995,-104.936816,city_park
6011,39.705412,-104.990231,wash_park
6012,39.760588,-104.961744,downtown
6013,39.856651,-104.667238,airport
6014,39.714072,-104.968758,downtown
6015,39.744398,-104.996321,downtown
6016,39.738943,-104.976813,downtown
6017,39.733913,-105.007013,downtown
6018,39.725632,-104.947438,city_park
6019,39.742617,-104.995524,downtown
6020,39.735151,-104.967749,city_park
6021,39.741946,-104.992737,downtown
6022,39.736872,-104.987332,downtown
6023,39.775868,-104.877303,central_park
6024,39.858358,-104.695615,airport
6025,39.747016,-104.988569,downtown
6026,39.773314,-104.888579,central_park
6027,39.724617,-104.947504,city_park
6028,39.711523,-104.989955,wash_park
6029,39.783447,-104.883643,central_park
6030,39.748445,-104.971963,downtown
6031,39.741747,-104.993131,downtown
6032,39.701131,-104.996321,wash_park
6033,39.747471,-104.999263,downtown
6034,39.722933,-104.954034,wash_park
6035,39.852911,-104.683544,airport
6036,39.75303,-104.977281,downtown
6037,39.870882,-104.69453,airport
6038,39.731253,-104.978737,downtown
6039,39.753078,-104.958325,city_park
6040,39.849821,-104.681616,airport
6041,39.77785,-104.882265,central_park
6042,39.860409,-104.68875,airport
6043,39.84344,-104.660354,airport
6044,39.738847,-104.976032,downtown
6045,39.715899,-104.974509,wash_park
6046,39.839764,-104.667516,airport
6047,39.741256,-104.984468,downtown
6048,39.750968,-104.98599,downtown
6049,39.787417,-104.880168,central_park
6050,39.755341,-104.892093,central_park
6051,39.726185,-104.961741,wash_park
6052,39.790071,-104.874434,central_park
6053,39.75719,-104.883232,central_park
6054,39.71731,-104.976666,wash_park
6055,39.73616,-104.963738,city_park
6056,39.730926,-104.977493,downtown
6057,39.708847,-104.973471,wash_park
6058,39.748996,-104.967047,downtown
6059,39.772426,-104.894097,central_park
6060,39.856966,-104.671426,airport
6061,39.775387,-104.880254,central_park
6062,39.732652,-105.006763,downtown
6063,39.746318,-104.998416,downtown
6064,39.786291,-104.895683,central_park
6065,39.732807,-104.992248,downtown
6066,39.76952,-104.872524,central_park
6067,39.784232,-104.883354,central_park
6068,39.734845,-104.955851,city_park
6069,39.738931,-104.98786,downtown
6070,39.748005,-105.003043,downtown
6071,39.738739,-104.955523,city_park
6072,39.860682,-104.679201,airport
6073,39.842118,-104.673366,airport
6074,39.761164,-104.874755,central_park
6075,39.751971,-104.995533,downtown
6076,39.739875,-104.982668,downtown
6077,39.754937,-104.881548,central_park
6078,39.735555,-104.984924,downtown
6079,39.754985,-104.962313,city_park
6080,39.741158,-104.996288,downtown
6081,39.835543,-104.685824,airport
6082,39.738341,-104.9858,downtown
6083,39.788931,-104.890722,central_park
6084,39.744267,-104.981748,downtown
6085,39.701934,-104.981604,wash_park
6086,39.732463,-104.950619,city_park
6087,39.723481,-104.978096,downtown
6088,39.692247,-104.99554,wash_park
6089,39.732731,-104.982728,downtown
6090,39.724841,-104.99186,downtown
6091,39.861648,-104.669046,airport
6092,39.729674,-105.007053,downtown
6093,39.737449,-104.975611,downtown
6094,39.770847,-104.891728,central_park
6095,39.721861,-104.958255,wash_park
6096,39.747498,-105.008731,downtown
6097,39.743791,-104.938043,city_park
6098,39.769501,-104.899479,central_park
6099,39.76057,-104.889007,central_park
6100,39.772114,-104.883508,central_park
6101,39.711863,-104.96321,wash_park
6102,39.864129,-104.669991,airport
6103,39.751921,-104.973297,downtown
6104,39.74093,-104.997513,downtown
6105,39.782624,-104.892127,central_park
6106,39.837357,-104.670922,airport
6107,39.752113,-104.985016,city_park
6108,39.852093,-104.649931,airport
6109,39.705789,-104.975959,wash_park
6110,39.753764,-104.947698,city_park
6111,39.727027,-105.002465,downtown
6112,39.750425,-104.951256,city_park
6113,39.737955,-104.986201,downtown
6114,39.729792,-104.999848,downtown
6115,39.717335,-104.957315,wash_park
6116,39.783741,-104.892746,central_park
6117,39.77539,-104.888892,central_park
6118,39.754863,-104.877607,central_park
6119,39.7268,-104.975887,city_park
6120,39.737558,-104.995336,downtown
6121,39.737653,-104.995814,downtown
6122,39.767106,-104.946417,city_park
6123,39.763135,-104.952597,city_park
6124,39.740239,-104.990283,downtown
6125,39.772343,-104.899938,central_park
6126,39.723068,-104.975484,downtown
6127,39.733186,-104.998162,downtown
6128,39.739642,-104.975575,downtown
6129,39.733349,-105.017491,downtown
6130,39.861573,-104.663083,airport
6131,39.713275,-104.951688,wash_park
6132,39.715121,-104.964974,wash_park
6133,39.731064,-104.945777,city_park
6134,39.723055,-104.979609,wash_park
6135,39.719487,-104.998953,downtown
6136,39.751361,-104.885255,central_park
6137,39.861102,-104.679143,airport
6138,39.691143,-104.959078,wash_park
6139,39.734293,-104.973656,city_park
6140,39.786728,-104.895382,central_park
6141,39.709875,-104.958146,wash_park
6142,39.71467,-105.000306,downtown
6143,39.745597,-104.991608,downtown
6144,39.857811,-104.681475,airport
6145,39.735657,-104.993763,downtown
6146,39.721448,-104.956623,city_park
6147,39.745519,-104.972207,downtown
6148,39.715495,-104.964709,wash_park
6149,39.707128,-104.998433,wash_park
6150,39.750171,-104.994335,downtown
6151,39.741875,-104.965203,city_park
6152,39.847044,-104.662162,airport
6153,39.749204,-104.999155,downtown
6154,39.734743,-104.998085,downtown
6155,39.696878,-104.979288,wash_park
6156,39.738627,-104.947838,city_park
6157,39.768328,-104.934647,city_park
6158,39.756673,-104.96873,city_park
6159,39.743552,-104.938182,city_park
6160,39.725413,-105.023053,downtown
6161,39.710818,-104.960305,wash_park
6162,39.757665,-104.958501,city_park
6163,39.757638,-104.933704,city_park
6164,39.86344,-104.667779,airport
6165,39.729237,-105.001075,downtown
6166,39.777142,-104.875909,central_park
6167,39.849413,-104.688553,airport
6168,39.731299,-104.986842,downtown
6169,39.740576,-104.992254,downtown
6170,39.722392,-104.987129,downtown
6171,39.719238,-104.976984,city_park
6172,39.726358,-104.983959,downtown
6173,39.73627,-104.960824,city_park
6174,39.850811,-104.656741,airport
6175,39.730911,-104.976956,downtown
6176,39.852819,-104.671047,airport
6177,39.753854,-104.975422,city_park
6178,39.713465,-104.961319,wash_park
6179,39.716028,-104.98285,downtown
6180,39.728587,-104.980883,downtown
6181,39.712668,-104.962693,wash_park
6182,39.697324,-104.97198,wash_park
6183,39.740787,-104.997291,downtown
6184,39.863164,-104.696699,airport
6185,39.748261,-104.970253,downtown
6186,39.77532,-104.879358,central_park
6187,39.741408,-104.948999,city_park
6188,39.873842,-104.665083,airport
6189,39.731748,-104.992278,downtown
6190,39.748042,-104.955393,city_park
6191,39.766682,-104.888455,central_park
6192,39.867196,-104.670179,airport
6193,39.848986,-104.675941,airport
6194,39.837425,-104.669967,airport
6195,39.712268,-104.963148,wash_park
6196,39.77298,-104.878198,central_park
6197,39.777795,-104.910889,central_park
6198,39.74269,-104.972684,downtown
6199,39.705624,-104.982171,wash_park
6200,39.865287,-104.685523,airport
6201,39.882211,-104.670283,airport
6202,39.744606,-104.940217,city_park
6203,39.708854,-104.95797,wash_park
6204,39.765106,-104.98534,city_park
6205,39.737289,-104.960997,city_park
6206,39.74764,-104.957342,city_park
6207,39.729013,-104.988135,downtown
6208,39.86088,-104.672421,airport
6209,39.686174,-104.958973,wash_park
6210,39.74188,-104.963593,downtown
6211,39.74441,-104.991536,downtown
6212,39.86718,-104.669994,airport
6213,39.868375,-104.67801,airport
6214,39.77654,-104.895559,central_park
6215,39.744567,-104.988706,downtown
6216,39.721299,-104.952352,wash_park
6217,39.845607,-104.668362,airport
6218,39.733608,-104.986906,downtown
6219,39.778273,-104.870085,central_park
6220,39.742258,-104.973658,downtown
6221,39.853831,-104.672614,airport
6222,39.738152,-104.953537,city_park
6223,39.744461,-104.96477,city_park
6224,39.848936,-104.680011,airport
6225,39.74246,-104.998087,downtown
6226,39.758025,-104.989433,downtown
6227,39.768732,-104.866153,central_park
6228,39.748641,-104.970803,downtown
6229,39.787918,-104.87816,central_park
6230,39.73483,-104.979363,city_park
6231,39.786964,-104.877099,central_park
6232,39.760661,-104.962967,city_park
6233,39.850409,-104.672097,airport
6234,39.692762,-104.973387,wash_park
6235,39.734186,-104.981624,downtown
6236,39.850327,-104.676152,airport
6237,39.850953,-104.656637,airport
6238,39.737195,-105.000408,downtown
6239,39.756822,-104.956507,city_park
6240,39.751206,-104.952756,city_park
6241,39.757694,-104.982744,downtown
6242,39.737614,-104.985359,downtown
6243,39.744024,-104.942313,city_park
6244,39.698951,-104.978622,wash_park
6245,39.727839,-104.984739,downtown
6246,39.704457,-104.975816,wash_park
6247,39.695889,-104.967284,wash_park
6248,39.743667,-105.004965,downtown
6249,39.733929,-104.965262,downtown
6250,39.733409,-104.978271,downtown
6251,39.748896,-104.948898,city_park
6252,39.754453,-104.979761,downtown
6253,39.857035,-104.656482,airport
6254,39.782976,-104.886556,central_park
6255,39.726985,-104.987925,downtown
6256,39.742421,-104.992632,downtown
6257,39.693734,-104.968285,wash_park
6258,39.744181,-105.00164,downtown
6259,39.745046,-104.987389,downtown
6260,39.744949,-104.944974,city_park
6261,39.870569,-104.682331,airport
6262,39.752112,-104.968498,city_park
6263,39.73482,-104.992556,downtown
6264,39.739757,-104.953647,city_park
6265,39.756201,-104.884578,central_park
6266,39.743686,-104.950071,city_park
6267,39.701883,-104.972336,wash_park
6268,39.741704,-104.978629,downtown
6269,39.837466,-104.685198,airport
6270,39.831943,-104.660061,airport
6271,39.729097,-105.000277,downtown
6272,39.70319,-104.975436,wash_park
6273,39.737223,-104.959574,city_park
6274,39.84894,-104.675411,airport
6275,39.770972,-104.891938,central_park
6276,39.695061,-104.973086,wash_park
6277,39.753044,-104.959135,city_park
6278,39.735229,-104.962415,downtown
6279,39.700092,-104.950874,wash_park
6280,39.764767,-104.901878,central_park
6281,39.844228,-104.667855,airport
6282,39.781904,-104.907537,central_park
6283,39.736897,-105.00106,downtown
6284,39.763501,-104.961638,city_park
6285,39.710278,-104.967883,wash_park
6286,39.733988,-104.964775,city_park
6287,39.871539,-104.687666,airport
6288,39.708591,-104.979157,wash_park
6289,39.734024,-104.975092,city_park
6290,39.749482,-104.953994,city_park
6291,39.731825,-104.995209,downtown
6292,39.788784,-104.894889,central_park
6293,39.706888,-104.977832,wash_park
6294,39.756542,-104.9654,city_park
6295,39.743882,-104.955731,city_park
6296,39.700565,-104.976287,wash_park
6297,39.748243,-104.978329,city_park
6298,39.745738,-104.985863,downtown
6299,39.760076,-104.88422,central_park
6300,39.750542,-104.998184,downtown
6301,39.790121,-104.881968,central_park
6302,39.868974,-104.690901,airport
6303,39.866832,-104.692416,airport
6304,39.739487,-104.960375,city_park
6305,39.753852,-105.011165,downtown
6306,39.859297,-104.652872,airport
6307,39.74333,-104.999443,downtown
6308,39.74809,-104.975113,city_park
6309,39.747893,-104.975537,city_park
6310,39.861153,-104.656805,airport
6311,39.739021,-104.996414,downtown
6312,39.737951,-104.99118,downtown
6313,39.753334,-104.889784,central_park
6314,39.767414,-104.868811,central_park
6315,39.750801,-104.977017,downtown
6316,39.75067,-104.984943,downtown
6317,39.710796,-104.992559,wash_park
6318,39.713593,-104.967164,wash_park
6319,39.767669,-104.866902,central_park
6320,39.747505,-104.985635,downtown
6321,39.858799,-104.687373,airport
6322,39.729869,-104.939618,city_park
6323,39.73482,-105.003627,downtown
6324,39.849874,-104.677121,airport
6325,39.727732,-105.00301,downtown
6326,39.829934,-104.682727,airport
6327,39.77827,-104.895679,central_park
6328,39.758518,-104.958613,city_park
6329,39.727595,-105.009636,downtown
6330,39.705769,-104.956159,wash_park
6331,39.727506,-104.970123,downtown
6332,39.736705,-104.978691,downtown
6333,39.861274,-104.671998,airport
6334,39.748726,-104.94118,city_park
6335,39.755705,-104.966879,city_park
6336,39.748961,-104.966641,city_park
6337,39.746373,-104.995455,downtown
6338,39.742484,-104.948603,city_park
6339,39.736311,-105.002175,downtown
6340,39.769001,-104.962617,downtown
6341,39.761462,-104.960385,city_park
6342,39.721192,-104.995189,downtown
6343,39.765876,-104.879927,central_park
6344,39.775191,-104.885757,central_park
6345,39.850939,-104.675578,airport
6346,39.778042,-104.884654,central_park
6347,39.727435,-104.941878,city_park
6348,39.759337,-104.944792,city_park
6349,39.844356,-104.669441,airport
6350,39.841205,-104.685357,airport
6351,39.760855,-104.892158,central_park
6352,39.731441,-104.990025,downtown
6353,39.72223,-104.981803,wash_park
6354,39.855798,-104.674652,airport
6355,39.722229,-104.991024,downtown
6356,39.730883,-104.998952,downtown
6357,39.728372,-104.962643,downtown
6358,39.734156,-105.012109,downtown
6359,39.684457,-104.975941,wash_park
6360,39.728225,-104.989551,downtown
6361,39.798484,-104.880807,central_park
6362,39.733091,-104.978688,wash_park
6363,39.705908,-104.992914,wash_park
6364,39.707735,-104.990177,wash_park
6365,39.736882,-104.982585,downtown
6366,39.744371,-104.955626,city_park
6367,39.737675,-104.958887,city_park
6368,39.71189,-104.972024,wash_park
6369,39.725225,-104.978857,downtown
6370,39.750129,-104.95969,city_park
6371,39.69397,-104.980272,wash_park
6372,39.745447,-104.992657,downtown
6373,39.723471,-104.992631,wash_park
6374,39.742916,-104.985685,downtown
6375,39.740617,-104.987347,downtown
6376,39.735771,-104.996372,downtown
6377,39.783331,-104.895156,central_park
6378,39.698117,-104.959502,wash_park
6379,39.739385,-104.994739,downtown
6380,39.733583,-105.00737,downtown
6381,39.703213,-104.954665,wash_park
6382,39.727176,-104.975171,downtown
6383,39.702823,-104.973293,wash_park
6384,39.7446,-104.958649,city_park
6385,39.866361,-104.65794,airport
6386,39.735003,-104.951577,city_park
6387,39.688691,-104.966859,wash_park
6388,39.781177,-104.896729,central_park
6389,39.740976,-104.985954,downtown
6390,39.746324,-104.948613,city_park
6391,39.73722,-104.965195,downtown
6392,39.858439,-104.661509,airport
6393,39.74074,-104.993742,downtown
6394,39.731335,-104.981719,downtown
6395,39.858568,-104.660406,airport
6396,39.726779,-104.979378,downtown
6397,39.744449,-104.993061,downtown
6398,39.724792,-105.001979,downtown
6399,39.747301,-104.998012,downtown
6400,39.733235,-104.993737,downtown
6401,39.771274,-104.88585,central_park
6402,39.746048,-104.956815,city_park
6403,39.739574,-104.979499,downtown
6404,39.707242,-104.970589,wash_park
6405,39.744758,-104.958444,city_park
6406,39.715701,-104.967163,wash_park
6407,39.748851,-104.980822,downtown
6408,39.759534,-104.95133,city_park
6409,39.765929,-104.896616,central_park
6410,39.7576,-104.98681,downtown
6411,39.754407,-105.000028,downtown
6412,39.71464,-105.012445,wash_park
6413,39.748229,-104.971392,downtown
6414,39.771392,-104.88478,central_park
6415,39.739307,-104.986311,downtown
6416,39.78017,-104.903049,central_park
6417,39.744106,-105.015508,downtown
6418,39.748112,-104.976651,downtown
6419,39.73539,-104.983322,downtown
6420,39.856285,-104.680336,airport
6421,39.719921,-104.977546,wash_park
6422,39.849783,-104.652683,airport
6423,39.698775,-104.968791,wash_park
6424,39.857747,-104.66634,airport
6425,39.853413,-104.66944,airport
6426,39.768516,-104.884098,central_park
6427,39.754645,-104.972414,city_park
6428,39.744472,-104.991479,downtown
6429,39.776896,-104.895015,central_park
6430,39.750096,-104.952867,city_park
6431,39.734889,-104.992935,downtown
6432,39.75051,-104.891252,central_park
6433,39.743456,-105.004367,downtown
6434,39.748384,-104.96483,city_park
6435,39.846029,-104.67647,airport
6436,39.729524,-104.944218,city_park
6437,39.770119,-104.890561,central_park
6438,39.769837,-104.955144,city_park
6439,39.746669,-104.941851,city_park
6440,39.739146,-105.003189,downtown
6441,39.883223,-104.678557,airport
6442,39.74733,-104.988278,downtown
6443,39.712309,-104.960586,wash_park
6444,39.72576,-104.979141,downtown
6445,39.720627,-104.978355,wash_park
6446,39.776598,-104.869332,central_park
6447,39.709604,-104.964273,wash_park
6448,39.740727,-104.975451,downtown
6449,39.744923,-104.926376,city_park
6450,39.743102,-104.983151,downtown
6451,39.765733,-104.879862,central_park
6452,39.73889,-104.991936,downtown
6453,39.747463,-104.973167,downtown
6454,39.753254,-104.957551,city_park
6455,39.739647,-104.990676,downtown
6456,39.739913,-104.986131,downtown
6457,39.731692,-104.991381,downtown
6458,39.736941,-105.002189,downtown
6459,39.739953,-104.98954,downtown
6460,39.73238,-104.964072,city_park
6461,39.776143,-104.880827,central_park
6462,39.729637,-104.965671,wash_park
6463,39.759992,-104.87168,central_park
6464,39.858441,-104.67963,airport
6465,39.763062,-104.962981,city_park
6466,39.839216,-104.67782,airport
6467,39.70413,-104.98661,wash_park
6468,39.732304,-104.960061,city_park
6469,39.763697,-104.992336,downtown
6470,39.780924,-104.896236,central_park
6471,39.747623,-104.946016,city_park
6472,39.755398,-105.00077,downtown
6473,39.757383,-104.886721,central_park
6474,39.742513,-104.986625,downtown
6475,39.70897,-104.971446,wash_park
6476,39.745671,-104.997376,downtown
6477,39.847071,-104.677623,airport
6478,39.722325,-104.990459,downtown
6479,39.762767,-104.854976,central_park
6480,39.738009,-104.967057,downtown
6481,39.733431,-104.982248,downtown
6482,39.737094,-104.988759,downtown
6483,39.752017,-104.996007,downtown
6484,39.725621,-104.999527,downtown
6485,39.767345,-104.882181,central_park
6486,39.744284,-104.987948,downtown
6487,39.769199,-104.906512,central_park
6488,39.700748,-104.971279,wash_park
6489,39.760772,-104.963344,city_park
6490,39.73397,-104.966669,city_park
6491,39.784943,-104.86464,central_park
6492,39.727634,-104.993027,downtown
6493,39.738528,-104.979696,downtown
6494,39.742325,-104.964064,downtown
6495,39.859147,-104.663997,airport
6496,39.778229,-104.845946,central_park
6497,39.737568,-104.983503,downtown
6498,39.742515,-105.019444,downtown
6499,39.849881,-104.660524,airport
6500,39.869125,-104.680086,airport
6501,39.714097,-104.971761,wash_park
6502,39.728518,-105.012149,downtown
6503,39.750158,-104.987645,downtown
6504,39.749113,-104.985985,downtown
6505,39.750243,-104.982435,downtown
6506,39.745631,-104.954237,city_park
6507,39.70483,-104.977459,wash_park
6508,39.783867,-104.870985,central_park
6509,39.764159,-104.880074,central_park
6510,39.734789,-104.998075,downtown
6511,39.73974,-104.944996,city_park
6512,39.748064,-104.963554,city_park
6513,39.722152,-104.986766,wash_park
6514,39.698889,-104.952155,wash_park
6515,39.770364,-104.877945,central_park
6516,39.711669,-104.977173,downtown
6517,39.766746,-104.863677,central_park
6518,39.73272,-104.997792,downtown
6519,39.722703,-104.990203,downtown
6520,39.860631,-104.655004,airport
6521,39.752342,-104.947932,city_park
6522,39.845849,-104.667123,airport
6523,39.759555,-104.930121,city_park
6524,39.704982,-104.976234,wash_park
6525,39.757574,-104.958518,city_park
6526,39.753147,-104.886371,central_park
6527,39.697931,-104.962748,wash_park
6528,39.85144,-104.669647,airport
6529,39.764097,-104.993396,downtown
6530,39.823432,-104.658726,airport
6531,39.754097,-104.876576,central_park
6532,39.73112,-104.99982,downtown
6533,39.698127,-104.983438,wash_park
6534,39.854341,-104.6712,airport
6535,39.781761,-104.87594,central_park
6536,39.739578,-104.95394,city_park
6537,39.741044,-104.966428,downtown
6538,39.701966,-104.960384,wash_park
6539,39.747322,-104.966674,city_park
6540,39.742477,-104.987027,downtown
6541,39.698036,-104.966247,wash_park
6542,39.699181,-104.961146,wash_park
6543,39.868549,-104.645669,airport
6544,39.854752,-104.664045,airport
6545,39.705475,-104.97551,wash_park
6546,39.698409,-104.969655,wash_park
6547,39.845152,-104.676309,airport
6548,39.735634,-104.997934,downtown
6549,39.731407,-105.009289,downtown
6550,39.759896,-104.971399,city_park
6551,39.697068,-104.971706,wash_park
6552,39.674306,-104.978681,wash_park
6553,39.749281,-104.956718,city_park
6554,39.717787,-105.004526,wash_park
6555,39.750086,-104.969428,downtown
6556,39.734718,-104.998379,downtown
6557,39.71275,-104.947946,wash_park
6558,39.732172,-104.984289,downtown
6559,39.704098,-104.970192,wash_park
6560,39.767899,-104.884885,central_park
6561,39.711853,-104.978508,wash_park
6562,39.773553,-104.880879,central_park
6563,39.864696,-104.665695,airport
6564,39.68919,-104.988477,wash_park
6565,39.746001,-104.985159,downtown
6566,39.778095,-104.858948,central_park
6567,39.751532,-104.951178,city_park
6568,39.855894,-104.689716,airport
6569,39.742032,-104.965153,city_park
6570,39.71615,-104.959627,wash_park
6571,39.763175,-104.963948,city_park
6572,39.766899,-104.900202,central_park
6573,39.716295,-104.965509,wash_park
6574,39.727648,-105.008888,downtown
6575,39.859976,-104.68335,airport
6576,39.753058,-104.95464,city_park
6577,39.732629,-104.987036,downtown
6578,39.747418,-104.957471,city_park
6579,39.758476,-104.891433,central_park
6580,39.704175,-104.970141,wash_park
6581,39.722635,-104.986246,downtown
6582,39.681365,-104.96421,wash_park
6583,39.754282,-104.987142,downtown
6584,39.718784,-105.012056,downtown
6585,39.751004,-105.001466,downtown
6586,39.747235,-104.903731,central_park
6587,39.734139,-104.989934,downtown
6588,39.735402,-104.983002,downtown
6589,39.730565,-104.943365,city_park
6590,39.790376,-104.884059,central_park
6591,39.740681,-104.971903,city_park
6592,39.735997,-104.935665,city_park
6593,39.762454,-104.95339,city_park
6594,39.851306,-104.653009,airport
6595,39.757586,-105.011995,downtown
6596,39.743677,-105.000969,downtown
6597,39.752771,-104.990985,downtown
6598,39.686631,-104.97739,wash_park
6599,39.738194,-104.992383,downtown
6600,39.701122,-104.980262,wash_park
6601,39.745238,-104.963385,city_park
6602,39.71318,-104.975856,wash_park
6603,39.708974,-104.974623,wash_park
6604,39.737498,-105.013133,downtown
6605,39.776916,-104.895655,central_park
6606,39.745496,-104.993987,downtown
6607,39.772692,-104.95889,city_park
6608,39.858332,-104.698917,airport
6609,39.74824,-105.005524,downtown
6610,39.841493,-104.690161,airport
6611,39.851383,-104.650795,airport
6612,39.748265,-104.95331,city_park
6613,39.771529,-104.901218,central_park
6614,39.708416,-104.97963,wash_park
6615,39.744962,-104.981108,downtown
6616,39.72978,-104.988602,downtown
6617,39.695574,-104.973679,wash_park
6618,39.737469,-104.999055,downtown
6619,39.874418,-104.683095,airport
6620,39.734986,-104.991941,downtown
6621,39.747998,-105.012667,downtown
6622,39.731447,-104.990222,downtown
6623,39.754005,-104.883685,central_park
6624,39.833603,-104.659835,airport
6625,39.739383,-104.979424,downtown
6626,39.709169,-104.972985,wash_park
6627,39.757686,-104.948952,city_park
6628,39.749886,-104.961026,city_park
6629,39.85721,-104.68772,airport
6630,39.73544,-104.985002,downtown
6631,39.761651,-104.900635,central_park
6632,39.698028,-104.967956,wash_park
6633,39.758018,-104.937663,city_park
6634,39.745722,-104.991634,city_park
6635,39.69514,-104.963768,wash_park
6636,39.732419,-104.980222,downtown
6637,39.744586,-104.968774,downtown
6638,39.736321,-104.938413,city_park
6639,39.672743,-104.965279,wash_park
6640,39.689096,-104.96773,wash_park
6641,39.730668,-104.989441,downtown
6642,39.745578,-104.989531,downtown
6643,39.756304,-104.975723,city_park
6644,39.74301,-104.943122,city_park
6645,39.751436,-104.985549,downtown
6646,39.740491,-105.002219,downtown
6647,39.769018,-104.957983,city_park
6648,39.730793,-104.99133,downtown
6649,39.732622,-104.985739,downtown
6650,39.733614,-104.999864,downtown
6651,39.735494,-104.989688,downtown
6652,39.707451,-104.9595,wash_park
6653,39.714904,-104.972508,wash_park
6654,39.75678,-104.942527,city_park
6655,39.723464,-104.993781,downtown
6656,39.697024,-104.977656,wash_park
6657,39.863776,-104.67193,airport
6658,39.762609,-104.886751,central_park
6659,39.862968,-104.657176,airport
6660,39.70633,-104.979168,wash_park
6661,39.751244,-104.987974,downtown
6662,39.706563,-104.983478,wash_park
6663,39.854872,-104.703766,airport
6664,39.745623,-105.0004,downtown
6665,39.745717,-104.989865,downtown
6666,39.851339,-104.661882,airport
6667,39.684333,-104.97003,wash_park
6668,39.743932,-104.9472,city_park
6669,39.761823,-104.946287,city_park
6670,39.745174,-105.003114,downtown
6671,39.742088,-104.982823,downtown
6672,39.753748,-104.96629,city_park
6673,39.744992,-104.987567,downtown
6674,39.77531,-104.880525,central_park
6675,39.714678,-104.989382,wash_park
6676,39.842464,-104.67268,airport
6677,39.777198,-104.880535,central_park
6678,39.716362,-104.949212,wash_park
6679,39.743384,-104.932819,city_park
6680,39.745578,-104.956015,city_park
6681,39.747568,-104.982655,downtown
6682,39.86132,-104.6509,airport
6683,39.745395,-104.988902,downtown
6684,39.760582,-104.958767,city_park
6685,39.770968,-104.936103,city_park
6686,39.73577,-104.998853,downtown
6687,39.716674,-104.964397,wash_park
6688,39.752754,-104.877396,central_park
6689,39.720962,-104.980282,wash_park
6690,39.748843,-104.996301,downtown
6691,39.716604,-104.981791,wash_park
6692,39.770798,-104.877288,central_park
6693,39.742446,-104.996875,downtown
6694,39.767411,-104.879025,central_park
6695,39.741316,-104.996913,downtown
6696,39.713149,-104.978734,downtown
6697,39.779587,-104.884715,central_park
6698,39.855196,-104.693833,airport
6699,39.758342,-104.981061,downtown
6700,39.83379,-104.696638,airport
6701,39.73698,-104.998305,downtown
6702,39.866929,-104.660337,airport
6703,39.760033,-104.884366,central_park
6704,39.743154,-104.993989,downtown
6705,39.746192,-104.951936,city_park
6706,39.762734,-104.889916,central_park
6707,39.729747,-104.985001,downtown
6708,39.745005,-104.948572,city_park
6709,39.764458,-104.888336,central_park
6710,39.765828,-104.889948,central_park
6711,39.703137,-104.971349,wash_park
6712,39.692439,-104.970537,wash_park
6713,39.755805,-104.989951,downtown
6714,39.77293,-104.908226,central_park
6715,39.740578,-104.989824,downtown
6716,39.725202,-104.951611,wash_park
6717,39.700019,-104.974064,wash_park
6718,39.719266,-104.981774,wash_park
6719,39.777944,-104.890973,central_park
6720,39.738459,-104.974683,downtown
6721,39.742525,-104.96493,downtown
6722,39.741606,-104.982671,downtown
6723,39.743847,-104.980485,downtown
6724,39.74715,-105.01458,downtown
6725,39.689992,-104.943158,wash_park
6726,39.744565,-104.995995,downtown
6727,39.731662,-104.973488,downtown
6728,39.774028,-104.872914,central_park
6729,39.735923,-104.960155,city_park
6730,39.857805,-104.666098,airport
6731,39.707094,-104.963318,wash_park
6732,39.700303,-104.965578,wash_park
6733,39.760404,-104.954322,city_park
6734,39.738936,-105.005217,downtown
6735,39.86966,-104.657941,airport
6736,39.705073,-104.975225,wash_park
6737,39.788779,-104.877614,central_park
6738,39.687937,-104.953664,wash_park
6739,39.837632,-104.693186,airport
6740,39.739735,-104.976259,downtown
6741,39.730663,-104.989079,downtown
6742,39.759657,-104.932942,city_park
6743,39.731409,-104.968585,city_park
6744,39.836406,-104.684167,airport
6745,39.743719,-104.990779,downtown
6746,39.73605,-104.987388,downtown
6747,39.73198,-104.989295,downtown
6748,39.766454,-104.963106,city_park
6749,39.733006,-104.97411,downtown
6750,39.754625,-104.959514,city_park
6751,39.752095,-105.000716,downtown
6752,39.762756,-104.879109,central_park
6753,39.717832,-104.967417,wash_park
6754,39.738567,-105.00509,downtown
6755,39.7448,-104.997058,downtown
6756,39.738198,-104.994451,downtown
6757,39.862068,-104.68235,airport
6758,39.737111,-104.971323,downtown
6759,39.735098,-104.993082,downtown
6760,39.745752,-105.002466,downtown
6761,39.757651,-104.961623,city_park
6762,39.712816,-104.98346,downtown
6763,39.74691,-104.978759,city_park
6764,39.749653,-104.981956,downtown
6765,39.704509,-104.948549,wash_park
6766,39.755298,-104.999129,downtown
6767,39.853775,-104.705225,airport
6768,39.727968,-104.994008,downtown
6769,39.735476,-104.971842,city_park
6770,39.741064,-104.981818,downtown
6771,39.728389,-104.998483,downtown
6772,39.7393,-104.942047,city_park
6773,39.730669,-104.974233,downtown
6774,39.863867,-104.676091,airport
6775,39.76657,-104.872712,central_park
6776,39.703861,-104.984691,wash_park
6777,39.679076,-104.978298,wash_park
6778,39.722795,-104.982109,downtown
6779,39.739657,-104.99252,downtown
6780,39.743854,-104.951284,city_park
6781,39.860291,-104.664781,airport
6782,39.743038,-105.01433,downtown
6783,39.716625,-104.962313,wash_park
6784,39.742646,-104.983872,downtown
6785,39.748386,-104.969807,city_park
6786,39.754616,-104.981815,city_park
6787,39.749306,-104.990954,city_park
6788,39.741881,-104.957512,city_park
6789,39.715557,-104.981776,wash_park
6790,39.755926,-104.997417,downtown
6791,39.737987,-104.980528,downtown
6792,39.84147,-104.685474,airport
6793,39.850477,-104.683646,airport
6794,39.699964,-104.967755,wash_park
6795,39.746547,-104.932438,city_park
6796,39.752835,-105.016392,downtown
6797,39.749277,-104.950811,city_park
6798,39.703827,-104.971863,wash_park
6799,39.753775,-104.981406,downtown
6800,39.741027,-104.97896,downtown
6801,39.735264,-104.994691,downtown
6802,39.735048,-104.989143,downtown
6803,39.855304,-104.672829,airport
6804,39.761817,-104.99635,downtown
6805,39.736455,-104.990006,downtown
6806,39.729639,-104.939041,city_park
6807,39.706636,-104.973522,wash_park
6808,39.779331,-104.893695,central_park
6809,39.71583,-104.994872,downtown
6810,39.732734,-104.994098,downtown
6811,39.738618,-104.985131,downtown
6812,39.694324,-104.98992,wash_park
6813,39.861637,-104.650513,airport
6814,39.737863,-104.989287,downtown
6815,39.766456,-104.891576,central_park
6816,39.73421,-104.987721,downtown
6817,39.746725,-104.983814,downtown
6818,39.767284,-104.859075,central_park
6819,39.744081,-104.978116,downtown
6820,39.761243,-104.886997,central_park
6821,39.750211,-104.95649,city_park
6822,39.774463,-104.876186,central_park
6823,39.737036,-104.992854,downtown
6824,39.735781,-104.988324,downtown
6825,39.732774,-104.978179,downtown
6826,39.76701,-104.955286,city_park
6827,39.743161,-104.960152,city_park
6828,39.747681,-104.967664,downtown
6829,39.74085,-104.980202,downtown
6830,39.715339,-104.963404,wash_park
6831,39.729374,-104.973031,downtown
6832,39.695078,-104.970074,wash_park
6833,39.707972,-105.008012,downtown
6834,39.751306,-105.004984,downtown
6835,39.750958,-104.93222,city_park
6836,39.73649,-104.991574,downtown
6837,39.861704,-104.66091,airport
6838,39.70352,-104.952635,wash_park
6839,39.781596,-104.88478,central_park
6840,39.737151,-104.933669,city_park
6841,39.753806,-104.957578,city_park
6842,39.74643,-104.944604,city_park
6843,39.873898,-104.671545,airport
6844,39.858386,-104.659134,airport
6845,39.731547,-104.98579,downtown
6846,39.694198,-104.98472,wash_park
6847,39.715155,-104.982037,downtown
6848,39.746216,-104.941912,city_park
6849,39.739151,-104.944404,city_park
6850,39.736609,-104.974276,city_park
6851,39.772084,-104.872602,central_park
6852,39.743751,-104.965737,city_park
6853,39.722017,-104.997498,downtown
6854,39.785885,-104.877791,central_park
6855,39.780747,-104.878967,central_park
6856,39.745976,-104.956982,city_park
6857,39.71746,-104.98233,downtown
6858,39.740025,-104.991794,downtown
6859,39.740168,-104.938999,city_park
6860,39.861259,-104.683785,airport
6861,39.740093,-104.977982,downtown
6862,39.793466,-104.879663,central_park
6863,39.7393,-104.980842,downtown
6864,39.741122,-104.955477,city_park
6865,39.738896,-104.969013,city_park
6866,39.726375,-104.979778,downtown
6867,39.789426,-104.865868,central_park
6868,39.743376,-104.979031,downtown
6869,39.784667,-104.894109,central_park
6870,39.69207,-104.98356,wash_park
6871,39.7416,-104.965167,city_park
6872,39.740136,-105.008287,downtown
6873,39.715799,-104.966086,wash_park
6874,39.73187,-104.985076,downtown
6875,39.699915,-104.987419,wash_park
6876,39.76104,-104.885321,central_park
6877,39.747557,-104.965423,city_park
6878,39.771572,-104.882733,central_park
6879,39.854328,-104.667514,airport
6880,39.703811,-104.973922,wash_park
6881,39.840318,-104.681341,airport
6882,39.695271,-104.973397,wash_park
6883,39.714782,-104.967781,wash_park
6884,39.742724,-104.988589,downtown
6885,39.682413,-104.984434,wash_park
6886,39.778995,-104.884272,central_park
6887,39.690119,-104.980016,wash_park
6888,39.73683,-104.966924,city_park
6889,39.850355,-104.67531,airport
6890,39.748039,-104.974919,downtown
6891,39.7746,-104.905499,central_park
6892,39.752986,-104.979738,downtown
6893,39.75433,-104.889715,central_park
6894,39.738406,-104.978105,downtown
6895,39.754825,-104.986698,downtown
6896,39.850395,-104.69007,airport
6897,39.787164,-104.874278,central_park
6898,39.762717,-104.850703,central_park
6899,39.864185,-104.672519,airport
6900,39.696997,-104.977995,wash_park
6901,39.734602,-104.985144,downtown
6902,39.86065,-104.685394,airport
6903,39.738473,-104.973917,downtown
6904,39.746466,-104.990336,downtown
6905,39.77212,-104.894674,central_park
6906,39.710847,-104.987176,wash_park
6907,39.698568,-104.990918,wash_park
6908,39.738429,-104.996065,downtown
6909,39.748675,-104.955978,city_park
6910,39.86372,-104.676429,airport
6911,39.754834,-104.97399,downtown
6912,39.759046,-104.970286,city_park
6913,39.78407,-104.874513,central_park
6914,39.742361,-105.017071,downtown
6915,39.867955,-104.683865,airport
6916,39.762884,-104.990037,downtown
6917,39.707517,-104.967356,wash_park
6918,39.863956,-104.659625,airport
6919,39.744114,-104.995849,downtown
6920,39.736294,-104.958552,city_park
6921,39.776073,-104.886074,central_park
6922,39.74273,-104.984452,downtown
6923,39.758703,-104.89041,central_park
6924,39.71457,-104.990009,wash_park
6925,39.753077,-104.996116,downtown
6926,39.746359,-104.978887,downtown
6927,39.849264,-104.66057,airport
6928,39.848243,-104.671712,airport
6929,39.72904,-104.993417,downtown
6930,39.866401,-104.663165,airport
6931,39.776368,-104.890713,central_park
6932,39.746622,-104.953665,city_park
6933,39.740428,-104.98866,downtown
6934,39.842423,-104.669076,airport
6935,39.715452,-104.970452,wash_park
6936,39.862098,-104.680261,airport
6937,39.742408,-105.001415,downtown
6938,39.850437,-104.68212,airport
6939,39.752988,-104.967451,city_park
6940,39.746272,-104.972656,downtown
6941,39.731503,-105.00525,downtown
6942,39.733893,-105.000012,downtown
6943,39.752314,-104.954393,city_park
6944,39.783172,-104.888562,central_park
6945,39.748202,-104.966319,downtown
6946,39.840868,-104.66129,airport
6947,39.705005,-104.958331,wash_park
6948,39.727381,-104.96987,wash_park
6949,39.735413,-104.98578,downtown
6950,39.703916,-104.973267,wash_park
6951,39.744649,-104.966965,city_park
6952,39.758842,-104.947937,city_park
6953,39.731989,-104.933809,city_park
6954,39.876104,-104.678139,airport
6955,39.702181,-104.945659,wash_park
6956,39.753625,-104.946083,city_park
6957,39.693788,-104.965793,wash_park
6958,39.745389,-104.936319,city_park
6959,39.773445,-104.95518,city_park
6960,39.749066,-104.987384,downtown
6961,39.752222,-104.986396,city_park
6962,39.743475,-104.958226,city_park
6963,39.84559,-104.679342,airport
6964,39.788999,-104.901917,central_park
6965,39.746516,-104.987417,downtown
6966,39.851535,-104.668989,airport
6967,39.746911,-104.956225,city_park
6968,39.75787,-104.949182,city_park
6969,39.767097,-104.888747,central_park
6970,39.751712,-104.86066,central_park
6971,39.78636,-104.890638,central_park
6972,39.750895,-104.998622,downtown
6973,39.765852,-104.88749,central_park
6974,39.703092,-104.993913,wash_park
6975,39.732331,-104.95675,city_park
6976,39.756552,-104.930316,city_park
6977,39.745622,-104.946422,city_park
6978,39.771144,-104.946196,city_park
6979,39.719487,-104.983447,wash_park
6980,39.742976,-104.976313,downtown
6981,39.739581,-104.995326,downtown
6982,39.770504,-104.883316,central_park
6983,39.771714,-104.881287,central_park
6984,39.765154,-104.911228,central_park
6985,39.726898,-105.003638,downtown
6986,39.74353,-105.009334,downtown
6987,39.868286,-104.693073,airport
6988,39.698552,-104.973292,wash_park
6989,39.744393,-104.969281,downtown
6990,39.756184,-104.941062,city_park
6991,39.757011,-104.943132,city_park
6992,39.736354,-104.972884,city_park
6993,39.757429,-104.937227,city_park
6994,39.786921,-104.865263,central_park
6995,39.753407,-104.993594,downtown
6996,39.742922,-104.980383,downtown
6997,39.728791,-104.9962,downtown
6998,39.73407,-104.968589,city_park
6999,39.854597,-104.647682,airport
7000,39.759173,-104.962887,city_park
7001,39.776276,-104.91167,central_park
7002,39.801496,-104.877462,central_park
7003,39.7279,-104.960224,city_park
7004,39.735129,-104.99788,downtown
7005,39.762783,-104.881095,central_park
7006,39.72635,-104.992861,downtown
7007,39.78224,-104.868272,central_park
7008,39.761715,-104.901042,central_park
7009,39.712542,-104.969617,wash_park
7010,39.767441,-104.884647,central_park
7011,39.739794,-104.985698,downtown
7012,39.734554,-104.999143,downtown
7013,39.759672,-104.953877,city_park
7014,39.745558,-104.958651,city_park
7015,39.768309,-104.878043,central_park
7016,39.726079,-104.998397,downtown
7017,39.777949,-104.876392,central_park
7018,39.863029,-104.687594,airport
7019,39.742875,-104.977213,downtown
7020,39.747348,-104.987769,downtown
7021,39.73008,-104.951656,downtown
7022,39.727218,-104.985483,downtown
7023,39.737807,-104.977662,downtown
7024,39.758025,-104.958188,city_park
7025,39.743698,-104.955521,downtown
7026,39.784,-104.897189,central_park
7027,39.740486,-104.936255,city_park
7028,39.859299,-104.690178,airport
7029,39.765066,-104.906754,central_park
7030,39.785522,-104.875107,central_park
7031,39.77873,-104.872091,central_park
7032,39.738091,-104.978572,downtown
7033,39.790345,-104.879924,central_park
7034,39.855772,-104.673186,airport
7035,39.738387,-105.009665,downtown
7036,39.696811,-104.949441,wash_park
7037,39.736452,-105.006645,downtown
7038,39.856205,-104.655919,airport
7039,39.783635,-104.880945,central_park
7040,39.749433,-104.954435,city_park
7041,39.739957,-104.991981,downtown
7042,39.743103,-104.994038,downtown
7043,39.75601,-104.987961,downtown
7044,39.859107,-104.688341,airport
7045,39.739939,-104.9928,downtown
7046,39.726531,-104.976487,downtown
7047,39.704792,-104.973416,wash_park
7048,39.7588,-104.962628,city_park
7049,39.76134,-104.960366,city_park
7050,39.866854,-104.671984,airport
7051,39.753109,-104.946386,city_park
7052,39.842145,-104.646543,airport
7053,39.742402,-104.972626,city_park
7054,39.741307,-104.98185,downtown
7055,39.70728,-104.967007,wash_park
7056,39.74761,-104.991225,downtown
7057,39.760605,-104.885281,central_park
7058,39.740442,-105.002976,downtown
7059,39.736632,-105.006366,downtown
7060,39.761217,-104.958147,city_park
7061,39.737057,-104.99572,downtown
7062,39.872066,-104.661088,airport
7063,39.685861,-104.994213,wash_park
7064,39.778372,-104.881192,central_park
7065,39.778579,-104.875564,central_park
7066,39.735099,-104.982013,downtown
7067,39.744907,-104.988215,downtown
7068,39.749959,-104.949427,city_park
7069,39.849232,-104.667968,airport
7070,39.735997,-104.987577,city_park
7071,39.733933,-104.97532,downtown
7072,39.759382,-104.954398,city_park
7073,39.737175,-105.000061,downtown
7074,39.708302,-104.971055,wash_park
7075,39.761378,-104.967992,city_park
7076,39.775731,-104.887992,central_park
7077,39.700956,-104.950738,wash_park
7078,39.690475,-104.978511,wash_park
7079,39.840489,-104.663589,airport
7080,39.710326,-104.970088,wash_park
7081,39.748177,-104.936299,city_park
7082,39.864507,-104.679014,airport
7083,39.77888,-104.875994,central_park
7084,39.703333,-104.963998,wash_park
7085,39.737749,-104.959475,city_park
7086,39.731467,-104.982451,downtown
7087,39.743032,-105.001382,downtown
7088,39.730737,-104.982505,downtown
7089,39.754788,-104.984991,downtown
7090,39.784567,-104.876098,central_park
7091,39.751734,-104.989542,downtown
7092,39.747646,-105.002617,downtown
7093,39.859569,-104.674003,airport
7094,39.701432,-104.975116,wash_park
7095,39.732128,-104.99717,downtown
7096,39.857311,-104.686943,airport
7097,39.73479,-104.951716,city_park
7098,39.75023,-104.979051,downtown
7099,39.736713,-104.987907,downtown
7100,39.700159,-104.967284,wash_park
7101,39.761817,-104.867077,central_park
7102,39.745527,-104.944852,city_park
7103,39.718273,-104.971862,wash_park
7104,39.732231,-104.972242,downtown
7105,39.770888,-104.875356,central_park
7106,39.734066,-104.990835,downtown
7107,39.724438,-104.997451,downtown
7108,39.850742,-104.664595,airport
7109,39.753796,-105.005487,downtown
7110,39.696812,-104.962684,wash_park
7111,39.760029,-104.895464,central_park
7112,39.72752,-104.989712,downtown
7113,39.737898,-104.989272,downtown
7114,39.757191,-104.873079,central_park
7115,39.701164,-104.958286,wash_park
7116,39.74227,-104.932051,city_park
7117,39.719322,-104.977497,downtown
7118,39.74509,-104.969972,downtown
7119,39.736853,-104.99037,downtown
7120,39.748294,-104.953934,city_park
7121,39.741907,-104.970384,city_park
7122,39.73476,-104.990201,downtown
7123,39.741843,-104.944397,city_park
7124,39.744497,-104.98362,downtown
7125,39.739463,-104.979637,downtown
7126,39.746486,-104.936215,city_park
7127,39.771419,-104.89637,central_park
7128,39.745016,-105.007408,downtown
7129,39.769224,-104.884187,central_park
7130,39.721662,-104.950476,wash_park
7131,39.731603,-105.001751,downtown
7132,39.835409,-104.655145,airport
7133,39.778362,-104.894993,central_park
7134,39.729166,-104.968429,downtown
7135,39.859098,-104.663745,airport
7136,39.854805,-104.655885,airport
7137,39.746873,-104.955411,city_park
7138,39.862207,-104.671361,airport
7139,39.73892,-105.003984,downtown
7140,39.746514,-104.969891,city_park
7141,39.753531,-104.989654,downtown
7142,39.863101,-104.659707,airport
7143,39.74833,-104.947228,city_park
7144,39.700008,-104.985188,wash_park
7145,39.749204,-104.961253,city_park
7146,39.86139,-104.681314,airport
7147,39.754498,-105.010202,downtown
7148,39.74071,-105.012287,downtown
7149,39.781307,-104.893116,central_park
7150,39.850752,-104.677987,airport
7151,39.731952,-104.988832,downtown
7152,39.781107,-104.868848,central_park
7153,39.770708,-104.888027,central_park
7154,39.744595,-104.975994,downtown
7155,39.742869,-104.990533,downtown
7156,39.858571,-104.65243,airport
7157,39.746142,-104.947013,city_park
7158,39.731889,-105.004094,downtown
7159,39.749039,-104.956038,city_park
7160,39.851793,-104.664491,airport
7161,39.747623,-105.005636,downtown
7162,39.722187,-104.973194,downtown
7163,39.733906,-104.947859,city_park
7164,39.863659,-104.644709,airport
7165,39.758093,-104.989761,downtown
7166,39.711897,-104.970799,wash_park
7167,39.740763,-105.002935,downtown
7168,39.860122,-104.699815,airport
7169,39.741127,-104.953289,city_park
7170,39.758693,-104.875084,central_park
7171,39.865956,-104.671152,airport
7172,39.772201,-104.887852,central_park
7173,39.717785,-104.969667,wash_park
7174,39.737285,-104.988099,downtown
7175,39.861835,-104.661281,airport
7176,39.736321,-104.993987,downtown
7177,39.693747,-104.986389,wash_park
7178,39.759356,-104.981824,downtown
7179,39.730099,-105.011866,downtown
7180,39.748643,-104.969238,city_park
7181,39.739551,-104.949447,city_park
7182,39.778283,-104.895658,central_park
7183,39.743328,-104.997813,downtown
7184,39.752979,-104.971644,city_park
7185,39.758421,-104.972924,city_park
7186,39.755494,-104.957601,city_park
7187,39.759781,-104.948242,city_park
7188,39.727286,-105.000018,downtown
7189,39.732266,-104.991496,downtown
7190,39.857997,-104.691656,airport
7191,39.713295,-104.985985,wash_park
7192,39.701726,-104.972786,wash_park
7193,39.853223,-104.685889,airport
7194,39.849767,-104.680856,airport
7195,39.748231,-105.002319,downtown
7196,39.709911,-104.948439,wash_park
7197,39.698563,-104.966745,wash_park
7198,39.741503,-104.974505,downtown
7199,39.776206,-104.881708,central_park
7200,39.684954,-104.984374,wash_park
7201,39.739428,-104.96933,city_park
7202,39.768547,-104.876313,central_park
7203,39.77275,-104.882846,central_park
7204,39.860606,-104.661735,airport
7205,39.725359,-104.97189,wash_park
7206,39.743882,-104.975256,downtown
7207,39.768392,-104.969385,city_park
7208,39.749866,-105.014765,downtown
7209,39.7303,-104.982301,downtown
7210,39.728641,-104.953787,city_park
7211,39.683405,-104.974331,wash_park
7212,39.725543,-104.985004,downtown
7213,39.869779,-104.667461,airport
7214,39.770028,-104.873485,central_park
7215,39.72962,-105.023896,downtown
7216,39.737017,-105.00579,downtown
7217,39.742286,-104.936306,city_park
7218,39.836434,-104.679206,airport
7219,39.754106,-104.987524,downtown
7220,39.742586,-104.970464,city_park
7221,39.857996,-104.681217,airport
7222,39.856146,-104.672667,airport
7223,39.861141,-104.677109,airport
7224,39.761997,-104.93936,city_park
7225,39.746777,-104.998833,downtown
7226,39.751074,-104.95095,city_park
7227,39.752389,-105.001668,downtown
7228,39.849389,-104.668327,airport
7229,39.76972,-104.967913,city_park
7230,39.739295,-105.001606,downtown
7231,39.769056,-104.936672,city_park
7232,39.738228,-104.98976,downtown
7233,39.730225,-104.991921,downtown
7234,39.694412,-104.962478,wash_park
7235,39.735373,-105.000609,downtown
7236,39.742658,-104.946506,city_park
7237,39.754663,-105.005306,downtown
7238,39.740857,-105.006172,downtown
7239,39.746409,-104.948594,city_park
7240,39.708667,-104.955942,wash_park
7241,39.774351,-104.885026,central_park
7242,39.714586,-104.989039,wash_park
7243,39.771137,-104.898072,central_park
7244,39.769939,-104.883001,central_park
7245,39.859001,-104.682511,airport
7246,39.76224,-104.885984,central_park
7247,39.741835,-105.000622,downtown
7248,39.729742,-104.999866,downtown
7249,39.723453,-105.005677,downtown
7250,39.708458,-104.952671,wash_park
7251,39.741001,-105.007269,downtown
7252,39.693618,-104.967892,wash_park
7253,39.710671,-104.984167,wash_park
7254,39.752888,-104.964154,city_park
7255,39.738395,-104.982123,downtown
7256,39.747793,-104.953061,city_park
7257,39.74573,-104.98817,downtown
7258,39.69398,-104.957208,wash_park
7259,39.710563,-104.992341,downtown
7260,39.841823,-104.673513,airport
7261,39.739185,-104.98796,downtown
7262,39.747203,-105.008197,downtown
7263,39.733379,-105.000987,downtown
7264,39.733312,-104.996688,downtown
7265,39.857186,-104.677069,airport
7266,39.757785,-104.976142,downtown
7267,39.856817,-104.684448,airport
7268,39.740224,-104.992196,downtown
7269,39.7381,-104.987095,downtown
7270,39.738652,-105.008035,downtown
7271,39.737126,-104.95771,city_park
7272,39.860823,-104.675321,airport
7273,39.728711,-104.991369,downtown
7274,39.74943,-104.998193,downtown
7275,39.751347,-104.989962,downtown
7276,39.709664,-104.97893,wash_park
7277,39.866934,-104.6869,airport
7278,39.702849,-104.954613,wash_park
7279,39.734942,-104.997035,downtown
7280,39.757743,-104.87658,central_park
7281,39.732859,-104.960732,city_park
7282,39.710271,-104.959189,wash_park
7283,39.754174,-104.958595,city_park
7284,39.690456,-104.963524,wash_park
7285,39.753552,-104.940418,city_park
7286,39.846624,-104.687846,airport
7287,39.760201,-104.956689,city_park
7288,39.773513,-104.898442,central_park
7289,39.746432,-104.948508,city_park
7290,39.742111,-104.946653,city_park
7291,39.729583,-105.001534,downtown
7292,39.734147,-104.986987,downtown
7293,39.738094,-104.998656,downtown
7294,39.736753,-104.950644,city_park
7295,39.8767,-104.676713,airport
7296,39.733593,-105.00444,downtown
7297,39.745698,-105.009108,downtown
7298,39.757099,-104.976793,city_park
7299,39.697423,-104.979405,wash_park
7300,39.838848,-104.680743,airport
7301,39.758884,-104.894107,central_park
7302,39.741866,-105.002424,downtown
7303,39.742785,-104.976308,downtown
7304,39.781564,-104.895405,central_park
7305,39.866734,-104.670441,airport
7306,39.72991,-104.991297,downtown
7307,39.735743,-104.990146,downtown
7308,39.835877,-104.647726,airport
7309,39.700776,-104.975211,wash_park
7310,39.706941,-104.960907,wash_park
7311,39.737654,-104.947233,city_park
7312,39.787215,-104.889595,central_park
7313,39.755825,-104.941915,city_park
7314,39.866019,-104.648236,airport
7315,39.693699,-104.980199,wash_park
7316,39.756658,-104.977332,downtown
7317,39.755294,-104.942175,city_park
7318,39.69521,-104.971709,wash_park
7319,39.857032,-104.688005,airport
7320,39.744392,-105.006505,downtown
7321,39.756543,-104.961027,city_park
7322,39.70767,-104.970701,wash_park
7323,39.734094,-104.988507,downtown
7324,39.755688,-104.942835,city_park
7325,39.742321,-104.960403,city_park
7326,39.735215,-105.007334,downtown
7327,39.697771,-104.983931,wash_park
7328,39.763157,-104.949564,city_park
7329,39.728113,-104.989533,downtown
7330,39.867431,-104.689671,airport
7331,39.779009,-104.88517,central_park
7332,39.731069,-104.947842,city_park
7333,39.746902,-104.975408,city_park
7334,39.693773,-104.990707,wash_park
7335,39.732444,-104.975391,downtown
7336,39.857291,-104.686543,airport
7337,39.763519,-104.871544,central_park
7338,39.736927,-104.967147,city_park
7339,39.689331,-104.971966,wash_park
7340,39.748399,-104.987115,downtown
7341,39.75477,-104.923979,city_park
7342,39.735065,-104.977431,downtown
7343,39.74327,-104.992995,downtown
7344,39.741298,-104.973139,downtown
7345,39.748838,-104.986605,downtown
7346,39.783114,-104.873936,central_park
7347,39.75932,-104.96094,city_park
7348,39.753079,-104.986304,downtown
7349,39.76215,-104.880993,central_park
7350,39.744575,-104.996171,downtown
7351,39.777202,-104.900894,central_park
7352,39.740204,-104.955729,city_park
7353,39.765062,-104.889513,central_park
7354,39.790962,-104.886439,central_park
7355,39.763348,-104.978371,city_park
7356,39.71141,-104.966591,wash_park
7357,39.736237,-104.982657,downtown
7358,39.737409,-104.975567,city_park
7359,39.756981,-104.958888,city_park
7360,39.71674,-104.94775,wash_park
7361,39.852291,-104.681163,airport
7362,39.764751,-104.959929,city_park
7363,39.75174,-104.986663,downtown
7364,39.71817,-105.000147,downtown
7365,39.835361,-104.704777,airport
7366,39.741176,-104.985643,downtown
7367,39.772177,-104.88952,central_park
7368,39.738332,-105.005167,downtown
7369,39.856742,-104.676228,airport
7370,39.750201,-104.945391,city_park
7371,39.740461,-104.95333,city_park
7372,39.75105,-104.976549,downtown
7373,39.842174,-104.678529,airport
7374,39.756123,-104.883398,central_park
7375,39.764388,-104.893029,central_park
7376,39.73539,-104.930016,city_park
7377,39.785585,-104.876759,central_park
7378,39.734354,-104.960527,city_park
7379,39.776039,-104.888458,central_park
7380,39.702537,-104.960875,wash_park
7381,39.746907,-104.958958,city_park
7382,39.858867,-104.68108,airport
7383,39.745825,-104.954148,city_park
7384,39.759128,-104.895396,central_park
7385,39.726974,-104.980339,downtown
7386,39.789379,-104.88872,central_park
7387,39.754013,-104.965322,downtown
7388,39.87242,-104.677532,airport
7389,39.850102,-104.683078,airport
7390,39.720644,-104.953116,wash_park
7391,39.743101,-104.953188,city_park
7392,39.715316,-104.970783,wash_park
7393,39.806981,-104.884611,central_park
7394,39.711953,-104.974915,wash_park
7395,39.709736,-104.973045,wash_park
7396,39.715472,-104.95695,wash_park
7397,39.770941,-104.869121,central_park
7398,39.744727,-104.995142,downtown
7399,39.741741,-104.951076,city_park
7400,39.737685,-104.939665,city_park
7401,39.748279,-105.002776,downtown
7402,39.733909,-104.997562,downtown
7403,39.747644,-104.95223,city_park
7404,39.739782,-104.966586,downtown
7405,39.735858,-104.978948,downtown
7406,39.752045,-104.959463,city_park
7407,39.706877,-104.975339,wash_park
7408,39.742772,-104.95459,city_park
7409,39.72329,-104.998936,downtown
7410,39.756092,-104.961635,city_park
7411,39.849381,-104.660038,airport
7412,39.74544,-104.973659,downtown
7413,39.761388,-104.969936,city_park
7414,39.745905,-104.987963,downtown
7415,39.777377,-104.90623,central_park
7416,39.755443,-104.993664,downtown
7417,39.753942,-104.982836,downtown
7418,39.763455,-105.002508,downtown
7419,39.711857,-104.974169,wash_park
7420,39.741733,-104.954103,city_park
7421,39.772553,-104.884526,central_park
7422,39.748403,-104.946264,city_park
7423,39.732932,-104.981346,downtown
7424,39.718176,-104.960824,wash_park
7425,39.741918,-104.996281,downtown
7426,39.738026,-104.969413,downtown
7427,39.734729,-104.956713,city_park
7428,39.757985,-104.980792,downtown
7429,39.747986,-104.989373,downtown
7430,39.728511,-104.989941,downtown
7431,39.744507,-104.972846,downtown
7432,39.701489,-104.970054,wash_park
7433,39.67976,-104.976953,wash_park
7434,39.740342,-104.985454,downtown
7435,39.745818,-104.986868,downtown
7436,39.735953,-104.946147,city_park
7437,39.79032,-104.883008,central_park
7438,39.736269,-104.989305,downtown
7439,39.850122,-104.681423,airport
7440,39.733859,-104.978756,downtown
7441,39.730106,-105.003889,downtown
7442,39.751374,-105.007141,downtown
7443,39.856741,-104.651891,airport
7444,39.745073,-104.992985,downtown
7445,39.707593,-104.96976,wash_park
7446,39.763016,-104.980167,downtown
7447,39.740635,-104.940107,city_park
7448,39.774148,-104.886256,central_park
7449,39.742155,-104.996661,downtown
7450,39.719521,-104.958023,wash_park
7451,39.736903,-104.988523,downtown
7452,39.738573,-104.970659,downtown
7453,39.884463,-104.669597,airport
7454,39.753307,-104.96008,city_park
7455,39.708425,-104.96499,wash_park
7456,39.769128,-104.981712,downtown
7457,39.744435,-104.991201,downtown
7458,39.865416,-104.670284,airport
7459,39.868271,-104.663693,airport
7460,39.859896,-104.672334,airport
7461,39.704676,-104.959735,wash_park
7462,39.74499,-104.985183,downtown
7463,39.74327,-104.979657,downtown
7464,39.774195,-104.891746,central_park
7465,39.704506,-104.947327,wash_park
7466,39.746921,-104.948902,city_park
7467,39.730781,-104.990338,downtown
7468,39.696828,-104.978051,wash_park
7469,39.738169,-104.975979,downtown
7470,39.746172,-104.935271,city_park
7471,39.696867,-104.975636,wash_park
7472,39.733731,-104.949887,city_park
7473,39.861098,-104.680335,airport
7474,39.842782,-104.678909,airport
7475,39.732046,-104.988768,downtown
7476,39.749378,-104.965705,city_park
7477,39.720324,-104.969986,downtown
7478,39.738397,-104.934801,city_park
7479,39.740076,-105.002187,downtown
7480,39.743941,-105.013974,downtown
7481,39.740414,-104.963504,city_park
7482,39.737381,-104.969445,downtown
7483,39.748096,-104.931667,city_park
7484,39.867175,-104.652973,airport
7485,39.726535,-104.978581,wash_park
7486,39.745192,-104.972472,city_park
7487,39.72484,-104.997272,downtown
7488,39.841927,-104.662562,airport
7489,39.753943,-104.896627,central_park
7490,39.708813,-104.963348,wash_park
7491,39.77281,-104.896891,central_park
7492,39.775227,-104.880452,central_park
7493,39.754123,-104.943944,city_park
7494,39.878571,-104.685568,airport
7495,39.698177,-104.972494,wash_park
7496,39.746845,-104.99392,downtown
7497,39.737411,-104.955017,city_park
7498,39.873392,-104.670262,airport
7499,39.739864,-104.957402,city_park
7500,39.73911,-104.967719,city_park
7501,39.705985,-104.991081,wash_park
7502,39.755531,-104.976768,downtown
7503,39.851473,-104.673703,airport
7504,39.765911,-104.885761,central_park
7505,39.750127,-104.954526,city_park
7506,39.69536,-104.968092,wash_park
7507,39.757478,-104.935477,city_park
7508,39.749436,-104.981905,downtown
7509,39.735376,-104.953277,city_park
7510,39.699845,-104.972268,wash_park
7511,39.700522,-104.972689,wash_park
7512,39.782491,-104.886588,central_park
7513,39.741196,-105.011139,downtown
7514,39.753783,-104.939251,city_park
7515,39.704741,-105.007052,wash_park
7516,39.844189,-104.661663,airport
7517,39.720704,-104.975309,downtown
7518,39.743435,-104.986156,downtown
7519,39.781033,-104.897287,central_park
7520,39.782507,-104.884142,central_park
7521,39.841321,-104.674327,airport
7522,39.783554,-104.874049,central_park
7523,39.698825,-104.963322,wash_park
7524,39.740031,-104.964028,city_park
7525,39.838278,-104.660445,airport
7526,39.73278,-104.975996,downtown
7527,39.743786,-104.991864,downtown
7528,39.739546,-104.993105,downtown
7529,39.745447,-104.970236,city_park
7530,39.724634,-105.000653,downtown
7531,39.740377,-104.980839,downtown
7532,39.724558,-104.987657,downtown
7533,39.701255,-104.976776,wash_park
7534,39.851602,-104.674853,airport
7535,39.722735,-104.998608,downtown
7536,39.735826,-105.019911,downtown
7537,39.76552,-104.884664,central_park
7538,39.739118,-104.975253,downtown
7539,39.747338,-104.98966,downtown
7540,39.843752,-104.683145,airport
7541,39.713258,-104.966947,wash_park
7542,39.784128,-104.862533,central_park
7543,39.720078,-104.99969,downtown
7544,39.781592,-104.890487,central_park
7545,39.77332,-104.948612,city_park
7546,39.766476,-104.890408,central_park
7547,39.75565,-104.996065,downtown
7548,39.757679,-105.00743,downtown
7549,39.738793,-104.98333,downtown
7550,39.737539,-104.986012,downtown
7551,39.710634,-104.985543,downtown
7552,39.75117,-105.013795,downtown
7553,39.747823,-104.995923,downtown
7554,39.740257,-104.995627,downtown
7555,39.715016,-104.962748,wash_park
7556,39.749522,-104.976209,downtown
7557,39.849023,-104.652028,airport
7558,39.753551,-104.970677,downtown
7559,39.882655,-104.672837,airport
7560,39.749405,-104.959875,city_park
7561,39.747511,-104.979336,downtown
7562,39.770854,-104.8788,central_park
7563,39.742394,-104.974527,city_park
7564,39.867271,-104.676279,airport
7565,39.73966,-104.954425,city_park
7566,39.742168,-104.960442,city_park
7567,39.724618,-104.957117,wash_park
7568,39.744351,-104.958844,city_park
7569,39.78195,-104.874064,central_park
7570,39.739218,-104.983415,downtown
7571,39.742049,-104.993635,downtown
7572,39.745344,-104.994348,downtown
7573,39.730453,-104.997609,downtown
7574,39.848289,-104.6658,airport
7575,39.735819,-104.98428,downtown
7576,39.739764,-105.004348,downtown
7577,39.744073,-104.987318,downtown
7578,39.729877,-104.953159,city_park
7579,39.760264,-104.881867,central_park
7580,39.70302,-104.955537,wash_park
7581,39.760328,-104.877664,central_park
7582,39.761412,-104.956831,city_park
7583,39.777146,-104.883914,central_park
7584,39.76972,-104.895434,central_park
7585,39.768697,-104.965,city_park
7586,39.731411,-104.979572,downtown
7587,39.776307,-104.891146,central_park
7588,39.861087,-104.670088,airport
7589,39.74862,-104.966345,city_park
7590,39.746851,-104.930616,city_park
7591,39.745844,-104.959273,city_park
7592,39.767952,-104.892913,central_park
7593,39.723462,-104.969291,wash_park
7594,39.758052,-104.958445,city_park
7595,39.754226,-104.985607,downtown
7596,39.755299,-104.97795,city_park
7597,39.727371,-105.007062,downtown
7598,39.735888,-104.965491,city_park
7599,39.774036,-104.8902,central_park
7600,39.746362,-104.979816,downtown
7601,39.734342,-104.990355,downtown
7602,39.749574,-104.961863,city_park
7603,39.733218,-104.992743,downtown
7604,39.853479,-104.659164,airport
7605,39.756157,-104.965918,city_park
7606,39.737421,-104.964975,city_park
7607,39.738795,-104.98695,downtown
7608,39.703463,-104.953741,wash_park
7609,39.727016,-104.975312,downtown
7610,39.713497,-104.974335,wash_park
7611,39.749603,-105.006819,downtown
7612,39.762678,-104.996193,downtown
7613,39.779828,-104.870187,central_park
7614,39.857199,-104.674388,airport
7615,39.769011,-104.868376,central_park
7616,39.765144,-104.874246,central_park
7617,39.763411,-104.892799,central_park
7618,39.747871,-104.979546,downtown
7619,39.780854,-104.883494,central_park
7620,39.869429,-104.683846,airport
7621,39.734835,-104.97461,downtown
7622,39.784389,-104.870508,central_park
7623,39.717048,-104.960094,wash_park
7624,39.722349,-104.997677,downtown
7625,39.743114,-104.994505,downtown
7626,39.74948,-104.983004,downtown
7627,39.854456,-104.675338,airport
7628,39.723434,-104.962216,downtown
7629,39.855546,-104.676314,airport
7630,39.75956,-104.881494,central_park
7631,39.74351,-104.983553,downtown
7632,39.853646,-104.692585,airport
7633,39.745633,-104.99469,downtown
7634,39.703632,-104.971135,wash_park
7635,39.681196,-104.97979,wash_park
7636,39.775361,-104.900705,central_park
7637,39.740628,-105.005256,downtown
7638,39.724689,-104.999298,downtown
7639,39.696532,-104.977654,wash_park
7640,39.852597,-104.684214,airport
7641,39.729442,-104.99971,downtown
7642,39.74208,-104.988761,downtown
7643,39.732139,-104.988107,downtown
7644,39.690385,-104.951617,wash_park
7645,39.734688,-104.978476,downtown
7646,39.741723,-104.97284,downtown
7647,39.728408,-104.998264,downtown
7648,39.739582,-104.987901,downtown
7649,39.729206,-104.988701,downtown
7650,39.843722,-104.691689,airport
7651,39.733738,-104.970673,downtown
7652,39.755441,-104.960714,city_park
7653,39.780626,-104.884439,central_park
7654,39.738382,-105.016086,downtown
7655,39.738889,-104.989188,downtown
7656,39.752977,-104.981209,downtown
7657,39.737494,-105.001087,downtown
7658,39.768662,-104.881579,central_park
7659,39.744753,-104.946047,city_park
7660,39.781361,-104.890154,central_park
7661,39.695998,-104.974522,wash_park
7662,39.744812,-104.978988,downtown
7663,39.739773,-104.998767,downtown
7664,39.743371,-105.007598,downtown
7665,39.742167,-104.982573,downtown
7666,39.72482,-105.011169,downtown
7667,39.736872,-104.987895,downtown
7668,39.745627,-105.004726,downtown
7669,39.760651,-104.965342,city_park
7670,39.851823,-104.671765,airport
7671,39.742217,-104.984828,downtown
7672,39.735915,-104.978677,downtown
7673,39.750598,-104.98086,city_park
7674,39.748362,-104.947544,city_park
7675,39.738994,-104.963288,city_park
7676,39.779569,-104.884736,central_park
7677,39.737612,-104.987842,downtown
7678,39.746249,-105.003816,downtown
7679,39.742406,-104.935218,city_park
7680,39.71072,-104.969672,wash_park
7681,39.746502,-104.958341,city_park
7682,39.851805,-104.680174,airport
7683,39.844568,-104.672778,airport
7684,39.870513,-104.673476,airport
7685,39.731238,-104.995692,downtown
7686,39.750851,-104.971987,downtown
7687,39.746376,-104.964546,city_park
7688,39.73845,-104.95602,city_park
7689,39.766652,-104.866979,central_park
7690,39.840659,-104.691465,airport
7691,39.735336,-104.969951,downtown
7692,39.710368,-104.97092,wash_park
7693,39.753304,-104.994378,downtown
7694,39.758685,-104.962469,city_park
7695,39.735148,-104.981649,downtown
7696,39.710682,-104.981069,wash_park
7697,39.711166,-104.963202,wash_park
7698,39.709609,-104.954387,wash_park
7699,39.78555,-104.89361,central_park
7700,39.763104,-104.879512,central_park
7701,39.753822,-104.952314,city_park
7702,39.756276,-104.962571,city_park
7703,39.740444,-104.99723,downtown
7704,39.736496,-105.000351,downtown
7705,39.744728,-104.952396,city_park
7706,39.70995,-104.967654,wash_park
7707,39.747812,-104.981318,downtown
7708,39.74998,-104.956167,city_park
7709,39.845639,-104.67194,airport
7710,39.743583,-104.984297,downtown
7711,39.735123,-104.95888,city_park
7712,39.751153,-104.973385,downtown
7713,39.745423,-104.940949,city_park
7714,39.751555,-104.957647,city_park
7715,39.744181,-104.981827,downtown
7716,39.755494,-104.986708,downtown
7717,39.736677,-104.93256,city_park
7718,39.834877,-104.679877,airport
7719,39.739852,-104.971765,downtown
7720,39.738643,-104.97929,downtown
7721,39.846321,-104.673863,airport
7722,39.864079,-104.663904,airport
7723,39.771442,-104.890457,central_park
7724,39.860629,-104.656341,airport
7725,39.729286,-104.965589,city_park
7726,39.742206,-104.976135,downtown
7727,39.745733,-104.984726,downtown
7728,39.779619,-104.904903,central_park
7729,39.731713,-104.985932,downtown
7730,39.761611,-104.97334,city_park
7731,39.760213,-104.869059,central_park
7732,39.756707,-104.955432,city_park
7733,39.76051,-104.996484,downtown
7734,39.755561,-104.970469,city_park
7735,39.739319,-105.006848,downtown
7736,39.77181,-104.872078,central_park
7737,39.73384,-104.987066,downtown
7738,39.691142,-104.978839,wash_park
7739,39.715125,-104.968335,wash_park
7740,39.74952,-104.989847,downtown
7741,39.731089,-104.994694,downtown
7742,39.745575,-104.949995,city_park
7743,39.714864,-104.965803,wash_park
7744,39.729362,-104.986242,downtown
7745,39.742058,-104.959996,city_park
7746,39.749882,-104.988534,downtown
7747,39.704048,-104.945444,wash_park
7748,39.78424,-104.878049,central_park
7749,39.749122,-105.003192,downtown
7750,39.779383,-104.865565,central_park
7751,39.726572,-104.989674,downtown
7752,39.786723,-104.892396,central_park
7753,39.726964,-104.968964,wash_park
7754,39.770618,-104.898203,central_park
7755,39.758501,-104.867899,central_park
7756,39.732995,-105.001321,downtown
7757,39.731963,-105.00221,downtown
7758,39.724751,-104.985,downtown
7759,39.778052,-104.885628,central_park
7760,39.72396,-104.983678,downtown
7761,39.751349,-104.984937,downtown
7762,39.698531,-104.952562,wash_park
7763,39.734899,-104.943608,city_park
7764,39.7438,-104.9743,downtown
7765,39.866272,-104.690792,airport
7766,39.704165,-104.9695,wash_park
7767,39.750671,-104.974015,downtown
7768,39.747551,-105.011017,downtown
7769,39.770239,-104.899242,central_park
7770,39.746856,-104.943194,city_park
7771,39.75141,-104.993605,downtown
7772,39.73938,-105.00288,downtown
7773,39.746088,-104.956192,city_park
7774,39.718801,-104.941433,wash_park
7775,39.734706,-104.944228,city_park
7776,39.852915,-104.684819,airport
7777,39.767633,-104.89207,central_park
7778,39.788319,-104.900573,central_park
7779,39.884838,-104.668454,airport
7780,39.769537,-104.866317,central_park
7781,39.742964,-104.99529,downtown
7782,39.856478,-104.679,airport
7783,39.856795,-104.669951,airport
7784,39.85643,-104.674027,airport
7785,39.734299,-104.979884,downtown
7786,39.75084,-104.96936,city_park
7787,39.855193,-104.677779,airport
7788,39.775028,-104.870698,central_park
7789,39.737626,-104.969842,city_park
7790,39.739075,-104.985794,downtown
7791,39.738701,-104.985981,downtown
7792,39.755154,-104.961778,city_park
7793,39.859366,-104.680457,airport
7794,39.865697,-104.664993,airport
7795,39.735954,-104.980514,downtown
7796,39.752568,-104.939125,city_park
7797,39.74984,-104.997094,downtown
7798,39.738241,-104.984623,downtown
7799,39.69757,-104.967153,wash_park
7800,39.74167,-104.99176,downtown
7801,39.776166,-104.901996,central_park
7802,39.735919,-104.966437,city_park
7803,39.860514,-104.655802,airport
7804,39.757439,-104.946018,city_park
7805,39.759984,-104.956729,city_park
7806,39.759195,-104.947034,city_park
7807,39.697945,-104.962572,wash_park
7808,39.690363,-104.972367,wash_park
7809,39.757697,-104.980583,downtown
7810,39.710943,-104.978106,wash_park
7811,39.774216,-104.877496,central_park
7812,39.735082,-104.958889,city_park
7813,39.742704,-104.952471,city_park
7814,39.743116,-104.948331,city_park
7815,39.729658,-105.00741,downtown
7816,39.746004,-104.943354,city_park
7817,39.874119,-104.659151,airport
7818,39.703483,-104.966928,wash_park
7819,39.848447,-104.676023,airport
7820,39.734991,-104.959862,city_park
7821,39.746052,-105.009372,downtown
7822,39.741398,-105.000936,downtown
7823,39.742075,-104.996995,downtown
7824,39.693403,-104.963451,wash_park
7825,39.85598,-104.669143,airport
7826,39.747747,-104.959255,city_park
7827,39.745995,-104.998476,downtown
7828,39.744991,-104.984804,downtown
7829,39.698638,-104.9684,wash_park
7830,39.759923,-104.888391,central_park
7831,39.762499,-104.970145,city_park
7832,39.856793,-104.6822,airport
7833,39.786215,-104.909345,central_park
7834,39.682954,-104.964805,wash_park
7835,39.787829,-104.868586,central_park
7836,39.751335,-104.95015,city_park
7837,39.692024,-104.992148,wash_park
7838,39.739873,-104.994498,downtown
7839,39.751381,-104.952671,city_park
7840,39.703303,-104.979483,wash_park
7841,39.733949,-105.002693,downtown
7842,39.78153,-104.887471,central_park
7843,39.865021,-104.688677,airport
7844,39.731475,-104.951172,city_park
7845,39.709543,-104.995359,wash_park
7846,39.766711,-104.89926,central_park
7847,39.736794,-104.941754,city_park
7848,39.749391,-104.967066,city_park
7849,39.744104,-104.939274,city_park
7850,39.690884,-104.953611,wash_park
7851,39.739526,-104.992425,downtown
7852,39.852129,-104.668407,airport
7853,39.703925,-104.963578,wash_park
7854,39.852162,-104.684104,airport
7855,39.687154,-104.991186,wash_park
7856,39.746098,-105.003752,downtown
7857,39.705538,-104.953233,wash_park
7858,39.754437,-104.987844,downtown
7859,39.748136,-104.951157,city_park
7860,39.72491,-104.989528,downtown
7861,39.746674,-104.996162,downtown
7862,39.708117,-104.967417,wash_park
7863,39.713783,-104.976732,wash_park
7864,39.749117,-104.98782,downtown
7865,39.853107,-104.69119,airport
7866,39.716385,-104.978702,wash_park
7867,39.778378,-104.888964,central_park
7868,39.723401,-104.991206,downtown
7869,39.758669,-104.965004,city_park
7870,39.728988,-104.99611,downtown
7871,39.739099,-104.981358,downtown
7872,39.762181,-104.885417,central_park
7873,39.865191,-104.688124,airport
7874,39.750617,-104.969931,downtown
7875,39.750881,-104.990748,downtown
7876,39.733434,-105.000819,downtown
7877,39.730637,-104.991496,downtown
7878,39.746175,-104.929936,city_park
7879,39.784211,-104.886017,central_park
7880,39.757447,-104.98994,downtown
7881,39.854689,-104.691193,airport
7882,39.736727,-104.98788,downtown
7883,39.738787,-105.011492,downtown
7884,39.728356,-104.99847,downtown
7885,39.740635,-104.983853,downtown
7886,39.760716,-104.874813,central_park
7887,39.716191,-104.982753,wash_park
7888,39.741284,-104.964748,downtown
7889,39.713261,-104.976328,wash_park
7890,39.708321,-104.976976,wash_park
7891,39.742055,-104.992564,downtown
7892,39.756745,-104.983104,downtown
7893,39.866008,-104.668469,airport
7894,39.762951,-104.989664,downtown
7895,39.76953,-104.885719,central_park
7896,39.755197,-104.955959,city_park
7897,39.854481,-104.663034,airport
7898,39.767411,-104.889445,central_park
7899,39.850879,-104.679706,airport
7900,39.768657,-104.901362,central_park
7901,39.762567,-104.944133,city_park
7902,39.733975,-104.958628,city_park
7903,39.750049,-104.961124,city_park
7904,39.731199,-105.001216,downtown
7905,39.756036,-104.99232,downtown
7906,39.724252,-104.985558,downtown
7907,39.738364,-104.990029,downtown
7908,39.738414,-104.994898,downtown
7909,39.707721,-104.970044,wash_park
7910,39.732613,-104.992785,downtown
7911,39.705687,-104.946131,wash_park
7912,39.760322,-104.961973,city_park
7913,39.85473,-104.667331,airport
7914,39.872628,-104.675269,airport
7915,39.732773,-104.986197,downtown
7916,39.771526,-104.896196,central_park
7917,39.737825,-105.002427,downtown
7918,39.728097,-104.951821,city_park
7919,39.72799,-104.95177,city_park
7920,39.721301,-104.994505,downtown
7921,39.748739,-104.995967,downtown
7922,39.743201,-104.964709,city_park
7923,39.727618,-105.010679,downtown
7924,39.716997,-104.946846,wash_park
7925,39.744898,-104.979685,downtown
7926,39.732737,-104.956699,city_park
7927,39.737136,-104.997799,downtown
7928,39.864711,-104.667534,airport
7929,39.71116,-104.956751,wash_park
7930,39.849002,-104.690673,airport
7931,39.780801,-104.884958,central_park
7932,39.860735,-104.688164,airport
7933,39.732984,-104.975303,downtown
7934,39.753085,-104.946341,city_park
7935,39.847718,-104.673447,airport
7936,39.752849,-104.940835,city_park
7937,39.763944,-104.887106,central_park
7938,39.793248,-104.899004,central_park
7939,39.739899,-104.996014,downtown
7940,39.763766,-104.876052,central_park
7941,39.833805,-104.686632,airport
7942,39.758423,-104.996647,downtown
7943,39.769885,-104.880733,central_park
7944,39.75231,-104.952145,city_park
7945,39.769702,-104.885544,central_park
7946,39.770582,-104.882255,central_park
7947,39.708212,-104.9613,wash_park
7948,39.715219,-104.943533,wash_park
7949,39.863209,-104.680849,airport
7950,39.754929,-104.952311,city_park
7951,39.743371,-104.984149,downtown
7952,39.738524,-104.997091,downtown
7953,39.867053,-104.668129,airport
7954,39.712818,-104.967833,wash_park
7955,39.866041,-104.67605,airport
7956,39.837699,-104.641045,airport
7957,39.74527,-105.000197,downtown
7958,39.748603,-104.979828,downtown
7959,39.749253,-104.956302,city_park
7960,39.771215,-104.88684,central_park
7961,39.738748,-104.982929,downtown
7962,39.746659,-104.961362,city_park
7963,39.69651,-104.975128,wash_park
7964,39.751756,-104.971432,city_park
7965,39.769608,-104.895092,central_park
7966,39.765865,-104.905249,central_park
7967,39.696804,-104.942722,wash_park
7968,39.76561,-104.875911,central_park
7969,39.701808,-104.969905,wash_park
7970,39.762478,-104.967093,city_park
7971,39.740121,-104.928174,city_park
7972,39.737419,-104.986431,downtown
7973,39.736611,-104.948478,city_park
7974,39.752124,-104.965066,city_park
7975,39.777763,-104.866118,central_park
7976,39.741878,-104.980759,downtown
7977,39.708172,-104.941809,wash_park
7978,39.737873,-104.9587,city_park
7979,39.72909,-104.983278,downtown
7980,39.741441,-104.948624,city_park
7981,39.750436,-104.970657,downtown
7982,39.692984,-104.967508,wash_park
7983,39.725513,-104.991115,downtown
7984,39.741301,-105.007515,downtown
7985,39.699593,-104.975374,wash_park
7986,39.704914,-104.961028,wash_park
7987,39.760278,-104.878168,central_park
7988,39.730051,-104.992795,downtown
7989,39.707204,-104.980184,wash_park
7990,39.741744,-104.990405,downtown
7991,39.737861,-104.977006,downtown
7992,39.716051,-104.969317,wash_park
7993,39.75385,-105.000288,downtown
7994,39.690903,-104.977593,wash_park
7995,39.757977,-104.962113,city_park
7996,39.747761,-104.992119,downtown
7997,39.869187,-104.682068,airport
7998,39.785348,-104.884536,central_park
7999,39.731237,-104.98518,downtown
8000,39.774658,-104.882859,central_park
8001,39.738878,-104.991421,downtown
8002,39.778829,-104.883887,central_park
8003,39.852635,-104.663508,airport
8004,39.779658,-104.874713,central_park
8005,39.733162,-105.006697,downtown
8006,39.741106,-104.976533,downtown
8007,39.772842,-104.892736,central_park
8008,39.704276,-104.975456,wash_park
8009,39.73196,-105.003404,downtown
8010,39.746082,-104.999213,downtown
8011,39.731604,-104.988004,downtown
8012,39.861367,-104.683592,airport
8013,39.736805,-104.995363,downtown
8014,39.734548,-104.983845,downtown
8015,39.73717,-105.001171,downtown
8016,39.746638,-104.99292,downtown
8017,39.722701,-104.973119,wash_park
8018,39.695675,-104.981305,wash_park
8019,39.752241,-104.981901,downtown
8020,39.767261,-104.875626,central_park
8021,39.707066,-104.957038,wash_park
8022,39.739704,-104.996753,downtown
8023,39.745038,-105.000581,downtown
8024,39.729977,-104.986099,downtown
8025,39.775209,-104.88105,central_park
8026,39.713789,-104.985593,downtown
8027,39.706301,-104.989839,wash_park
8028,39.704787,-104.964454,wash_park
8029,39.712592,-104.968336,wash_park
8030,39.75362,-104.992962,downtown
8031,39.761883,-104.953519,city_park
8032,39.735425,-104.992467,downtown
8033,39.706054,-104.948834,wash_park
8034,39.732543,-104.997658,downtown
8035,39.738413,-105.018836,downtown
8036,39.747963,-104.988123,downtown
8037,39.851415,-104.677276,airport
8038,39.718398,-104.979593,wash_park
8039,39.750536,-104.933556,city_park
8040,39.779153,-104.887469,central_park
8041,39.710778,-104.983038,wash_park
8042,39.864383,-104.676435,airport
8043,39.752664,-104.9972,downtown
8044,39.865088,-104.669649,airport
8045,39.697247,-104.963306,wash_park
8046,39.776318,-104.879113,central_park
8047,39.711006,-104.964258,wash_park
8048,39.749158,-104.967879,city_park
8049,39.745147,-104.957703,city_park
8050,39.704411,-104.967435,wash_park
8051,39.738031,-104.964845,downtown
8052,39.744171,-104.971694,city_park
8053,39.746358,-104.998074,downtown
8054,39.774904,-104.883305,central_park
8055,39.871697,-104.645485,airport
8056,39.758536,-104.94332,city_park
8057,39.726499,-104.980357,downtown
8058,39.733986,-105.002235,downtown
8059,39.760023,-105.007686,downtown
8060,39.710847,-104.974471,wash_park
8061,39.74727,-104.982129,downtown
8062,39.858973,-104.671708,airport
8063,39.749862,-104.93849,city_park
8064,39.732948,-104.99531,downtown
8065,39.863946,-104.668864,airport
8066,39.722381,-104.985187,downtown
8067,39.744549,-104.989204,downtown
8068,39.747578,-104.95484,city_park
8069,39.848457,-104.66043,airport
8070,39.854828,-104.685197,airport
8071,39.738964,-104.979809,downtown
8072,39.740283,-104.990397,downtown
8073,39.691993,-104.954833,wash_park
8074,39.725431,-104.989715,downtown
8075,39.772217,-104.895326,central_park
8076,39.751832,-104.984811,downtown
8077,39.738391,-104.95146,city_park
8078,39.74065,-104.999706,downtown
8079,39.854779,-104.681689,airport
8080,39.742427,-104.97182,city_park
8081,39.753506,-104.982378,downtown
8082,39.742216,-105.004847,downtown
8083,39.745847,-104.986203,downtown
8084,39.752152,-104.949548,city_park
8085,39.73921,-104.995812,downtown
8086,39.735939,-104.986401,downtown
8087,39.741903,-104.9859,downtown
8088,39.738933,-104.958303,city_park
8089,39.751593,-104.987315,downtown
8090,39.736767,-105.014911,downtown
8091,39.840228,-104.676468,airport
8092,39.859426,-104.651032,airport
8093,39.725592,-104.997408,downtown
8094,39.749773,-104.995471,downtown
8095,39.738035,-104.988994,downtown
8096,39.697853,-104.975635,wash_park
8097,39.744945,-104.954587,city_park
8098,39.744497,-104.983582,downtown
8099,39.709971,-105.000704,wash_park
8100,39.762227,-104.881565,central_park
8101,39.727424,-104.974309,downtown
8102,39.695945,-104.990151,wash_park
8103,39.743899,-104.978258,downtown
8104,39.75222,-104.952178,city_park
8105,39.705305,-104.98674,wash_park
8106,39.702423,-104.961226,wash_park
8107,39.743642,-104.959084,city_park
8108,39.738189,-104.936037,city_park
8109,39.844849,-104.669641,airport
8110,39.724875,-104.984251,downtown
8111,39.739589,-105.004442,downtown
8112,39.754643,-104.945194,city_park
8113,39.851736,-104.669935,airport
8114,39.758825,-104.97892,city_park
8115,39.748441,-104.952338,city_park
8116,39.749202,-104.949731,city_park
8117,39.75482,-104.965961,city_park
8118,39.745217,-104.990629,downtown
8119,39.730415,-105.0157,downtown
8120,39.702643,-104.958597,wash_park
8121,39.736294,-104.978869,downtown
8122,39.741235,-104.954706,city_park
8123,39.73482,-104.972965,downtown
8124,39.722449,-104.984744,downtown
8125,39.862943,-104.657804,airport
8126,39.745977,-104.946744,city_park
8127,39.872417,-104.674889,airport
8128,39.746101,-104.994646,downtown
8129,39.739186,-104.979898,downtown
8130,39.735704,-104.961426,city_park
8131,39.778762,-104.888712,central_park
8132,39.857433,-104.682256,airport
8133,39.728042,-104.993853,downtown
8134,39.849675,-104.683103,airport
8135,39.74859,-105.007351,downtown
8136,39.866438,-104.646846,airport
8137,39.698501,-104.998123,wash_park
8138,39.732099,-105.001123,downtown
8139,39.735784,-104.982825,downtown
8140,39.741877,-104.992401,downtown
8141,39.699821,-104.98451,wash_park
8142,39.7342,-104.988419,downtown
8143,39.727205,-104.988465,downtown
8144,39.72861,-104.993264,downtown
8145,39.866191,-104.674546,airport
8146,39.743418,-104.999877,downtown
8147,39.734588,-104.968803,city_park
8148,39.694487,-104.988859,wash_park
8149,39.745001,-104.938831,city_park
8150,39.861655,-104.671211,airport
8151,39.776541,-104.881167,central_park
8152,39.74992,-105.007174,downtown
8153,39.762395,-104.869558,central_park
8154,39.85157,-104.674898,airport
8155,39.782931,-104.887559,central_park
8156,39.737728,-104.968435,city_park
8157,39.769747,-104.896802,central_park
8158,39.745876,-104.990645,downtown
8159,39.716041,-105.00954,downtown
8160,39.736926,-104.937278,city_park
8161,39.705097,-104.975604,wash_park
8162,39.850664,-104.679014,airport
8163,39.768195,-104.885231,central_park
8164,39.709719,-104.947196,wash_park
8165,39.692541,-104.990114,wash_park
8166,39.715344,-104.995836,downtown
8167,39.861244,-104.668338,airport
8168,39.694463,-104.969968,wash_park
8169,39.753713,-104.938144,city_park
8170,39.725394,-104.976421,downtown
8171,39.851634,-104.670823,airport
8172,39.717218,-104.96231,wash_park
8173,39.747696,-104.951742,city_park
8174,39.699965,-104.954872,wash_park
8175,39.733294,-104.989233,downtown
8176,39.744577,-104.941141,city_park
8177,39.741619,-104.97204,downtown
8178,39.775626,-104.892929,central_park
8179,39.841644,-104.684106,airport
8180,39.731174,-104.989196,downtown
8181,39.700401,-104.974213,wash_park
8182,39.776087,-104.909948,central_park
8183,39.740571,-104.994556,downtown
8184,39.855533,-104.684271,airport
8185,39.78747,-104.876988,central_park
8186,39.779762,-104.887912,central_park
8187,39.742469,-104.951404,city_park
8188,39.785448,-104.918619,central_park
8189,39.702711,-104.968154,wash_park
8190,39.845805,-104.664138,airport
8191,39.738238,-104.967932,downtown
8192,39.69676,-104.97355,wash_park
8193,39.725899,-104.97703,downtown
8194,39.873265,-104.672576,airport
8195,39.736096,-104.944613,city_park
8196,39.742167,-104.991264,downtown
8197,39.853244,-104.683364,airport
8198,39.762678,-104.891412,central_park
8199,39.858296,-104.675266,airport
8200,39.757148,-104.900492,central_park
8201,39.691209,-104.965851,wash_park
8202,39.761055,-104.859497,central_park
8203,39.762113,-104.877998,central_park
8204,39.746178,-104.960647,downtown
8205,39.758059,-104.960286,city_park
8206,39.755491,-104.944662,city_park
8207,39.738793,-104.988566,downtown
8208,39.767535,-104.868653,central_park
8209,39.853829,-104.702482,airport
8210,39.723915,-105.006828,downtown
8211,39.707335,-104.948332,wash_park
8212,39.753448,-104.959014,city_park
8213,39.730934,-104.966426,downtown
8214,39.725289,-104.995068,downtown
8215,39.73823,-104.980303,downtown
8216,39.778034,-104.891843,central_park
8217,39.853222,-104.679813,airport
8218,39.745219,-105.009053,downtown
8219,39.730535,-104.997947,downtown
8220,39.75144,-104.958225,city_park
8221,39.841527,-104.675326,airport
8222,39.765574,-104.880192,central_park
8223,39.851957,-104.676271,airport
8224,39.752407,-104.941031,city_park
8225,39.713967,-104.978105,wash_park
8226,39.741811,-104.99593,downtown
8227,39.720158,-104.971131,wash_park
8228,39.837467,-104.674905,airport
8229,39.767129,-104.943105,city_park
8230,39.711577,-104.96864,wash_park
8231,39.743296,-104.960072,city_park
8232,39.858773,-104.6739,airport
8233,39.773002,-104.873238,central_park
8234,39.727644,-104.969052,city_park
8235,39.750811,-104.948554,city_park
8236,39.740328,-104.978571,downtown
8237,39.85917,-104.671268,airport
8238,39.706321,-104.977671,wash_park
8239,39.86521,-104.691981,airport
8240,39.702226,-104.960851,wash_park
8241,39.856494,-104.673059,airport
8242,39.755253,-104.937183,city_park
8243,39.745727,-104.97003,downtown
8244,39.849083,-104.675794,airport
8245,39.741671,-104.979133,downtown
8246,39.771736,-104.896722,central_park
8247,39.772424,-104.881693,central_park
8248,39.754556,-104.975478,city_park
8249,39.739274,-104.974881,downtown
8250,39.744102,-104.959405,city_park
8251,39.747048,-104.989061,downtown
8252,39.745731,-105.003967,downtown
8253,39.758508,-104.994107,downtown
8254,39.872788,-104.682225,airport
8255,39.75656,-104.900578,central_park
8256,39.783608,-104.90501,central_park
8257,39.71978,-104.978778,downtown
8258,39.764653,-104.879972,central_park
8259,39.755578,-104.976739,downtown
8260,39.758631,-104.951311,city_park
8261,39.704057,-104.970165,wash_park
8262,39.707718,-104.980446,wash_park
8263,39.728193,-104.991019,downtown
8264,39.78884,-104.886735,central_park
8265,39.848156,-104.666952,airport
8266,39.760444,-104.878159,central_park
8267,39.856006,-104.671521,airport
8268,39.686098,-104.963806,wash_park
8269,39.870038,-104.691028,airport
8270,39.766349,-104.947617,city_park
8271,39.85954,-104.676387,airport
8272,39.775165,-104.870741,central_park
8273,39.727122,-104.978425,wash_park
8274,39.742069,-104.943257,city_park
8275,39.739916,-104.950593,city_park
8276,39.870404,-104.664739,airport
8277,39.752455,-104.954324,city_park
8278,39.744602,-104.940108,city_park
8279,39.708448,-104.961105,wash_park
8280,39.752616,-104.99384,downtown
8281,39.845028,-104.667944,airport
8282,39.76179,-104.994349,downtown
8283,39.751331,-104.999624,downtown
8284,39.691841,-104.959773,wash_park
8285,39.706188,-104.95909,wash_park
8286,39.746736,-105.008098,downtown
8287,39.744813,-104.976453,downtown
8288,39.745277,-105.003286,downtown
8289,39.733899,-104.978922,downtown
8290,39.744364,-104.988985,downtown
8291,39.752033,-105.008399,downtown
8292,39.773649,-104.987246,city_park
8293,39.752551,-104.944696,city_park
8294,39.687414,-104.971883,wash_park
8295,39.856604,-104.682769,airport
8296,39.840978,-104.682656,airport
8297,39.744963,-104.956424,city_park
8298,39.74388,-104.945001,city_park
8299,39.740322,-104.992425,downtown
8300,39.740154,-105.003157,downtown
8301,39.852727,-104.676683,airport
8302,39.70467,-104.970534,wash_park
8303,39.756606,-105.00167,downtown
8304,39.749815,-105.004171,downtown
8305,39.731325,-104.958064,city_park
8306,39.741076,-104.979849,downtown
8307,39.75482,-104.997001,downtown
8308,39.736493,-104.981104,downtown
8309,39.855489,-104.659413,airport
8310,39.855821,-104.69281,airport
8311,39.72463,-104.994465,downtown
8312,39.741061,-104.977577,downtown
8313,39.728987,-104.951647,city_park
8314,39.765819,-104.882311,central_park
8315,39.731549,-104.987092,downtown
8316,39.737737,-104.951965,city_park
8317,39.863745,-104.681271,airport
8318,39.764354,-104.881446,central_park
8319,39.72269,-105.007602,downtown
8320,39.758046,-104.898533,central_park
8321,39.721975,-104.989754,downtown
8322,39.746836,-104.945232,city_park
8323,39.736604,-104.976468,downtown
8324,39.722633,-105.002472,downtown
8325,39.740593,-104.9527,city_park
8326,39.72148,-104.966549,wash_park
8327,39.731189,-104.982275,downtown
8328,39.768031,-104.951189,city_park
8329,39.746194,-104.999631,downtown
8330,39.744123,-104.942834,city_park
8331,39.746625,-104.984781,downtown
8332,39.75255,-104.934943,city_park
8333,39.724215,-105.001454,downtown
8334,39.874789,-104.666953,airport
8335,39.70777,-104.9811,wash_park
8336,39.740559,-104.95535,city_park
8337,39.738571,-104.981353,downtown
8338,39.777049,-104.901626,central_park
8339,39.748623,-104.925248,city_park
8340,39.77599,-104.889755,central_park
8341,39.762054,-104.956717,city_park
8342,39.771716,-104.886739,central_park
8343,39.772344,-104.8821,central_park
8344,39.772186,-104.889561,central_park
8345,39.710261,-104.984607,wash_park
8346,39.698247,-104.960412,wash_park
8347,39.734187,-105.005339,downtown
8348,39.854389,-104.696331,airport
8349,39.776462,-104.882117,central_park
8350,39.755878,-104.885299,central_park
8351,39.757149,-104.960238,city_park
8352,39.737799,-105.003725,downtown
8353,39.759968,-104.9455,city_park
8354,39.841267,-104.674946,airport
8355,39.726348,-104.986501,downtown
8356,39.737821,-104.972014,city_park
8357,39.759801,-104.967416,city_park
8358,39.735471,-104.985703,downtown
8359,39.761156,-104.957201,city_park
8360,39.736846,-104.993799,downtown
8361,39.700387,-104.987556,wash_park
8362,39.745805,-104.973325,downtown
8363,39.764488,-104.96786,city_park
8364,39.747147,-105.005714,downtown
8365,39.836505,-104.661218,airport
8366,39.742712,-104.988789,downtown
8367,39.762981,-104.887323,central_park
8368,39.732088,-104.967727,downtown
8369,39.735538,-104.993119,downtown
8370,39.747465,-104.965912,city_park
8371,39.736616,-104.980599,downtown
8372,39.744383,-104.975156,downtown
8373,39.760413,-104.987621,downtown
8374,39.780516,-104.868382,central_park
8375,39.6979,-104.96897,wash_park
8376,39.767352,-104.941834,city_park
8377,39.856407,-104.685948,airport
8378,39.747065,-105.000729,downtown
8379,39.74676,-104.959941,downtown
8380,39.785788,-104.876704,central_park
8381,39.733252,-104.98114,downtown
8382,39.748989,-104.994556,downtown
8383,39.742866,-105.000517,downtown
8384,39.7884,-104.893162,central_park
8385,39.750485,-104.949749,city_park
8386,39.846482,-104.652023,airport
8387,39.717265,-104.964398,wash_park
8388,39.752614,-105.004279,downtown
8389,39.756,-104.953184,downtown
8390,39.763723,-104.865926,central_park
8391,39.709772,-104.970981,wash_park
8392,39.74831,-104.9625,city_park
8393,39.752228,-104.956918,city_park
8394,39.714848,-104.99635,downtown
8395,39.752425,-105.003174,downtown
8396,39.730398,-104.971389,wash_park
8397,39.738692,-104.97848,downtown
8398,39.731047,-105.022885,downtown
8399,39.743205,-104.993153,downtown
8400,39.848464,-104.663939,airport
8401,39.724193,-104.973193,wash_park
8402,39.704579,-104.975532,wash_park
8403,39.73475,-104.977829,downtown
8404,39.742796,-104.987536,downtown
8405,39.711444,-104.96522,wash_park
8406,39.733203,-104.999123,downtown
8407,39.713402,-104.973118,wash_park
8408,39.74719,-104.986581,downtown
8409,39.735201,-104.988433,downtown
8410,39.715872,-104.980291,wash_park
8411,39.76098,-104.87589,central_park
8412,39.740194,-105.000767,downtown
8413,39.753667,-104.965804,city_park
8414,39.694855,-104.936467,wash_park
8415,39.742597,-105.009627,downtown
8416,39.734557,-104.993885,downtown
8417,39.780953,-104.897631,central_park
8418,39.747253,-104.986816,downtown
8419,39.72721,-105.003495,downtown
8420,39.735089,-104.987562,downtown
8421,39.84552,-104.66214,airport
8422,39.859002,-104.671388,airport
8423,39.713358,-104.98576,wash_park
8424,39.757948,-104.941895,city_park
8425,39.738564,-105.002494,downtown
8426,39.749436,-105.014699,downtown
8427,39.754975,-104.97931,downtown
8428,39.744045,-104.960595,city_park
8429,39.711646,-104.983358,wash_park
8430,39.75546,-104.943306,city_park
8431,39.838173,-104.673236,airport
8432,39.70496,-104.971794,wash_park
8433,39.867603,-104.657193,airport
8434,39.869173,-104.680258,airport
8435,39.7488,-104.970161,city_park
8436,39.74631,-104.961737,city_park
8437,39.753451,-104.994672,downtown
8438,39.77151,-104.874133,central_park
8439,39.760477,-104.939292,city_park
8440,39.86129,-104.676199,airport
8441,39.737399,-104.982904,downtown
8442,39.719443,-104.965001,wash_park
8443,39.760801,-104.962765,city_park
8444,39.713493,-104.956441,wash_park
8445,39.757731,-104.953827,city_park
8446,39.756616,-104.986493,downtown
8447,39.704206,-104.957541,wash_park
8448,39.744451,-104.942015,city_park
8449,39.75317,-104.972356,city_park
8450,39.847484,-104.657647,airport
8451,39.748954,-105.002666,downtown
8452,39.764773,-104.890438,central_park
8453,39.745425,-104.9625,city_park
8454,39.728439,-104.97947,downtown
8455,39.750402,-104.962966,city_park
8456,39.833664,-104.678984,airport
8457,39.75474,-104.962588,city_park
8458,39.867801,-104.682448,airport
8459,39.713876,-104.964651,wash_park
8460,39.767967,-104.881861,central_park
8461,39.773695,-104.887157,central_park
8462,39.752371,-104.979164,downtown
8463,39.722519,-104.972014,downtown
8464,39.735462,-104.964432,city_park
8465,39.76036,-104.968546,city_park
8466,39.856508,-104.671554,airport
8467,39.740209,-105.009689,downtown
8468,39.754781,-104.88783,central_park
8469,39.703382,-104.985256,wash_park
8470,39.764724,-104.889358,central_park
8471,39.85627,-104.683002,airport
8472,39.702024,-104.999894,wash_park
8473,39.727258,-104.984678,downtown
8474,39.874698,-104.693955,airport
8475,39.748741,-104.951013,city_park
8476,39.855408,-104.679875,airport
8477,39.686853,-104.9691,wash_park
8478,39.727161,-104.991257,downtown
8479,39.688128,-104.973694,wash_park
8480,39.697494,-104.95403,wash_park
8481,39.746611,-104.997571,downtown
8482,39.848382,-104.688798,airport
8483,39.784291,-104.863057,central_park
8484,39.718737,-104.981808,wash_park
8485,39.740683,-104.981471,downtown
8486,39.728186,-104.984756,downtown
8487,39.730992,-104.992513,downtown
8488,39.75326,-104.872758,central_park
8489,39.842363,-104.673947,airport
8490,39.742324,-104.941411,city_park
8491,39.747043,-104.945326,city_park
8492,39.731152,-104.995209,downtown
8493,39.735018,-104.984029,downtown
8494,39.768462,-104.87509,central_park
8495,39.698239,-104.955189,wash_park
8496,39.768923,-104.898217,central_park
8497,39.740243,-104.952444,city_park
8498,39.785572,-104.878286,central_park
8499,39.756759,-104.868509,central_park
8500,39.764539,-104.880397,central_park
8501,39.739143,-104.996308,downtown
8502,39.848397,-104.673294,airport
8503,39.732096,-104.99764,downtown
8504,39.741106,-105.011014,downtown
8505,39.758411,-104.965776,city_park
8506,39.74201,-104.960144,city_park
8507,39.707736,-104.971984,wash_park
8508,39.765478,-104.873549,central_park
8509,39.744315,-105.000669,downtown
8510,39.755591,-104.98556,downtown
8511,39.725089,-104.987662,downtown
8512,39.738201,-104.984182,downtown
8513,39.723223,-104.995409,downtown
8514,39.736048,-104.996501,downtown
8515,39.735768,-104.960108,city_park
8516,39.74763,-104.937501,city_park
8517,39.751498,-104.981844,downtown
8518,39.749248,-104.954679,city_park
8519,39.749922,-104.998467,downtown
8520,39.751525,-105.009533,downtown
8521,39.748893,-104.933678,city_park
8522,39.734575,-104.943333,city_park
8523,39.734789,-104.982608,downtown
8524,39.755461,-104.95411,city_park
8525,39.728392,-104.979969,downtown
8526,39.762279,-104.976865,city_park
8527,39.692273,-104.959324,wash_park
8528,39.756588,-104.951788,city_park
8529,39.756644,-105.000936,downtown
8530,39.734938,-104.992841,downtown
8531,39.851554,-104.695281,airport
8532,39.726011,-104.98454,downtown
8533,39.859213,-104.684497,airport
8534,39.759627,-104.993222,downtown
8535,39.788229,-104.888619,central_park
8536,39.696335,-104.984125,wash_park
8537,39.865703,-104.687471,airport
8538,39.75691,-104.965725,city_park
8539,39.742644,-104.983903,downtown
8540,39.748202,-104.99439,downtown
8541,39.739771,-104.955746,city_park
8542,39.735073,-104.949504,city_park
8543,39.714194,-104.989719,wash_park
8544,39.741711,-105.005435,downtown
8545,39.86569,-104.665333,airport
8546,39.745342,-104.951796,city_park
8547,39.852899,-104.683056,airport
8548,39.700229,-104.974385,wash_park
8549,39.757253,-104.974496,downtown
8550,39.863493,-104.655492,airport
8551,39.690711,-104.971877,wash_park
8552,39.845455,-104.671748,airport
8553,39.741636,-104.947759,city_park
8554,39.76309,-104.883675,central_park
8555,39.728217,-105.001593,downtown
8556,39.699497,-104.977846,wash_park
8557,39.762236,-104.879384,central_park
8558,39.742695,-104.944432,city_park
8559,39.871425,-104.67958,airport
8560,39.70365,-104.953556,wash_park
8561,39.748374,-104.882607,central_park
8562,39.854635,-104.668105,airport
8563,39.729877,-104.997774,downtown
8564,39.770019,-104.889963,central_park
8565,39.765587,-104.895483,central_park
8566,39.773929,-104.901481,central_park
8567,39.729616,-105.009258,downtown
8568,39.852153,-104.686661,airport
8569,39.749716,-104.995061,downtown
8570,39.744189,-104.951734,city_park
8571,39.729521,-105.005904,downtown
8572,39.75821,-104.946647,city_park
8573,39.767621,-104.879078,central_park
8574,39.867604,-104.65428,airport
8575,39.757072,-104.957309,city_park
8576,39.74183,-105.010027,downtown
8577,39.710977,-104.981842,wash_park
8578,39.860817,-104.683571,airport
8579,39.742223,-104.965012,city_park
8580,39.749059,-104.999133,downtown
8581,39.769032,-104.889325,central_park
8582,39.742627,-104.983074,downtown
8583,39.708293,-104.986646,wash_park
8584,39.744505,-104.94225,city_park
8585,39.751153,-105.028722,downtown
8586,39.74639,-104.963992,city_park
8587,39.766881,-104.897164,central_park
8588,39.708218,-104.978139,wash_park
8589,39.724353,-104.996837,downtown
8590,39.868178,-104.674183,airport
8591,39.748155,-104.994646,downtown
8592,39.715825,-104.966918,wash_park
8593,39.741283,-104.995234,downtown
8594,39.730512,-104.975552,downtown
8595,39.860664,-104.672319,airport
8596,39.715325,-104.974895,wash_park
8597,39.704678,-104.966894,wash_park
8598,39.746092,-104.962158,city_park
8599,39.746229,-104.949986,city_park
8600,39.781754,-104.868415,central_park
8601,39.750721,-104.963185,city_park
8602,39.751418,-104.970386,city_park
8603,39.743861,-104.965035,city_park
8604,39.701302,-104.968352,downtown
8605,39.743678,-104.964993,city_park
8606,39.738313,-104.947366,city_park
8607,39.756348,-104.943944,city_park
8608,39.745159,-104.986048,downtown
8609,39.712149,-104.988151,wash_park
8610,39.861888,-104.670194,airport
8611,39.863394,-104.679195,airport
8612,39.742937,-104.939586,city_park
8613,39.761429,-104.97687,city_park
8614,39.735414,-105.009101,downtown
8615,39.750426,-104.979759,city_park
8616,39.769594,-104.85435,central_park
8617,39.74218,-105.02242,downtown
8618,39.844723,-104.69652,airport
8619,39.857392,-104.662385,airport
8620,39.863208,-104.686512,airport
8621,39.744608,-105.003164,downtown
8622,39.759098,-104.860585,central_park
8623,39.85739,-104.654358,airport
8624,39.719786,-104.976265,wash_park
8625,39.71249,-104.958925,wash_park
8626,39.686746,-104.951957,wash_park
8627,39.74472,-105.006954,downtown
8628,39.774246,-104.891926,central_park
8629,39.734365,-104.999153,downtown
8630,39.722916,-104.97139,downtown
8631,39.859206,-104.688325,airport
8632,39.710439,-104.961392,wash_park
8633,39.846626,-104.642813,airport
8634,39.697529,-104.967181,wash_park
8635,39.849168,-104.665643,airport
8636,39.726144,-104.974591,downtown
8637,39.743482,-104.992937,downtown
8638,39.740934,-105.004947,downtown
8639,39.780078,-104.891173,central_park
8640,39.744875,-104.993968,downtown
8641,39.770352,-104.891186,central_park
8642,39.745763,-105.00563,downtown
8643,39.730159,-104.997486,downtown
8644,39.76487,-104.88061,central_park
8645,39.740647,-104.999859,downtown
8646,39.756589,-104.949311,city_park
8647,39.743075,-104.989476,downtown
8648,39.856389,-104.664754,airport
8649,39.743414,-104.98831,downtown
8650,39.74252,-104.983162,downtown
8651,39.751993,-104.941532,city_park
8652,39.765949,-104.878894,central_park
8653,39.785,-104.880518,central_park
8654,39.766429,-104.896706,central_park
8655,39.722556,-104.995894,downtown
8656,39.747421,-104.966578,city_park
8657,39.739346,-104.970118,city_park
8658,39.717406,-104.975062,downtown
8659,39.760129,-104.951087,city_park
8660,39.70249,-104.967656,wash_park
8661,39.720861,-104.990439,downtown
8662,39.741993,-104.968069,downtown
8663,39.747389,-105.00477,downtown
8664,39.704554,-104.9573,wash_park
8665,39.735662,-104.992951,downtown
8666,39.736159,-105.008163,downtown
8667,39.735086,-105.001095,downtown
8668,39.776205,-104.899924,central_park
8669,39.769307,-104.904631,central_park
8670,39.856781,-104.667402,airport
8671,39.720628,-104.97023,wash_park
8672,39.853993,-104.679316,airport
8673,39.74756,-105.001916,downtown
8674,39.729185,-104.98123,downtown
8675,39.854664,-104.67331,airport
8676,39.745832,-104.983025,downtown
8677,39.727587,-105.000207,downtown
8678,39.761133,-104.936301,city_park
8679,39.771823,-104.884422,central_park
8680,39.724753,-104.981252,downtown
8681,39.693649,-104.974464,wash_park
8682,39.747761,-104.953283,city_park
8683,39.779035,-104.888808,central_park
8684,39.700106,-104.963591,wash_park
8685,39.743497,-104.937646,city_park
8686,39.864992,-104.667597,airport
8687,39.754681,-104.962033,city_park
8688,39.730766,-104.965424,downtown
8689,39.751089,-104.937005,city_park
8690,39.745085,-104.989136,downtown
8691,39.756573,-104.983946,downtown
8692,39.745545,-104.995073,downtown
8693,39.733391,-104.9777,downtown
8694,39.852614,-104.688635,airport
8695,39.742543,-104.968871,downtown
8696,39.761336,-104.880998,central_park
8697,39.757656,-104.969553,city_park
8698,39.732555,-104.978629,downtown
8699,39.779162,-104.891343,central_park
8700,39.752281,-105.000251,downtown
8701,39.747515,-104.983681,downtown
8702,39.749614,-104.938083,city_park
8703,39.852921,-104.665692,airport
8704,39.747065,-104.934874,city_park
8705,39.753493,-104.966519,city_park
8706,39.769249,-104.883329,central_park
8707,39.749417,-104.944505,city_park
8708,39.785239,-104.908179,central_park
8709,39.691365,-104.965251,wash_park
8710,39.712857,-104.984303,wash_park
8711,39.748616,-104.946407,city_park
8712,39.730055,-104.996346,downtown
8713,39.703608,-104.980676,wash_park
8714,39.677024,-104.969973,wash_park
8715,39.763156,-104.867402,central_park
8716,39.736818,-104.975763,downtown
8717,39.732499,-104.967274,downtown
8718,39.754183,-104.976897,city_park
8719,39.757877,-104.955684,city_park
8720,39.775848,-104.890902,central_park
8721,39.723081,-105.00333,downtown
8722,39.764115,-104.872818,central_park
8723,39.775862,-104.896723,central_park
8724,39.748179,-104.981667,downtown
8725,39.764067,-104.883244,central_park
8726,39.743906,-104.935833,city_park
8727,39.736377,-104.951543,city_park
8728,39.710733,-104.960315,wash_park
8729,39.85351,-104.663256,airport
8730,39.765354,-104.903312,central_park
8731,39.850115,-104.679555,airport
8732,39.846984,-104.675675,airport
8733,39.753377,-104.964775,city_park
8734,39.837609,-104.689287,airport
8735,39.770445,-104.897032,central_park
8736,39.746125,-104.981201,downtown
8737,39.764699,-104.950683,city_park
8738,39.737719,-104.950179,city_park
8739,39.839613,-104.669718,airport
8740,39.722053,-104.999204,downtown
8741,39.741111,-104.977006,downtown
8742,39.738716,-105.01053,downtown
8743,39.745966,-104.959444,city_park
8744,39.774241,-104.92075,central_park
8745,39.729364,-104.994457,downtown
8746,39.741926,-105.002121,downtown
8747,39.769034,-104.89097,central_park
8748,39.74093,-104.972194,downtown
8749,39.710265,-104.967864,wash_park
8750,39.86298,-104.677644,airport
8751,39.752284,-104.976415,city_park
8752,39.784978,-104.910494,central_park
8753,39.755701,-104.955879,city_park
8754,39.747951,-104.996322,downtown
8755,39.74543,-104.982286,downtown
8756,39.734498,-104.9419,city_park
8757,39.866111,-104.666039,airport
8758,39.738519,-104.993997,downtown
8759,39.710057,-104.977198,wash_park
8760,39.752264,-104.964586,city_park
8761,39.749703,-104.96576,city_park
8762,39.752931,-104.994327,downtown
8763,39.703608,-104.970214,wash_park
8764,39.734124,-104.981922,downtown
8765,39.742049,-105.000354,downtown
8766,39.745741,-104.864677,central_park
8767,39.760608,-104.868847,central_park
8768,39.763623,-104.977766,city_park
8769,39.849037,-104.683629,airport
8770,39.746731,-104.95817,city_park
8771,39.710794,-104.972213,wash_park
8772,39.749392,-104.984052,downtown
8773,39.794466,-104.86756,central_park
8774,39.748491,-104.896445,central_park
8775,39.788991,-104.891235,central_park
8776,39.845153,-104.677068,airport
8777,39.725655,-104.952301,city_park
8778,39.753204,-104.93448,city_park
8779,39.744948,-105.010893,downtown
8780,39.857905,-104.680789,airport
8781,39.690379,-104.967095,wash_park
8782,39.744712,-104.942964,city_park
8783,39.740004,-105.005263,downtown
8784,39.746054,-104.95457,city_park
8785,39.751027,-104.986529,downtown
8786,39.736928,-104.996576,downtown
8787,39.732406,-105.007943,downtown
8788,39.872123,-104.673262,airport
8789,39.740862,-104.927193,city_park
8790,39.737332,-104.976385,downtown
8791,39.741683,-104.993684,downtown
8792,39.771263,-104.872662,central_park
8793,39.765557,-104.867161,central_park
8794,39.698721,-104.96035,wash_park
8795,39.848503,-104.670567,airport
8796,39.707022,-104.950972,wash_park
8797,39.722532,-104.994712,downtown
8798,39.716411,-104.997846,downtown
8799,39.765297,-104.987658,downtown
8800,39.726461,-104.953929,city_park
8801,39.858711,-104.659186,airport
8802,39.840159,-104.664141,airport
8803,39.758365,-104.856553,central_park
8804,39.746846,-104.979948,downtown
8805,39.734474,-104.999707,downtown
8806,39.69695,-104.979182,wash_park
8807,39.743771,-104.988733,downtown
8808,39.733015,-104.969744,city_park
8809,39.757347,-104.942715,city_park
8810,39.745228,-104.956602,city_park
8811,39.714039,-104.954096,wash_park
8812,39.74915,-104.936299,city_park
8813,39.771676,-104.884678,central_park
8814,39.735213,-104.996668,downtown
8815,39.744805,-104.948997,city_park
8816,39.758145,-104.859192,central_park
8817,39.849978,-104.666067,airport
8818,39.732982,-104.986752,downtown
8819,39.848459,-104.670309,airport
8820,39.756671,-104.987732,downtown
8821,39.747021,-104.994269,downtown
8822,39.798183,-104.885984,central_park
8823,39.766968,-104.864136,central_park
8824,39.699904,-104.973505,wash_park
8825,39.729496,-104.998906,downtown
8826,39.74581,-104.962034,city_park
8827,39.881159,-104.682957,airport
8828,39.771472,-104.89371,central_park
8829,39.756334,-104.876496,central_park
8830,39.753692,-104.961265,city_park
8831,39.734366,-104.974412,downtown
8832,39.73207,-104.966203,downtown
8833,39.761819,-104.927044,city_park
8834,39.739023,-104.953401,city_park
8835,39.745921,-104.964978,city_park
8836,39.782156,-104.897888,central_park
8837,39.695149,-104.98021,wash_park
8838,39.708391,-104.942768,wash_park
8839,39.852819,-104.678503,airport
8840,39.764743,-104.978038,city_park
8841,39.853753,-104.688982,airport
8842,39.75339,-104.982828,downtown
8843,39.742829,-104.954132,city_park
8844,39.759734,-104.874662,central_park
8845,39.775093,-104.890392,central_park
8846,39.740674,-104.98774,downtown
8847,39.745324,-104.957321,city_park
8848,39.703413,-104.979295,wash_park
8849,39.726785,-104.974218,wash_park
8850,39.860536,-104.666534,airport
8851,39.780891,-104.876274,central_park
8852,39.687517,-104.953937,wash_park
8853,39.74784,-104.992962,downtown
8854,39.860954,-104.697655,airport
8855,39.850961,-104.674546,airport
8856,39.860829,-104.640853,airport
8857,39.864048,-104.674598,airport
8858,39.711761,-104.956556,wash_park
8859,39.869032,-104.700296,airport
8860,39.851496,-104.66252,airport
8861,39.741886,-104.974806,city_park
8862,39.713107,-104.964458,wash_park
8863,39.778534,-104.884091,central_park
8864,39.762045,-104.965288,city_park
8865,39.749863,-104.966975,city_park
8866,39.738148,-104.996852,downtown
8867,39.842197,-104.682154,airport
8868,39.838588,-104.664183,airport
8869,39.757494,-104.967977,city_park
8870,39.728145,-104.986138,downtown
8871,39.702594,-104.980096,wash_park
8872,39.877421,-104.664941,airport
8873,39.73929,-104.97816,downtown
8874,39.757689,-104.940278,city_park
8875,39.716841,-104.97826,downtown
8876,39.703561,-104.954486,wash_park
8877,39.85361,-104.665527,airport
8878,39.84923,-104.678751,airport
8879,39.771501,-104.902874,central_park
8880,39.77641,-104.902727,central_park
8881,39.724107,-104.986704,downtown
8882,39.7452,-104.968997,downtown
8883,39.710758,-104.965071,wash_park
8884,39.731197,-104.989173,downtown
8885,39.751296,-105.001106,downtown
8886,39.749647,-104.991425,downtown
8887,39.742807,-104.981291,downtown
8888,39.747689,-104.938001,city_park
8889,39.754711,-104.934329,city_park
8890,39.73968,-104.979239,downtown
8891,39.742022,-104.988638,downtown
8892,39.74223,-104.986326,downtown
8893,39.736752,-105.001366,downtown
8894,39.736521,-104.958017,city_park
8895,39.712579,-104.972579,wash_park
8896,39.777933,-104.882776,central_park
8897,39.778698,-104.901385,central_park
8898,39.769489,-104.882134,central_park
8899,39.866272,-104.655427,airport
8900,39.777427,-104.878576,central_park
8901,39.716255,-104.966928,wash_park
8902,39.73148,-104.966957,city_park
8903,39.702747,-104.994858,wash_park
8904,39.762871,-104.868947,central_park
8905,39.695614,-104.941584,wash_park
8906,39.786162,-104.887691,central_park
8907,39.784321,-104.873254,central_park
8908,39.767913,-104.872072,central_park
8909,39.748879,-104.995604,downtown
8910,39.752865,-104.994643,downtown
8911,39.7379,-104.981417,downtown
8912,39.690016,-104.961619,wash_park
8913,39.748125,-105.004645,downtown
8914,39.760881,-104.906119,central_park
8915,39.705418,-104.96365,wash_park
8916,39.783199,-104.884937,central_park
8917,39.744784,-104.98851,downtown
8918,39.730081,-104.994823,downtown
8919,39.699837,-104.980886,wash_park
8920,39.75413,-104.96215,city_park
8921,39.85241,-104.685469,airport
8922,39.755973,-104.885647,central_park
8923,39.85923,-104.67062,airport
8924,39.73964,-105.009787,downtown
8925,39.70353,-104.986146,wash_park
8926,39.736254,-104.956194,city_park
8927,39.736879,-104.992165,downtown
8928,39.716597,-104.980679,wash_park
8929,39.748529,-104.940413,city_park
8930,39.732336,-104.955976,city_park
8931,39.720655,-104.95831,wash_park
8932,39.736185,-104.947259,city_park
8933,39.76228,-104.897689,central_park
8934,39.764848,-104.955857,city_park
8935,39.754097,-104.943422,city_park
8936,39.772347,-104.952787,city_park
8937,39.70533,-104.969404,wash_park
8938,39.841995,-104.679671,airport
8939,39.771047,-104.878274,central_park
8940,39.741746,-104.978154,downtown
8941,39.723162,-104.992213,downtown
8942,39.717147,-104.967335,wash_park
8943,39.730428,-104.982687,downtown
8944,39.773351,-104.90086,central_park
8945,39.762614,-104.872561,central_park
8946,39.736522,-104.975509,downtown
8947,39.754035,-104.960862,city_park
8948,39.725935,-104.96632,city_park
8949,39.737645,-104.956183,city_park
8950,39.754146,-104.963015,city_park
8951,39.756473,-104.947517,city_park
8952,39.762265,-104.949976,city_park
8953,39.707941,-104.977377,wash_park
8954,39.74307,-104.992625,downtown
8955,39.731637,-104.999469,downtown
8956,39.865753,-104.658462,airport
8957,39.714125,-104.995894,downtown
8958,39.748367,-104.963314,city_park
8959,39.701696,-104.983183,wash_park
8960,39.737174,-104.995224,downtown
8961,39.743519,-104.957021,city_park
8962,39.70755,-104.974844,wash_park
8963,39.733466,-104.989452,downtown
8964,39.781666,-104.871079,central_park
8965,39.72615,-104.97463,downtown
8966,39.742612,-104.989684,downtown
8967,39.737068,-104.991921,downtown
8968,39.769718,-104.90245,central_park
8969,39.849599,-104.676265,airport
8970,39.695983,-104.962289,wash_park
8971,39.739468,-104.953596,city_park
8972,39.740685,-104.982433,downtown
8973,39.702552,-104.955631,wash_park
8974,39.707294,-104.968921,wash_park
8975,39.740174,-104.983375,downtown
8976,39.766129,-105.003843,downtown
8977,39.755961,-104.956596,city_park
8978,39.724755,-104.96773,city_park
8979,39.758308,-104.955749,city_park
8980,39.736318,-104.956058,city_park
8981,39.750248,-104.980697,downtown
8982,39.751552,-104.949486,city_park
8983,39.702711,-104.972993,wash_park
8984,39.739206,-104.983976,downtown
8985,39.770278,-104.87373,central_park
8986,39.686479,-104.963026,wash_park
8987,39.774122,-104.880544,central_park
8988,39.745255,-104.956398,city_park
8989,39.75647,-105.001185,downtown
8990,39.752598,-105.009231,downtown
8991,39.748399,-104.985152,downtown
8992,39.734436,-104.991855,downtown
8993,39.729032,-104.996919,downtown
8994,39.857641,-104.687419,airport
8995,39.84762,-104.679606,airport
8996,39.743974,-104.987014,downtown
8997,39.742395,-104.94137,city_park
8998,39.710321,-104.977942,wash_park
8999,39.750206,-104.973329,downtown
9000,39.732051,-104.993408,downtown
9001,39.73545,-104.942994,city_park
9002,39.728389,-104.987098,downtown
9003,39.762327,-104.982885,downtown
9004,39.720292,-104.989179,wash_park
9005,39.747869,-104.975499,downtown
9006,39.86466,-104.698644,airport
9007,39.699006,-104.975528,wash_park
9008,39.860319,-104.673496,airport
9009,39.755168,-104.999217,downtown
9010,39.757462,-104.893197,central_park
9011,39.712129,-104.989912,wash_park
9012,39.854111,-104.696829,airport
9013,39.740595,-104.968579,city_park
9014,39.770977,-104.897175,central_park
9015,39.857499,-104.683478,airport
9016,39.773247,-104.880231,central_park
9017,39.739625,-105.004741,downtown
9018,39.75152,-105.008667,downtown
9019,39.846834,-104.646641,airport
9020,39.752582,-104.980677,downtown
9021,39.732085,-105.000131,downtown
9022,39.864744,-104.673555,airport
9023,39.738864,-104.98982,downtown
9024,39.709771,-104.990988,wash_park
9025,39.764482,-104.882089,central_park
9026,39.698315,-104.967874,wash_park
9027,39.753615,-104.976957,downtown
9028,39.754736,-104.960099,city_park
9029,39.753428,-104.957282,city_park
9030,39.752586,-104.992667,downtown
9031,39.697419,-104.967357,wash_park
9032,39.753958,-105.012305,downtown
9033,39.72949,-105.001001,downtown
9034,39.771649,-104.885164,central_park
9035,39.772591,-104.879305,central_park
9036,39.738689,-105.034528,downtown
9037,39.744734,-104.974734,downtown
9038,39.789591,-104.875222,central_park
9039,39.747529,-104.972693,downtown
9040,39.748375,-104.950611,city_park
9041,39.867217,-104.669781,airport
9042,39.773318,-104.866775,central_park
9043,39.75138,-104.987819,downtown
9044,39.742947,-104.944336,city_park
9045,39.734803,-104.979463,downtown
9046,39.747144,-104.950852,city_park
9047,39.757624,-104.958706,city_park
9048,39.863076,-104.681882,airport
9049,39.845646,-104.681,airport
9050,39.739145,-104.985751,downtown
9051,39.733189,-105.000181,downtown
9052,39.76169,-104.9923,downtown
9053,39.731591,-104.951056,city_park
9054,39.76418,-104.961351,city_park
9055,39.726232,-104.988381,downtown
9056,39.741385,-104.982677,downtown
9057,39.784421,-104.881616,central_park
9058,39.747305,-104.998879,downtown
9059,39.857155,-104.696336,airport
9060,39.772117,-104.882416,central_park
9061,39.771556,-104.875057,central_park
9062,39.775828,-104.895059,central_park
9063,39.8493,-104.67092,airport
9064,39.734736,-104.998977,downtown
9065,39.843125,-104.663424,airport
9066,39.745904,-104.993478,downtown
9067,39.757529,-104.882736,central_park
9068,39.703633,-104.981222,wash_park
9069,39.784503,-104.899146,central_park
9070,39.734682,-105.005279,downtown
9071,39.719616,-105.01425,downtown
9072,39.735531,-104.986463,downtown
9073,39.686315,-104.966826,wash_park
9074,39.74618,-104.990592,downtown
9075,39.85262,-104.661732,airport
9076,39.770812,-104.871113,central_park
9077,39.710962,-104.973416,wash_park
9078,39.696389,-104.974103,wash_park
9079,39.76458,-104.979731,city_park
9080,39.724741,-105.006952,downtown
9081,39.847721,-104.665169,airport
9082,39.729949,-105.025435,downtown
9083,39.771516,-104.877054,central_park
9084,39.741317,-105.016979,downtown
9085,39.757795,-104.959893,city_park
9086,39.743695,-104.957016,city_park
9087,39.777544,-104.896924,central_park
9088,39.742928,-104.994457,downtown
9089,39.754481,-104.987455,downtown
9090,39.838334,-104.691875,airport
9091,39.747309,-104.944853,city_park
9092,39.72634,-105.000441,downtown
9093,39.754727,-104.949008,city_park
9094,39.766745,-104.894006,central_park
9095,39.748699,-105.001853,downtown
9096,39.733199,-105.001874,downtown
9097,39.71514,-104.96127,wash_park
9098,39.760675,-104.959547,city_park
9099,39.733236,-104.97561,downtown
9100,39.774569,-104.884111,central_park
9101,39.76995,-104.88245,central_park
9102,39.761284,-104.975686,downtown
9103,39.696727,-104.987335,wash_park
9104,39.737385,-104.986136,downtown
9105,39.73358,-104.994313,downtown
9106,39.738943,-104.969689,downtown
9107,39.850644,-104.674289,airport
9108,39.739569,-104.986608,downtown
9109,39.690449,-104.971318,wash_park
9110,39.748181,-105.004431,downtown
9111,39.745092,-104.956722,city_park
9112,39.877132,-104.681881,airport
9113,39.711858,-104.980933,wash_park
9114,39.74276,-104.99224,downtown
9115,39.738798,-104.984121,downtown
9116,39.866617,-104.678339,airport
9117,39.84895,-104.682625,airport
9118,39.766816,-104.877045,central_park
9119,39.74391,-104.958852,city_park
9120,39.751765,-104.991124,downtown
9121,39.779367,-104.883907,central_park
9122,39.737765,-105.002259,downtown
9123,39.735615,-104.989776,downtown
9124,39.863121,-104.675048,airport
9125,39.742087,-104.981616,downtown
9126,39.7297,-105.002107,downtown
9127,39.75623,-104.930385,city_park
9128,39.873848,-104.664306,airport
9129,39.755443,-104.954158,city_park
9130,39.735889,-104.9924,downtown
9131,39.856963,-104.666219,airport
9132,39.742151,-105.004693,downtown
9133,39.765793,-104.894136,central_park
9134,39.755856,-104.947996,city_park
9135,39.84857,-104.671446,airport
9136,39.687389,-104.979569,wash_park
9137,39.741685,-104.983227,downtown
9138,39.856663,-104.682949,airport
9139,39.851568,-104.643567,airport
9140,39.7048,-104.982706,wash_park
9141,39.693516,-104.973735,wash_park
9142,39.77543,-104.888147,central_park
9143,39.705528,-104.966358,wash_park
9144,39.72963,-104.999208,downtown
9145,39.734981,-104.99029,downtown
9146,39.735251,-105.005696,downtown
9147,39.850209,-104.693051,airport
9148,39.770582,-104.891877,central_park
9149,39.734402,-104.952825,city_park
9150,39.736387,-104.986022,downtown
9151,39.737398,-104.999496,downtown
9152,39.748557,-104.947746,city_park
9153,39.767703,-104.975498,city_park
9154,39.753557,-104.954051,city_park
9155,39.735601,-104.976088,downtown
9156,39.732597,-104.997977,downtown
9157,39.845536,-104.67945,airport
9158,39.700277,-105.001296,wash_park
9159,39.71132,-104.948698,wash_park
9160,39.777741,-104.893353,central_park
9161,39.725995,-104.997078,downtown
9162,39.737706,-104.999638,downtown
9163,39.75299,-104.983214,downtown
9164,39.783241,-104.888037,central_park
9165,39.733617,-104.991478,downtown
9166,39.758763,-104.958503,city_park
9167,39.755585,-104.948084,city_park
9168,39.855369,-104.680741,airport
9169,39.742803,-105.004682,downtown
9170,39.750457,-104.955832,city_park
9171,39.768396,-104.899975,central_park
9172,39.738954,-104.973208,downtown
9173,39.714241,-104.983869,downtown
9174,39.707299,-104.964886,wash_park
9175,39.767534,-104.8983,central_park
9176,39.744294,-104.978884,downtown
9177,39.721843,-104.972348,wash_park
9178,39.735487,-104.984081,downtown
9179,39.761846,-104.954312,city_park
9180,39.699827,-104.972035,wash_park
9181,39.749818,-104.958992,city_park
9182,39.863472,-104.659728,airport
9183,39.758742,-104.965936,city_park
9184,39.748143,-104.974071,downtown
9185,39.731715,-104.974441,downtown
9186,39.759244,-104.996962,downtown
9187,39.745587,-104.983558,downtown
9188,39.747804,-104.9487,city_park
9189,39.755127,-104.938745,city_park
9190,39.710227,-104.970712,downtown
9191,39.739364,-104.986953,downtown
9192,39.704261,-104.970163,wash_park
9193,39.765172,-104.900917,central_park
9194,39.768264,-104.891125,central_park
9195,39.752572,-104.969692,city_park
9196,39.773107,-104.89159,central_park
9197,39.785907,-104.881917,central_park
9198,39.770719,-104.89321,central_park
9199,39.756522,-104.962445,city_park
9200,39.732952,-104.961908,city_park
9201,39.739358,-104.966585,downtown
9202,39.737843,-104.981286,downtown
9203,39.764275,-104.876786,central_park
9204,39.736768,-104.989634,downtown
9205,39.743936,-104.936079,city_park
9206,39.86918,-104.662319,airport
9207,39.734567,-104.986634,downtown
9208,39.775445,-104.891415,central_park
9209,39.742282,-104.986382,downtown
9210,39.747208,-104.952908,city_park
9211,39.860868,-104.689268,airport
9212,39.758519,-104.875178,central_park
9213,39.718693,-104.954142,wash_park
9214,39.694231,-104.95666,wash_park
9215,39.867994,-104.657884,airport
9216,39.867395,-104.669484,airport
9217,39.762377,-104.956729,city_park
9218,39.85822,-104.646766,airport
9219,39.723721,-104.976581,wash_park
9220,39.745387,-104.990531,downtown
9221,39.743765,-104.996106,downtown
9222,39.748577,-104.960071,city_park
9223,39.775531,-104.906817,central_park
9224,39.731753,-105.011247,downtown
9225,39.744397,-104.969583,city_park
9226,39.743216,-104.989051,downtown
9227,39.746096,-104.955459,city_park
9228,39.738435,-104.959393,downtown
9229,39.687525,-104.9745,wash_park
9230,39.739854,-105.003817,downtown
9231,39.688701,-104.96106,wash_park
9232,39.697144,-104.94597,wash_park
9233,39.746243,-104.990744,downtown
9234,39.765234,-104.868774,central_park
9235,39.737582,-105.006345,downtown
9236,39.731039,-104.97137,downtown
9237,39.845939,-104.669132,airport
9238,39.860373,-104.674264,airport
9239,39.862728,-104.709017,airport
9240,39.707603,-104.951415,wash_park
9241,39.678862,-104.963553,wash_park
9242,39.747988,-104.934516,city_park
9243,39.864556,-104.667459,airport
9244,39.76727,-104.958083,city_park
9245,39.752597,-104.896319,central_park
9246,39.740039,-105.014903,downtown
9247,39.862271,-104.675391,airport
9248,39.709724,-104.952008,wash_park
9249,39.855212,-104.672647,airport
9250,39.746514,-104.942349,city_park
9251,39.713154,-104.959593,wash_park
9252,39.842309,-104.675392,airport
9253,39.730501,-105.015218,downtown
9254,39.752638,-105.001633,downtown
9255,39.703409,-104.985522,wash_park
9256,39.684427,-104.966749,wash_park
9257,39.708298,-104.965959,wash_park
9258,39.767769,-104.874417,central_park
9259,39.74322,-105.013128,downtown
9260,39.731824,-105.008155,downtown
9261,39.763293,-104.907241,central_park
9262,39.729679,-104.977421,downtown
9263,39.780182,-104.896032,central_park
9264,39.761612,-104.942344,city_park
9265,39.740444,-104.974665,downtown
9266,39.748722,-104.936092,city_park
9267,39.773402,-104.884942,central_park
9268,39.727406,-104.998959,downtown
9269,39.786512,-104.908249,central_park
9270,39.853748,-104.664463,airport
9271,39.75991,-104.965294,city_park
9272,39.770728,-104.879601,central_park
9273,39.759899,-104.880285,central_park
9274,39.70479,-104.976469,wash_park
9275,39.863424,-104.678092,airport
9276,39.741395,-105.012749,downtown
9277,39.780209,-104.877433,central_park
9278,39.771722,-104.894043,central_park
9279,39.862097,-104.67768,airport
9280,39.849384,-104.658907,airport
9281,39.701959,-104.971653,wash_park
9282,39.701289,-104.984992,wash_park
9283,39.739321,-104.955411,city_park
9284,39.750524,-104.937342,city_park
9285,39.7302,-105.008824,downtown
9286,39.730685,-104.98881,downtown
9287,39.720014,-104.971022,wash_park
9288,39.754606,-104.95729,city_park
9289,39.769882,-104.889449,central_park
9290,39.831558,-104.667305,airport
9291,39.751724,-104.998414,downtown
9292,39.731338,-105.00468,downtown
9293,39.732197,-104.990715,downtown
9294,39.860044,-104.667303,airport
9295,39.704279,-104.968208,wash_park
9296,39.761312,-104.876337,central_park
9297,39.747826,-104.993382,downtown
9298,39.70402,-104.97847,wash_park
9299,39.72739,-104.976539,wash_park
9300,39.850949,-104.668754,airport
9301,39.742202,-104.938515,city_park
9302,39.74945,-104.978911,downtown
9303,39.736445,-104.992524,downtown
9304,39.744679,-104.983476,downtown
9305,39.743374,-104.934465,city_park
9306,39.746499,-104.988436,downtown
9307,39.737584,-104.941375,city_park
9308,39.799861,-104.87615,central_park
9309,39.729642,-104.983129,downtown
9310,39.731713,-104.98522,downtown
9311,39.775935,-104.899894,central_park
9312,39.706477,-104.975549,wash_park
9313,39.732013,-104.993163,downtown
9314,39.867928,-104.664281,airport
9315,39.746065,-104.975934,city_park
9316,39.700134,-104.958526,wash_park
9317,39.753054,-104.95906,city_park
9318,39.75354,-104.992647,downtown
9319,39.849682,-104.682145,airport
9320,39.725731,-104.981315,downtown
9321,39.746899,-104.990046,downtown
9322,39.751425,-104.96514,city_park
9323,39.74639,-104.981555,downtown
9324,39.694392,-104.963883,wash_park
9325,39.730538,-104.960231,city_park
9326,39.741165,-104.998696,downtown
9327,39.714501,-104.971476,downtown
9328,39.849799,-104.679237,airport
9329,39.71681,-104.966798,wash_park
9330,39.86068,-104.684519,airport
9331,39.738151,-104.973803,city_park
9332,39.759538,-104.996584,downtown
9333,39.862252,-104.657003,airport
9334,39.730291,-104.994865,downtown
9335,39.74384,-104.989477,downtown
9336,39.71897,-104.966017,wash_park
9337,39.788307,-104.882147,central_park
9338,39.769816,-104.891649,central_park
9339,39.733288,-104.994437,downtown
9340,39.749678,-104.987641,downtown
9341,39.750548,-104.949933,city_park
9342,39.75214,-104.982525,downtown
9343,39.856669,-104.695837,airport
9344,39.843477,-104.690924,airport
9345,39.717329,-104.947461,wash_park
9346,39.701224,-104.97372,wash_park
9347,39.774337,-104.871447,central_park
9348,39.741768,-104.992003,downtown
9349,39.719846,-104.999365,downtown
9350,39.741758,-104.965639,city_park
9351,39.736002,-104.98916,downtown
9352,39.728385,-104.995406,downtown
9353,39.761537,-104.968587,city_park
9354,39.775774,-104.886743,central_park
9355,39.747168,-104.975486,downtown
9356,39.704961,-104.972743,wash_park
9357,39.749659,-104.99055,downtown
9358,39.86394,-104.670445,airport
9359,39.737666,-104.94809,city_park
9360,39.738734,-104.999819,downtown
9361,39.753819,-104.965325,city_park
9362,39.866568,-104.672157,airport
9363,39.704443,-104.963052,wash_park
9364,39.889206,-104.696587,airport
9365,39.728542,-104.987105,downtown
9366,39.747955,-104.940977,city_park
9367,39.771763,-104.872078,central_park
9368,39.702491,-104.979088,wash_park
9369,39.722262,-104.986171,downtown
9370,39.73413,-104.98762,downtown
9371,39.845103,-104.67371,airport
9372,39.766933,-104.886975,central_park
9373,39.749529,-104.961233,city_park
9374,39.711124,-104.960324,wash_park
9375,39.700563,-104.989436,wash_park
9376,39.738727,-104.990065,downtown
9377,39.724814,-104.989507,downtown
9378,39.782181,-104.882535,central_park
9379,39.703594,-104.970464,wash_park
9380,39.729716,-105.01903,downtown
9381,39.744131,-104.942258,city_park
9382,39.779975,-104.899511,central_park
9383,39.733549,-104.994176,downtown
9384,39.746965,-104.972237,downtown
9385,39.73033,-104.994257,downtown
9386,39.768776,-104.893408,central_park
9387,39.706093,-104.974877,wash_park
9388,39.868718,-104.675893,airport
9389,39.749886,-104.988703,downtown
9390,39.772857,-104.884606,central_park
9391,39.746351,-104.966974,city_park
9392,39.777384,-104.880584,central_park
9393,39.738469,-104.970508,city_park
9394,39.740811,-104.993979,downtown
9395,39.727984,-104.983405,downtown
9396,39.738861,-104.950867,city_park
9397,39.851119,-104.681725,airport
9398,39.764754,-104.97954,downtown
9399,39.750837,-104.997264,downtown
9400,39.737754,-104.993774,downtown
9401,39.730283,-104.994173,downtown
9402,39.70813,-104.969721,wash_park
9403,39.736448,-104.977114,downtown
9404,39.862642,-104.677376,airport
9405,39.857962,-104.669271,airport
9406,39.78261,-104.862208,central_park
9407,39.762591,-104.966985,city_park
9408,39.739074,-104.969439,city_park
9409,39.861849,-104.682029,airport
9410,39.73205,-104.996464,downtown
9411,39.789058,-104.886531,central_park
9412,39.739784,-105.001348,downtown
9413,39.741972,-104.969932,city_park
9414,39.702065,-104.976308,wash_park
9415,39.735159,-104.98698,downtown
9416,39.707005,-104.960328,wash_park
9417,39.776983,-104.907781,central_park
9418,39.74437,-104.994923,downtown
9419,39.750664,-104.971214,city_park
9420,39.72934,-104.985968,downtown
9421,39.704089,-104.990589,wash_park
9422,39.844421,-104.668881,airport
9423,39.718843,-104.981988,wash_park
9424,39.73019,-104.992376,downtown
9425,39.708965,-104.982396,wash_park
9426,39.865199,-104.670422,airport
9427,39.737209,-105.004562,downtown
9428,39.737229,-104.973952,downtown
9429,39.752439,-104.933444,city_park
9430,39.732574,-104.984582,downtown
9431,39.734473,-104.983034,downtown
9432,39.72715,-104.996551,downtown
9433,39.751974,-104.944412,city_park
9434,39.745795,-104.98005,downtown
9435,39.860179,-104.670275,airport
9436,39.870664,-104.667189,airport
9437,39.746656,-104.959307,city_park
9438,39.739115,-104.948267,city_park
9439,39.717015,-104.968098,city_park
9440,39.74024,-104.98318,downtown
9441,39.74398,-105.001257,downtown
9442,39.752636,-104.933532,city_park
9443,39.743039,-104.971358,city_park
9444,39.856869,-104.674946,airport
9445,39.709236,-104.974496,wash_park
9446,39.77165,-104.873985,central_park
9447,39.749295,-104.884184,central_park
9448,39.744196,-104.998384,downtown
9449,39.710317,-104.982996,wash_park
9450,39.754874,-104.882903,central_park
9451,39.771408,-104.891483,central_park
9452,39.739644,-105.000052,downtown
9453,39.771953,-104.865624,central_park
9454,39.738863,-104.989179,downtown
9455,39.739345,-104.977066,downtown
9456,39.735147,-105.016751,downtown
9457,39.876603,-104.675766,airport
9458,39.729192,-104.984628,downtown
9459,39.73026,-104.959806,city_park
9460,39.750868,-104.972468,downtown
9461,39.716646,-104.98075,downtown
9462,39.758575,-104.96203,city_park
9463,39.845539,-104.681707,airport
9464,39.739811,-104.953166,city_park
9465,39.73865,-104.977157,downtown
9466,39.746513,-104.986219,downtown
9467,39.714112,-105.015326,downtown
9468,39.691611,-104.978997,wash_park
9469,39.761495,-104.991188,downtown
9470,39.866491,-104.676689,airport
9471,39.840822,-104.641731,airport
9472,39.765868,-104.889468,central_park
9473,39.770163,-104.885282,central_park
9474,39.734244,-104.957792,downtown
9475,39.735435,-104.974603,downtown
9476,39.750211,-104.965807,city_park
9477,39.760588,-105.012336,downtown
9478,39.749778,-104.96113,city_park
9479,39.756925,-105.001717,downtown
9480,39.749653,-104.995094,downtown
9481,39.852206,-104.665832,airport
9482,39.736269,-104.98232,downtown
9483,39.751589,-104.950337,city_park
9484,39.853789,-104.665073,airport
9485,39.725257,-104.983674,downtown
9486,39.718575,-104.97983,wash_park
9487,39.781923,-104.879902,central_park
9488,39.85374,-104.660753,airport
9489,39.755172,-104.87329,central_park
9490,39.716067,-104.95968,wash_park
9491,39.735504,-105.003533,downtown
9492,39.694174,-104.974918,wash_park
9493,39.714584,-104.966463,wash_park
9494,39.736443,-104.999855,downtown
9495,39.844121,-104.674664,airport
9496,39.742615,-104.94652,city_park
9497,39.725221,-104.956679,wash_park
9498,39.748424,-105.004661,downtown
9499,39.754294,-104.968542,downtown
9500,39.760166,-104.887183,central_park
9501,39.77001,-104.947952,city_park
9502,39.697477,-104.977804,wash_park
9503,39.759175,-104.89752,central_park
9504,39.73337,-104.990366,downtown
9505,39.848054,-104.675707,airport
9506,39.771075,-104.881811,central_park
9507,39.741987,-104.972634,downtown
9508,39.685555,-104.976053,wash_park
9509,39.752441,-104.974397,city_park
9510,39.738609,-105.017127,downtown
9511,39.730262,-104.985464,downtown
9512,39.743304,-104.934641,city_park
9513,39.772419,-104.900062,central_park
9514,39.753841,-104.996657,downtown
9515,39.707178,-104.963839,wash_park
9516,39.746243,-104.952988,city_park
9517,39.771132,-104.988784,downtown
9518,39.730509,-104.963469,city_park
9519,39.762454,-104.945466,city_park
9520,39.744375,-104.962445,city_park
9521,39.733215,-104.998734,downtown
9522,39.773559,-104.914962,central_park
9523,39.695918,-104.968647,wash_park
9524,39.753092,-104.938711,city_park
9525,39.779032,-104.895596,central_park
9526,39.856464,-104.677748,airport
9527,39.734186,-104.980774,downtown
9528,39.860811,-104.64567,airport
9529,39.707609,-104.953229,wash_park
9530,39.709416,-104.96033,wash_park
9531,39.751631,-104.876542,central_park
9532,39.743176,-104.982435,downtown
9533,39.713819,-104.971953,wash_park
9534,39.749375,-104.998239,downtown
9535,39.70282,-104.978112,wash_park
9536,39.834963,-104.665435,airport
9537,39.752555,-104.953645,city_park
9538,39.760213,-104.957694,city_park
9539,39.76408,-104.872738,central_park
9540,39.862744,-104.682833,airport
9541,39.857171,-104.661819,airport
9542,39.711861,-104.978363,wash_park
9543,39.747074,-104.99248,downtown
9544,39.869359,-104.685603,airport
9545,39.747833,-104.963176,city_park
9546,39.702271,-104.973217,wash_park
9547,39.853269,-104.657763,airport
9548,39.73307,-104.951024,city_park
9549,39.733536,-105.000897,downtown
9550,39.735768,-104.998693,downtown
9551,39.747285,-105.005524,downtown
9552,39.743508,-104.982193,downtown
9553,39.760583,-104.952703,city_park
9554,39.744092,-104.988012,downtown
9555,39.708839,-104.940449,wash_park
9556,39.861014,-104.672616,airport
9557,39.700631,-104.97015,wash_park
9558,39.709406,-104.96329,wash_park
9559,39.744849,-104.956221,city_park
9560,39.738542,-104.897709,central_park
9561,39.728027,-105.016074,downtown
9562,39.750176,-104.941997,city_park
9563,39.70828,-104.95845,wash_park
9564,39.732016,-105.000189,downtown
9565,39.739608,-104.994875,downtown
9566,39.729164,-104.979129,downtown
9567,39.84566,-104.660034,airport
9568,39.863585,-104.680402,airport
9569,39.735496,-104.961871,city_park
9570,39.733796,-104.936349,city_park
9571,39.730112,-105.005025,downtown
9572,39.734967,-104.961553,city_park
9573,39.745037,-104.94414,city_park
9574,39.783921,-104.906643,central_park
9575,39.839145,-104.693859,airport
9576,39.869422,-104.656464,airport
9577,39.786934,-104.863124,central_park
9578,39.786068,-104.897758,central_park
9579,39.838832,-104.673781,airport
9580,39.736558,-104.994671,downtown
9581,39.734797,-104.995867,downtown
9582,39.748927,-104.997948,downtown
9583,39.703508,-104.966175,wash_park
9584,39.742831,-105.007499,downtown
9585,39.737482,-104.943973,city_park
9586,39.742728,-104.976544,downtown
9587,39.72048,-104.94711,wash_park
9588,39.737185,-105.008333,downtown
9589,39.738474,-104.995486,downtown
9590,39.759688,-104.991534,downtown
9591,39.738689,-104.997668,downtown
9592,39.740246,-104.998962,downtown
9593,39.85668,-104.676137,airport
9594,39.746317,-104.973267,downtown
9595,39.712707,-104.976615,wash_park
9596,39.71082,-104.958229,wash_park
9597,39.724939,-104.998115,downtown
9598,39.744814,-105.005272,downtown
9599,39.753608,-104.970364,downtown
9600,39.744021,-104.981917,downtown
9601,39.726524,-104.995635,downtown
9602,39.773838,-104.892944,central_park
9603,39.765999,-104.997864,downtown
9604,39.72964,-104.990469,downtown
9605,39.742993,-104.970325,downtown
9606,39.848561,-104.697374,airport
9607,39.742463,-104.951127,city_park
9608,39.741297,-104.995701,downtown
9609,39.745134,-104.98913,downtown
9610,39.736945,-104.997937,downtown
9611,39.739921,-104.985091,downtown
9612,39.855199,-104.670716,airport
9613,39.859174,-104.674878,airport
9614,39.744244,-104.95581,city_park
9615,39.732491,-104.943542,city_park
9616,39.748866,-104.97981,downtown
9617,39.857942,-104.676088,airport
9618,39.736078,-104.997187,downtown
9619,39.730943,-104.963341,city_park
9620,39.733839,-104.987858,downtown
9621,39.715284,-104.981444,wash_park
9622,39.774952,-104.956688,city_park
9623,39.703734,-104.974283,wash_park
9624,39.762556,-104.953753,city_park
9625,39.85969,-104.676752,airport
9626,39.722251,-104.99109,downtown
9627,39.73053,-104.968566,downtown
9628,39.736165,-105.010917,downtown
9629,39.74495,-104.996204,downtown
9630,39.771689,-104.873548,central_park
9631,39.731515,-104.9899,downtown
9632,39.74915,-104.965951,city_park
9633,39.695775,-104.969717,wash_park
9634,39.69255,-104.951497,wash_park
9635,39.750796,-104.932829,city_park
9636,39.707553,-104.958379,wash_park
9637,39.69171,-104.995892,wash_park
9638,39.760875,-104.946903,city_park
9639,39.771893,-104.905535,central_park
9640,39.752044,-105.003245,downtown
9641,39.796915,-104.89039,central_park
9642,39.696255,-104.975209,wash_park
9643,39.714372,-104.965512,wash_park
9644,39.761374,-104.953619,city_park
9645,39.756287,-105.002601,downtown
9646,39.761621,-104.875161,central_park
9647,39.783614,-104.869499,central_park
9648,39.736834,-104.989594,downtown
9649,39.734102,-105.003556,downtown
9650,39.750736,-104.98798,downtown
9651,39.772019,-104.881258,central_park
9652,39.748015,-104.946624,city_park
9653,39.755606,-104.986465,downtown
9654,39.727852,-104.993301,downtown
9655,39.734068,-105.007696,downtown
9656,39.845714,-104.685862,airport
9657,39.730932,-104.973536,downtown
9658,39.699468,-104.969703,wash_park
9659,39.766827,-104.871644,central_park
9660,39.851144,-104.687659,airport
9661,39.737871,-104.979956,downtown
9662,39.776595,-104.865044,central_park
9663,39.789249,-104.890864,central_park
9664,39.783084,-104.892051,central_park
9665,39.739266,-105.002991,downtown
9666,39.75859,-104.963191,city_park
9667,39.737771,-104.945648,city_park
9668,39.860633,-104.666654,airport
9669,39.738827,-104.98152,downtown
9670,39.733527,-104.982489,downtown
9671,39.751698,-104.968786,city_park
9672,39.712374,-104.973266,wash_park
9673,39.743706,-104.954711,city_park
9674,39.740725,-104.977158,downtown
9675,39.744486,-104.97899,downtown
9676,39.754793,-104.947167,city_park
9677,39.734367,-104.99077,downtown
9678,39.704922,-104.965117,wash_park
9679,39.732933,-104.960136,city_park
9680,39.69887,-104.994205,wash_park
9681,39.734333,-104.991761,downtown
9682,39.756413,-105.002093,downtown
9683,39.783201,-104.878342,central_park
9684,39.73918,-104.992839,downtown
9685,39.731654,-104.975989,downtown
9686,39.743432,-104.947518,city_park
9687,39.697471,-104.970044,wash_park
9688,39.747329,-104.931668,city_park
9689,39.709102,-104.977183,wash_park
9690,39.766091,-104.956552,city_park
9691,39.749977,-105.002866,downtown
9692,39.84382,-104.639507,airport
9693,39.698743,-104.960216,wash_park
9694,39.779223,-104.95291,city_park
9695,39.793318,-104.868542,central_park
9696,39.863699,-104.663,airport
9697,39.741438,-104.975955,downtown
9698,39.697243,-104.96832,wash_park
9699,39.755237,-104.976505,downtown
9700,39.753411,-104.876756,central_park
9701,39.74135,-104.998623,downtown
9702,39.748759,-104.958946,city_park
9703,39.863495,-104.688134,airport
9704,39.740832,-104.997927,downtown
9705,39.736443,-105.005614,downtown
9706,39.756252,-104.960548,city_park
9707,39.757333,-104.949761,city_park
9708,39.854826,-104.64845,airport
9709,39.712963,-104.968838,wash_park
9710,39.747906,-104.945439,city_park
9711,39.790269,-104.890303,central_park
9712,39.73697,-104.997188,downtown
9713,39.73373,-104.963112,city_park
9714,39.859769,-104.678033,airport
9715,39.697213,-104.976258,wash_park
9716,39.739123,-105.002979,downtown
9717,39.741916,-104.986451,downtown
9718,39.69868,-104.991793,wash_park
9719,39.849617,-104.663503,airport
9720,39.748611,-104.953695,city_park
9721,39.719345,-104.97619,downtown
9722,39.784635,-104.897369,central_park
9723,39.745961,-104.990666,downtown
9724,39.723876,-105.000403,downtown
9725,39.853423,-104.666751,airport
9726,39.746788,-104.982011,downtown
9727,39.740022,-104.983227,downtown
9728,39.737684,-105.006578,downtown
9729,39.699138,-104.986789,wash_park
9730,39.74055,-104.989264,downtown
9731,39.860982,-104.67577,airport
9732,39.701914,-104.952862,wash_park
9733,39.763622,-104.960827,city_park
9734,39.751819,-105.009462,downtown
9735,39.712878,-104.973749,wash_park
9736,39.733012,-105.012603,downtown
9737,39.73528,-105.006726,downtown
9738,39.772975,-104.866031,central_park
9739,39.709833,-104.994378,wash_park
9740,39.774558,-104.877064,central_park
9741,39.72817,-104.993248,downtown
9742,39.738359,-104.947178,city_park
9743,39.77734,-104.879214,central_park
9744,39.764871,-104.879551,central_park
9745,39.724033,-104.985179,downtown
9746,39.749678,-104.983098,downtown
9747,39.735356,-105.02466,downtown
9748,39.721824,-104.992812,wash_park
9749,39.766995,-104.897992,central_park
9750,39.870438,-104.665206,airport
9751,39.738492,-104.99633,downtown
9752,39.778692,-104.878087,central_park
9753,39.747546,-104.936059,city_park
9754,39.749741,-104.980731,downtown
9755,39.760179,-104.949176,city_park
9756,39.742658,-104.936628,city_park
9757,39.745228,-104.994377,downtown
9758,39.706482,-104.984351,wash_park
9759,39.742747,-104.963854,city_park
9760,39.707647,-104.912777,wash_park
9761,39.868687,-104.676533,airport
9762,39.703474,-104.983165,wash_park
9763,39.719785,-104.999578,downtown
9764,39.852781,-104.667479,airport
9765,39.781714,-104.868323,central_park
9766,39.702646,-104.971015,wash_park
9767,39.772818,-104.897246,central_park
9768,39.84424,-104.682184,airport
9769,39.85441,-104.672448,airport
9770,39.737799,-104.940314,city_park
9771,39.757973,-104.991327,downtown
9772,39.85378,-104.670377,airport
9773,39.739945,-105.008113,downtown
9774,39.751548,-104.978288,downtown
9775,39.716801,-104.934936,wash_park
9776,39.756193,-104.972371,city_park
9777,39.708064,-104.969508,wash_park
9778,39.735687,-104.990838,downtown
9779,39.856218,-104.686163,airport
9780,39.706436,-104.989949,wash_park
9781,39.772931,-104.881765,central_park
9782,39.709318,-104.988056,wash_park
9783,39.865334,-104.682949,airport
9784,39.738426,-104.983409,downtown
9785,39.841396,-104.66609,airport
9786,39.763439,-104.975953,city_park
9787,39.73625,-104.988049,downtown
9788,39.743476,-104.931676,city_park
9789,39.696471,-104.962058,wash_park
9790,39.736111,-104.943958,city_park
9791,39.734379,-104.994398,downtown
9792,39.747158,-104.990424,downtown
9793,39.736361,-104.935782,city_park
9794,39.708115,-104.95985,wash_park
9795,39.742997,-104.984097,downtown
9796,39.747781,-104.862641,central_park
9797,39.743211,-104.967627,downtown
9798,39.755339,-104.957737,city_park
9799,39.76129,-105.003513,downtown
9800,39.761127,-104.988626,downtown
9801,39.716125,-104.970076,wash_park
9802,39.70416,-104.949734,wash_park
9803,39.70561,-104.964947,wash_park
9804,39.751429,-104.949581,city_park
9805,39.747677,-104.966491,city_park
9806,39.737461,-104.998043,downtown
9807,39.679462,-104.985555,wash_park
9808,39.744956,-105.012234,downtown
9809,39.754173,-104.868903,central_park
9810,39.753957,-104.958325,city_park
9811,39.751836,-104.917528,city_park
9812,39.730034,-104.992599,downtown
9813,39.750507,-104.975376,city_park
9814,39.750418,-104.974067,downtown
9815,39.775388,-104.867366,central_park
9816,39.739239,-104.998493,downtown
9817,39.745045,-105.008043,downtown
9818,39.703347,-104.988893,wash_park
9819,39.72644,-104.994563,downtown
9820,39.745364,-104.963185,downtown
9821,39.739135,-104.992095,downtown
9822,39.740982,-104.97009,downtown
9823,39.847729,-104.684705,airport
9824,39.706993,-104.960552,wash_park
9825,39.748418,-104.959954,city_park
9826,39.735451,-104.953754,city_park
9827,39.771646,-104.876623,central_park
9828,39.723622,-104.993112,downtown
9829,39.856363,-104.691989,airport
9830,39.751566,-104.995176,downtown
9831,39.775357,-104.951571,city_park
9832,39.850629,-104.651513,airport
9833,39.741887,-104.933554,city_park
9834,39.729227,-104.977172,downtown
9835,39.750398,-104.93854,city_park
9836,39.737037,-104.980019,downtown
9837,39.697473,-104.979527,wash_park
9838,39.869662,-104.674641,airport
9839,39.743606,-104.948838,city_park
9840,39.725885,-104.942358,wash_park
9841,39.740107,-104.993459,downtown
9842,39.845767,-104.684441,airport
9843,39.767148,-104.897995,central_park
9844,39.742909,-104.972393,downtown
9845,39.746035,-104.976435,downtown
9846,39.734952,-104.963821,city_park
9847,39.77765,-104.904926,central_park
9848,39.855363,-104.679912,airport
9849,39.720367,-104.980674,downtown
9850,39.690908,-104.97257,wash_park
9851,39.695918,-104.962419,wash_park
9852,39.761222,-104.884508,central_park
9853,39.778736,-104.898849,central_park
9854,39.748272,-104.939637,city_park
9855,39.732277,-104.971769,city_park
9856,39.732897,-104.991632,downtown
9857,39.733227,-104.988919,downtown
9858,39.729068,-104.9741,downtown
9859,39.735499,-104.999296,downtown
9860,39.863263,-104.67447,airport
9861,39.839374,-104.691414,airport
9862,39.743094,-104.975586,downtown
9863,39.738816,-105.002713,downtown
9864,39.742996,-104.964803,city_park
9865,39.750047,-104.985315,downtown
9866,39.750731,-104.97135,downtown
9867,39.750179,-104.972988,downtown
9868,39.752251,-104.937837,city_park
9869,39.73893,-104.997565,downtown
9870,39.698854,-104.981123,wash_park
9871,39.707834,-104.976489,wash_park
9872,39.702407,-104.956113,wash_park
9873,39.74549,-104.957662,downtown
9874,39.734139,-104.941491,city_park
9875,39.857513,-104.673339,airport
9876,39.733529,-104.946934,city_park
9877,39.704905,-104.978191,wash_park
9878,39.777371,-104.876485,central_park
9879,39.756317,-104.87832,central_park
9880,39.767894,-104.890735,central_park
9881,39.742066,-104.9461,city_park
9882,39.798501,-104.864822,central_park
9883,39.70818,-104.986167,wash_park
9884,39.740652,-104.985175,downtown
9885,39.762798,-104.965458,city_park
9886,39.839849,-104.651789,airport
9887,39.735504,-104.970781,downtown
9888,39.702778,-104.982207,wash_park
9889,39.776422,-104.892913,central_park
9890,39.753791,-104.925308,city_park
9891,39.727451,-104.984767,downtown
9892,39.741974,-105.01539,downtown
9893,39.72132,-104.948942,wash_park
9894,39.733935,-104.979102,downtown
9895,39.77805,-104.880897,central_park
9896,39.760904,-104.967179,city_park
9897,39.729175,-104.970025,city_park
9898,39.748927,-104.942024,city_park
9899,39.738938,-104.986739,downtown
9900,39.691126,-104.970849,wash_park
9901,39.734897,-104.942815,city_park
9902,39.739971,-104.975966,downtown
9903,39.84356,-104.683475,airport
9904,39.747149,-105.018324,downtown
9905,39.746822,-104.99458,downtown
9906,39.764785,-104.873566,central_park
9907,39.858264,-104.668456,airport
9908,39.701118,-104.98096,wash_park
9909,39.701379,-104.97012,wash_park
9910,39.756596,-104.952003,city_park
9911,39.732132,-104.998458,downtown
9912,39.733672,-104.969734,downtown
9913,39.730377,-104.982845,downtown
9914,39.746727,-104.970794,city_park
9915,39.863842,-104.682278,airport
9916,39.745984,-104.983051,downtown
9917,39.773506,-104.869358,central_park
9918,39.847302,-104.705348,airport
9919,39.846169,-104.666008,airport
9920,39.784139,-104.878414,central_park
9921,39.874217,-104.667766,airport
9922,39.732184,-104.991425,downtown
9923,39.747718,-104.979274,downtown
9924,39.704734,-104.970514,wash_park
9925,39.696332,-104.971024,wash_park
9926,39.743134,-104.995819,downtown
9927,39.7432,-104.996522,downtown
9928,39.764071,-104.93986,city_park
9929,39.742547,-104.981121,downtown
9930,39.722905,-104.948407,city_park
9931,39.736829,-104.987447,downtown
9932,39.702529,-104.974309,wash_park
9933,39.727245,-104.996854,downtown
9934,39.724952,-104.978069,downtown
9935,39.754483,-104.962578,city_park
9936,39.848363,-104.691061,airport
9937,39.862652,-104.687322,airport
9938,39.757288,-104.948737,city_park
9939,39.857208,-104.673004,airport
9940,39.730082,-104.963257,downtown
9941,39.8578,-104.66684,airport
9942,39.71735,-104.973979,wash_park
9943,39.709595,-104.997572,wash_park
9944,39.726004,-104.953405,city_park
9945,39.734093,-104.987059,downtown
9946,39.857551,-104.66733,airport
9947,39.703283,-104.958993,wash_park
9948,39.792054,-104.878645,central_park
9949,39.773542,-104.888255,central_park
9950,39.746116,-104.990716,downtown
9951,39.793116,-104.872776,central_park
9952,39.738828,-104.956542,city_park
9953,39.727358,-104.985581,downtown
9954,39.760029,-104.943625,city_park
9955,39.794059,-104.887997,central_park
9956,39.704063,-104.989136,wash_park
9957,39.884143,-104.693077,airport
9958,39.86766,-104.698871,airport
9959,39.743582,-104.954679,city_park
9960,39.736243,-104.991562,downtown
9961,39.83542,-104.680412,airport
9962,39.866148,-104.660573,airport
9963,39.857989,-104.655739,airport
9964,39.710902,-104.973543,wash_park
9965,39.726486,-104.971177,downtown
9966,39.732037,-104.954437,city_park
9967,39.734042,-104.987349,downtown
9968,39.73603,-104.973021,downtown
9969,39.841748,-104.679897,airport
9970,39.72338,-104.970493,wash_park
9971,39.716471,-104.982689,wash_park
9972,39.846906,-104.678953,airport
9973,39.757233,-104.957339,city_park
9974,39.743872,-104.986788,downtown
9975,39.741346,-104.977998,downtown
9976,39.741381,-104.949599,city_park
9977,39.734432,-105.004499,downtown
9978,39.738628,-104.968906,downtown
9979,39.760039,-104.951048,city_park
9980,39.722509,-105.007122,downtown
9981,39.74345,-105.004622,downtown
9982,39.731294,-104.985455,downtown
9983,39.740944,-104.992385,downtown
9984,39.732613,-104.96682,city_park
9985,39.715448,-104.993278,wash_park
9986,39.746401,-105.006572,downtown
9987,39.742272,-104.944241,city_park
9988,39.85038,-104.689361,airport
9989,39.764058,-104.870755,central_park
9990,39.76594,-104.928417,city_park
9991,39.747843,-104.977258,downtown
9992,39.731191,-104.999359,downtown
9993,39.759729,-104.906245,central_park
9994,39.747851,-105.004979,downtown
9995,39.853707,-104.661789,airport
9996,39.759636,-104.946674,city_park
9997,39.748762,-104.986975,downtown
9998,39.771283,-104.8786,central_park
9999,39.763356,-104.877118,central_park
10000,39.734255,-105.014812,downtown
